[{"fields":{"1":{"id":"1","type":"name","label":"YOUR NAME","format":"simple","description":"","required":"1","size":"large","simple_placeholder":"Enter your name","simple_default":"","first_placeholder":"First Name","first_default":"","middle_placeholder":"","middle_default":"","last_placeholder":"Last Name","last_default":"","css":"","sublabel_hide":"1"},"2":{"id":"2","type":"email","label":"YOUR EMAIL","description":"","required":"1","size":"large","placeholder":"Enter your email","confirmation_placeholder":"","default_value":false,"filter_type":"","allowlist":"","denylist":"","css":""},"3":{"id":"3","type":"textarea","label":"MESSAGE","description":"","size":"medium","placeholder":"Leave us a message","limit_count":"1","limit_mode":"characters","default_value":"","css":""}},"id":"498","field_id":5,"settings":{"form_title":"Simple Contact Form","form_desc":"","submit_text":"BOOK AN APPOINTMENT","submit_text_processing":"Sending...","form_class":"","submit_class":"div.wpforms-container-full .wpforms-form button[type=submit] {      margin: 0 auto !important;      display: block !important;      width: 100% !important; }","ajax_submit":"1","notification_enable":"1","notifications":{"1":{"email":"{admin_email}","subject":"New Message From Your Website","sender_name":"Super Blank Website","sender_address":"no-reply@appointment.instawp.xyz","replyto":"{field_id=\"2\"}","message":"{all_fields}","template":""}},"confirmations":{"1":{"type":"message","message":"\u003Cp\u003EThanks for contacting us! We will be in touch with you shortly.\u003C\/p\u003E","message_scroll":"1","page":"25","redirect":""}},"antispam_v3":"1","anti_spam":{"time_limit":{"enable":"1","duration":"2"},"filtering_store_spam":"1"},"form_tags":[],"store_spam_entries":"0"},"search_terms":"","meta":{"template":"simple-contact-form-template"}}]