{"blocks":[{"title":"More Great Workflow Automation Tools","content":"Build databases with Airtable and Notion, or use n8n to create complex workflows that integrate with your favorite services.","img":{"url":"https:\/\/plugin.wpforms.com\/wp-content\/uploads\/2026\/01\/airtable-notion-n8n-illustration-ns.png","type":"illustration","shadow":"no"},"featured":false,"new":true,"version":"1.9.9","type":["lite"],"buttons":{"main":{"url":"https:\/\/wpforms.com\/wpforms-lite-upgrade\/?utm_source=WordPress&utm_campaign=liteplugin&utm_medium=Whats New Splash&utm_content=Automation Tools Upgrade Now Lite","text":"Upgrade Now"},"alt":{"url":"https:\/\/wpforms.com\/integrations\/?utm_source=WordPress&utm_campaign=liteplugin&utm_medium=Whats New Splash&utm_content=Automation Tools Learn More Lite","text":"Learn More"}},"layout":"fifty-fifty"},{"title":"Skip the Upload, Just Record","content":"Allow your customers to take a photo or record a video in real time using their mobile device or webcam. Whether you use the new Camera field or the updated File Upload field, capturing visual information is now faster and easier than ever.","img":{"url":"https:\/\/plugin.wpforms.com\/wp-content\/uploads\/2026\/01\/camera-field-illustration-ns.png","type":"illustration","shadow":"no"},"featured":false,"new":true,"version":"1.9.9","type":["lite"],"buttons":{"main":{"url":"https:\/\/wpforms.com\/wpforms-lite-upgrade\/?utm_source=WordPress&utm_campaign=liteplugin&utm_medium=Whats New Splash&utm_content=Camera Field Upgrade Now Lite","text":"Upgrade Now"},"alt":{"url":"https:\/\/wpforms.com\/announcing-camera-field\/?utm_source=WordPress&utm_campaign=liteplugin&utm_medium=Whats New Splash&utm_content=Camera Field Learn More Lite","text":"Learn More"}},"layout":"fifty-fifty"},{"title":"PDF Addon: Everything You Asked For (and then some)","content":"Attach a PDF to entries or create documents, invoices, certificates, and more with over a dozen fully customizable templates to choose from.","img":{"url":"https:\/\/plugin.wpforms.com\/wp-content\/uploads\/2026\/01\/pdf-illustration-ns.png","type":"illustration","shadow":"no"},"featured":false,"new":true,"version":"1.9.9","type":["lite"],"buttons":{"main":{"url":"https:\/\/wpforms.com\/wpforms-lite-upgrade\/?utm_source=WordPress&utm_campaign=liteplugin&utm_medium=Whats New Splash&utm_content=PDF Addon Upgrade Now Lite","text":"Upgrade Now"},"alt":{"url":"https:\/\/wpforms.com\/announcing-pdf-addon\/?utm_source=WordPress&utm_campaign=liteplugin&utm_medium=Whats New Splash&utm_content=PDF Addon Learn More Lite","text":"Learn More"}},"layout":"fifty-fifty"},{"title":"Form Themes For Everyone","content":"Change colors, backgrounds, and borders with native controls. With full support for the Block Editor, Elementor, and now in our very own Form Builder, you can easily style your form no matter how you manage your site.","img":{"url":"https:\/\/plugin.wpforms.com\/wp-content\/uploads\/2026\/01\/form-themes-builder-hero.png","type":"hero"},"featured":false,"new":true,"version":"1.9.9","type":["lite"],"buttons":{"main":{"url":"https:\/\/wpforms.com\/docs\/styling-your-forms?utm_source=WordPress&utm_campaign=liteplugin&utm_medium=Whats New Splash&utm_content=Form Themes Try It Out Lite","text":"Try It Out"},"alt":{"url":"https:\/\/wpforms.com\/announcing-form-themes-for-all\/?utm_source=WordPress&utm_campaign=liteplugin&utm_medium=Whats New Splash&utm_content=Form Themes Learn More Lite","text":"Learn More"}},"layout":"full-width"},{"title":"Save Time on Manual Entry Exports","content":"Schedule recurring exports, set up task sequences, and make sure every submission lands where it needs to, automatically with the Entry Automation addon.","img":{"url":"https:\/\/plugin.wpforms.com\/wp-content\/uploads\/2026\/01\/entry-automation-illustration-ns.png","type":"illustration","shadow":"no"},"featured":false,"new":true,"version":"1.9.9","type":["lite"],"buttons":{"main":{"url":"https:\/\/wpforms.com\/wpforms-lite-upgrade\/?utm_source=WordPress&utm_campaign=liteplugin&utm_medium=Whats New Splash&utm_content=Entry Automation Addon Upgrade Now Lite","text":"Upgrade Now"},"alt":{"url":"https:\/\/wpforms.com\/announcing-entry-automation\/?utm_source=WordPress&utm_campaign=liteplugin&utm_medium=Whats New Splash&utm_content=Entry Automation Addon Learn More Lite","text":"Learn More"}},"layout":"fifty-fifty"},{"title":"Square Got a Major Upgrade","content":"See real-time payment statuses through webhooks and set up and manage recurring subscription payments. Oh, and Square is now available to everyone!","img":{"url":"https:\/\/plugin.wpforms.com\/wp-content\/uploads\/2026\/01\/square-icon-ns.png","type":"icon"},"featured":false,"new":true,"version":"1.9.9","type":["lite"],"buttons":{"main":{"url":"http:\/\/localhost:8080\/wp-admin\/admin.php?page=wpforms-addons","text":"Try It Out"},"alt":{"url":"https:\/\/wpforms.com\/announcing-square-webhooks\/?utm_source=WordPress&utm_campaign=liteplugin&utm_medium=Whats New Splash&utm_content=Square Addon Learn More Lite","text":"Learn More"}},"layout":"one-third-two-thirds"},{"title":"Generate Advanced Formulas with AI Calculations","content":"Simply describe what you want to calculate and create dynamic calculations. Real-time validation ensures your calculations are always accurate.","img":{"url":"https:\/\/plugin.wpforms.com\/wp-content\/uploads\/2025\/09\/ai-calculations-illustration-ns-1.png","type":"illustration","shadow":"no"},"featured":false,"new":false,"version":"1.9.7","type":["lite"],"buttons":{"main":{"url":"https:\/\/wpforms.com\/wpforms-lite-upgrade\/?utm_source=WordPress&utm_campaign=liteplugin&utm_medium=Whats New Splash&utm_content=AI Calculations Upgrade Now Lite","text":"Upgrade Now"},"alt":{"url":"https:\/\/wpforms.com\/announcing-ai-calculations\/?utm_source=WordPress&utm_campaign=liteplugin&utm_medium=Whats New Splash&utm_content=AI Calculations Learn More Lite","text":"Learn More"}},"layout":"fifty-fifty"},{"title":"Powerful New Integrations","content":"Power up WPForms with brand new integrations for Google Drive, Mailpoet, Pipedrive, Zoho CRM & Make.","img":{"url":"https:\/\/plugin.wpforms.com\/wp-content\/uploads\/2025\/07\/addons-197-illustration-ns.png","type":"illustration","shadow":"no"},"featured":false,"new":false,"version":"1.9.7","type":["lite"],"buttons":{"main":{"url":"http:\/\/localhost:8080\/wp-admin\/admin.php?page=wpforms-settings&view=integrations","text":"Get Started"},"alt":{"url":"https:\/\/wpforms.com\/integrations\/?utm_source=WordPress&utm_campaign=liteplugin&utm_medium=Whats New Splash&utm_content=Learn More Lite","text":"Learn More"}},"layout":"fifty-fifty"}]}