{"id-125566":{"title":"Web Design Agency","id":125566,"publish-date":1762184082,"featured-image-url":"https:\/\/websitedemos.net\/wp-content\/uploads\/2025\/11\/web-design-agency-09.jpg","thumbnail-image-url":"https:\/\/websitedemos.net\/wp-content\/uploads\/2025\/11\/web-design-agency-09-600x1886.jpg","fullpage-thumbnail-image-url":"https:\/\/websitedemos.net\/wp-content\/uploads\/2025\/11\/web-design-agency-09-400x1257.jpg","astra-site-url":"\/\/websitedemos.net\/web-design-agency-09","astra-site-parent-id":3757,"astra-sites-tag":{"663":"agency","399":"one-page","463":"single-page","2159":"web-design-agency"},"astra-sites-type":"free","astra-site-category":{"39":"free","36":"other"},"astra-sites-template-category":[],"astra-site-page-builder":"gutenberg","categories":{"2487":"agency"},"required-plugins":[{"slug":"ultimate-addons-for-gutenberg","init":"ultimate-addons-for-gutenberg\/ultimate-addons-for-gutenberg.php","name":"Spectra"}],"post-status":"publish","post-content":"","post-excerpt":"","pages":{"id-55567":{"title":"Home","featured-image-url":"https:\/\/websitedemos.net\/wp-content\/uploads\/2021\/05\/web-design-agency-09.jpg","thumbnail-image-url":"https:\/\/websitedemos.net\/wp-content\/uploads\/2021\/05\/web-design-agency-09-600x1886.jpg","astra-page-api-url":"https:\/\/websitedemos.net\/web-design-agency-09\/wp-json\/wp\/v2\/pages\/922","dynamic-page":"no","astra-page-url":"\/\/websitedemos.net\/web-design-agency-09\/","astra-sites-tag":{"423":"home"},"site-pages-type":"free","site-pages-page-builder":"gutenberg","site-pages-category":[],"site-pages-parent-category":{"61":"free","139":"other"},"required-plugins":[{"slug":"ultimate-addons-for-gutenberg","init":"ultimate-addons-for-gutenberg\/ultimate-addons-for-gutenberg.php","name":"Spectra"}],"spectra-ver":[]}},"spectra-ver":"v3","query_args":{"post_type":"astra-sites","post_status":["publish"],"fields":"ids","no_found_rows":true,"paged":2,"posts_per_page":15,"tax_query":{"relation":"AND","0":{"relation":"OR","0":{"taxonomy":"spectra-blocks-ver","field":"slug","terms":["v3"],"operator":"IN"},"1":{"taxonomy":"astra-site-page-builder","field":"slug","terms":"gutenberg","operator":"NOT IN"}},"1":{"taxonomy":"astra-sites-type","field":"slug","terms":["siteground"],"operator":"NOT IN"}}},"related-bb-template":"","related-elementor-template":"","related-gutenberg-template":"","related_ecommerce_template":"","ecommerce_parent_template":""},"id-125675":{"title":"Creative Blog","id":125675,"publish-date":1762184118,"featured-image-url":"https:\/\/websitedemos.net\/wp-content\/uploads\/2025\/10\/creative-blog-09.jpg","thumbnail-image-url":"https:\/\/websitedemos.net\/wp-content\/uploads\/2025\/10\/creative-blog-09-600x1491.jpg","fullpage-thumbnail-image-url":"https:\/\/websitedemos.net\/wp-content\/uploads\/2025\/10\/creative-blog-09-400x994.jpg","astra-site-url":"\/\/websitedemos.net\/creative-blog-09","astra-site-parent-id":3761,"astra-sites-tag":{"2209":"advertising","1652":"blogger","729":"blogging","2408":"creative-blog","2410":"design-blog","2646":"digital-blog","2412":"film-blog","509":"photography","3454":"podcast","2165":"style-influencer"},"astra-sites-type":"free","astra-site-category":{"37":"blog","39":"free"},"astra-sites-template-category":{"2828":"blog","2791":"creative","2774":"magazine"},"astra-site-page-builder":"gutenberg","categories":{"2497":"blog"},"required-plugins":[{"slug":"ultimate-addons-for-gutenberg","init":"ultimate-addons-for-gutenberg\/ultimate-addons-for-gutenberg.php","name":"Spectra"},{"slug":"sureforms","init":"sureforms\/sureforms.php","name":"SureForms"}],"post-status":"publish","post-content":"","post-excerpt":"","pages":{"id-126109":{"title":"About","featured-image-url":"https:\/\/websitedemos.net\/wp-content\/uploads\/2025\/10\/creative-blog-09-about.jpg","thumbnail-image-url":"https:\/\/websitedemos.net\/wp-content\/uploads\/2025\/10\/creative-blog-09-about-600x1282.jpg","astra-page-api-url":"https:\/\/websitedemos.net\/creative-blog-09\/wp-json\/wp\/v2\/pages\/1578","dynamic-page":"no","astra-page-url":"\/\/websitedemos.net\/creative-blog-09\/about\/","astra-sites-tag":{"352":"about"},"site-pages-type":"free","site-pages-page-builder":"gutenberg","site-pages-category":[],"site-pages-parent-category":{"74":"blog","61":"free"},"required-plugins":[{"slug":"ultimate-addons-for-gutenberg","init":"ultimate-addons-for-gutenberg\/ultimate-addons-for-gutenberg.php","name":"Spectra"}],"spectra-ver":"v3"},"id-126110":{"title":"Contact","featured-image-url":"https:\/\/websitedemos.net\/wp-content\/uploads\/2025\/10\/creative-blog-09-contact.jpg","thumbnail-image-url":"https:\/\/websitedemos.net\/wp-content\/uploads\/2025\/10\/creative-blog-09-contact-600x856.jpg","astra-page-api-url":"https:\/\/websitedemos.net\/creative-blog-09\/wp-json\/wp\/v2\/pages\/1582","dynamic-page":"no","astra-page-url":"\/\/websitedemos.net\/creative-blog-09\/contact\/","astra-sites-tag":{"415":"contact"},"site-pages-type":"free","site-pages-page-builder":"gutenberg","site-pages-category":[],"site-pages-parent-category":{"74":"blog","61":"free"},"required-plugins":[{"slug":"ultimate-addons-for-gutenberg","init":"ultimate-addons-for-gutenberg\/ultimate-addons-for-gutenberg.php","name":"Spectra"},{"slug":"sureforms","init":"sureforms\/sureforms.php","name":"SureForms"}],"spectra-ver":"v3"},"id-126111":{"title":"Home","featured-image-url":"https:\/\/websitedemos.net\/wp-content\/uploads\/2025\/10\/creative-blog-09.jpg","thumbnail-image-url":"https:\/\/websitedemos.net\/wp-content\/uploads\/2025\/10\/creative-blog-09-600x1491.jpg","astra-page-api-url":"https:\/\/websitedemos.net\/creative-blog-09\/wp-json\/wp\/v2\/pages\/776","dynamic-page":"no","astra-page-url":"\/\/websitedemos.net\/creative-blog-09\/","astra-sites-tag":{"423":"home"},"site-pages-type":"free","site-pages-page-builder":"gutenberg","site-pages-category":[],"site-pages-parent-category":{"74":"blog","61":"free"},"required-plugins":[{"slug":"ultimate-addons-for-gutenberg","init":"ultimate-addons-for-gutenberg\/ultimate-addons-for-gutenberg.php","name":"Spectra"},{"slug":"sureforms","init":"sureforms\/sureforms.php","name":"SureForms"}],"spectra-ver":"v3"},"id-126112":{"title":"Podcasts","featured-image-url":"https:\/\/websitedemos.net\/wp-content\/uploads\/2025\/10\/creative-blog-09-podcast.jpg","thumbnail-image-url":"https:\/\/websitedemos.net\/wp-content\/uploads\/2025\/10\/creative-blog-09-podcast-600x896.jpg","astra-page-api-url":"https:\/\/websitedemos.net\/creative-blog-09\/wp-json\/wp\/v2\/pages\/1584","dynamic-page":"no","astra-page-url":"\/\/websitedemos.net\/creative-blog-09\/podcasts\/","astra-sites-tag":{"2270":"podcasts"},"site-pages-type":"free","site-pages-page-builder":"gutenberg","site-pages-category":[],"site-pages-parent-category":{"74":"blog","61":"free"},"required-plugins":[{"slug":"ultimate-addons-for-gutenberg","init":"ultimate-addons-for-gutenberg\/ultimate-addons-for-gutenberg.php","name":"Spectra"}],"spectra-ver":"v3"}},"spectra-ver":"v3","query_args":{"post_type":"astra-sites","post_status":["publish"],"fields":"ids","no_found_rows":true,"paged":2,"posts_per_page":15,"tax_query":{"relation":"AND","0":{"relation":"OR","0":{"taxonomy":"spectra-blocks-ver","field":"slug","terms":["v3"],"operator":"IN"},"1":{"taxonomy":"astra-site-page-builder","field":"slug","terms":"gutenberg","operator":"NOT IN"}},"1":{"taxonomy":"astra-sites-type","field":"slug","terms":["siteground"],"operator":"NOT IN"}}},"related-bb-template":"","related-elementor-template":"","related-gutenberg-template":"","related_ecommerce_template":"","ecommerce_parent_template":""},"id-126155":{"title":"Construction Company","id":126155,"publish-date":1762184251,"featured-image-url":"https:\/\/websitedemos.net\/wp-content\/uploads\/2025\/10\/construction-company-09.jpg","thumbnail-image-url":"https:\/\/websitedemos.net\/wp-content\/uploads\/2025\/10\/construction-company-09-600x2618.jpg","fullpage-thumbnail-image-url":"https:\/\/websitedemos.net\/wp-content\/uploads\/2025\/10\/construction-company-09-400x1745.jpg","astra-site-url":"\/\/websitedemos.net\/construction-company-09","astra-site-parent-id":3766,"astra-sites-tag":{"435":"architecture","3078":"builder","692":"business","484":"construction","795":"contractor","485":"real-estate"},"astra-sites-type":"free","astra-site-category":{"27":"business","39":"free"},"astra-sites-template-category":{"2795":"architecture","2836":"construction","2778":"real-estate"},"astra-site-page-builder":"gutenberg","categories":{"2484":"real-estate"},"required-plugins":[{"slug":"ultimate-addons-for-gutenberg","init":"ultimate-addons-for-gutenberg\/ultimate-addons-for-gutenberg.php","name":"Spectra"},{"slug":"sureforms","init":"sureforms\/sureforms.php","name":"SureForms"}],"post-status":"publish","post-content":"","post-excerpt":"","pages":{"id-126158":{"title":"Home","featured-image-url":"https:\/\/websitedemos.net\/wp-content\/uploads\/2025\/10\/construction-company-09.jpg","thumbnail-image-url":"https:\/\/websitedemos.net\/wp-content\/uploads\/2025\/10\/construction-company-09-600x2618.jpg","astra-page-api-url":"https:\/\/websitedemos.net\/construction-company-09\/wp-json\/wp\/v2\/pages\/493","dynamic-page":"no","astra-page-url":"\/\/websitedemos.net\/construction-company-09\/","astra-sites-tag":[],"site-pages-type":"free","site-pages-page-builder":"gutenberg","site-pages-category":[],"site-pages-parent-category":{"60":"business","61":"free"},"required-plugins":[{"slug":"ultimate-addons-for-gutenberg","init":"ultimate-addons-for-gutenberg\/ultimate-addons-for-gutenberg.php","name":"Spectra"},{"slug":"sureforms","init":"sureforms\/sureforms.php","name":"SureForms"}],"spectra-ver":"v3"},"id-126156":{"title":"About","featured-image-url":"https:\/\/websitedemos.net\/wp-content\/uploads\/2025\/10\/construction-company-09-about.jpg","thumbnail-image-url":"https:\/\/websitedemos.net\/wp-content\/uploads\/2025\/10\/construction-company-09-about-600x1664.jpg","astra-page-api-url":"https:\/\/websitedemos.net\/construction-company-09\/wp-json\/wp\/v2\/pages\/499","dynamic-page":"no","astra-page-url":"\/\/websitedemos.net\/construction-company-09\/about\/","astra-sites-tag":[],"site-pages-type":"free","site-pages-page-builder":"gutenberg","site-pages-category":[],"site-pages-parent-category":{"60":"business","61":"free"},"required-plugins":[{"slug":"ultimate-addons-for-gutenberg","init":"ultimate-addons-for-gutenberg\/ultimate-addons-for-gutenberg.php","name":"Spectra"}],"spectra-ver":"v3"},"id-126157":{"title":"Contact Us","featured-image-url":"https:\/\/websitedemos.net\/wp-content\/uploads\/2025\/10\/construction-company-09-contact.jpg","thumbnail-image-url":"https:\/\/websitedemos.net\/wp-content\/uploads\/2025\/10\/construction-company-09-contact-600x1495.jpg","astra-page-api-url":"https:\/\/websitedemos.net\/construction-company-09\/wp-json\/wp\/v2\/pages\/501","dynamic-page":"no","astra-page-url":"\/\/websitedemos.net\/construction-company-09\/contact\/","astra-sites-tag":[],"site-pages-type":"free","site-pages-page-builder":"gutenberg","site-pages-category":[],"site-pages-parent-category":{"60":"business","61":"free"},"required-plugins":[{"slug":"ultimate-addons-for-gutenberg","init":"ultimate-addons-for-gutenberg\/ultimate-addons-for-gutenberg.php","name":"Spectra"},{"slug":"sureforms","init":"sureforms\/sureforms.php","name":"SureForms"}],"spectra-ver":"v3"},"id-126159":{"title":"Projects","featured-image-url":"https:\/\/websitedemos.net\/wp-content\/uploads\/2025\/10\/construction-company-09-projects.jpg","thumbnail-image-url":"https:\/\/websitedemos.net\/wp-content\/uploads\/2025\/10\/construction-company-09-projects-600x1191.jpg","astra-page-api-url":"https:\/\/websitedemos.net\/construction-company-09\/wp-json\/wp\/v2\/pages\/495","dynamic-page":"no","astra-page-url":"\/\/websitedemos.net\/construction-company-09\/projects\/","astra-sites-tag":[],"site-pages-type":"free","site-pages-page-builder":"gutenberg","site-pages-category":[],"site-pages-parent-category":{"60":"business","61":"free"},"required-plugins":[{"slug":"ultimate-addons-for-gutenberg","init":"ultimate-addons-for-gutenberg\/ultimate-addons-for-gutenberg.php","name":"Spectra"}],"spectra-ver":"v3"},"id-126160":{"title":"Services","featured-image-url":"https:\/\/websitedemos.net\/wp-content\/uploads\/2025\/10\/construction-company-09-services.jpg","thumbnail-image-url":"https:\/\/websitedemos.net\/wp-content\/uploads\/2025\/10\/construction-company-09-services-600x1119.jpg","astra-page-api-url":"https:\/\/websitedemos.net\/construction-company-09\/wp-json\/wp\/v2\/pages\/497","dynamic-page":"no","astra-page-url":"\/\/websitedemos.net\/construction-company-09\/services\/","astra-sites-tag":[],"site-pages-type":"free","site-pages-page-builder":"gutenberg","site-pages-category":[],"site-pages-parent-category":{"60":"business","61":"free"},"required-plugins":[{"slug":"ultimate-addons-for-gutenberg","init":"ultimate-addons-for-gutenberg\/ultimate-addons-for-gutenberg.php","name":"Spectra"}],"spectra-ver":"v3"}},"spectra-ver":"v3","query_args":{"post_type":"astra-sites","post_status":["publish"],"fields":"ids","no_found_rows":true,"paged":2,"posts_per_page":15,"tax_query":{"relation":"AND","0":{"relation":"OR","0":{"taxonomy":"spectra-blocks-ver","field":"slug","terms":["v3"],"operator":"IN"},"1":{"taxonomy":"astra-site-page-builder","field":"slug","terms":"gutenberg","operator":"NOT IN"}},"1":{"taxonomy":"astra-sites-type","field":"slug","terms":["siteground"],"operator":"NOT IN"}}},"related-bb-template":"","related-elementor-template":"","related-gutenberg-template":"","related_ecommerce_template":"","ecommerce_parent_template":""},"id-125597":{"title":"Generic","id":125597,"publish-date":1762184153,"featured-image-url":"https:\/\/websitedemos.net\/wp-content\/uploads\/2025\/11\/generic-09.jpg","thumbnail-image-url":"https:\/\/websitedemos.net\/wp-content\/uploads\/2025\/11\/generic-09-600x1830.jpg","fullpage-thumbnail-image-url":"https:\/\/websitedemos.net\/wp-content\/uploads\/2025\/11\/generic-09-400x1220.jpg","astra-site-url":"\/\/websitedemos.net\/generic-09","astra-site-parent-id":3759,"astra-sites-tag":{"2456":"generic","2667":"generic-template","1526":"multi-purpose","2493":"multipurpose"},"astra-sites-type":"free","astra-site-category":{"36":"other"},"astra-sites-template-category":{"2860":"multipurpose","2797":"simple-minimal"},"astra-site-page-builder":"gutenberg","categories":{"3428":"free","2500":"multipurpose"},"required-plugins":[{"slug":"ultimate-addons-for-gutenberg","init":"ultimate-addons-for-gutenberg\/ultimate-addons-for-gutenberg.php","name":"Spectra"},{"slug":"sureforms","init":"sureforms\/sureforms.php","name":"SureForms"}],"post-status":"publish","post-content":"","post-excerpt":"","pages":{"id-125598":{"title":"About","featured-image-url":"https:\/\/websitedemos.net\/wp-content\/uploads\/2025\/11\/generic-09-about.jpg","thumbnail-image-url":"https:\/\/websitedemos.net\/wp-content\/uploads\/2025\/11\/generic-09-about-600x884.jpg","astra-page-api-url":"https:\/\/websitedemos.net\/generic-09\/wp-json\/wp\/v2\/pages\/22","dynamic-page":"no","astra-page-url":"\/\/websitedemos.net\/generic-09\/about\/","astra-sites-tag":{"352":"about"},"site-pages-type":"free","site-pages-page-builder":"gutenberg","site-pages-category":[],"site-pages-parent-category":{"139":"other"},"required-plugins":[{"slug":"ultimate-addons-for-gutenberg","init":"ultimate-addons-for-gutenberg\/ultimate-addons-for-gutenberg.php","name":"Spectra"}],"spectra-ver":"v3"},"id-125599":{"title":"Home","featured-image-url":"https:\/\/websitedemos.net\/wp-content\/uploads\/2025\/11\/generic-09.jpg","thumbnail-image-url":"https:\/\/websitedemos.net\/wp-content\/uploads\/2025\/11\/generic-09-600x1830.jpg","astra-page-api-url":"https:\/\/websitedemos.net\/generic-09\/wp-json\/wp\/v2\/pages\/20","dynamic-page":"no","astra-page-url":"\/\/websitedemos.net\/generic-09\/","astra-sites-tag":{"423":"home"},"site-pages-type":"free","site-pages-page-builder":"gutenberg","site-pages-category":[],"site-pages-parent-category":{"139":"other"},"required-plugins":[{"slug":"ultimate-addons-for-gutenberg","init":"ultimate-addons-for-gutenberg\/ultimate-addons-for-gutenberg.php","name":"Spectra"}],"spectra-ver":"v3"},"id-125600":{"title":"Offerings","featured-image-url":"https:\/\/websitedemos.net\/wp-content\/uploads\/2025\/11\/generic-09-offerings.jpg","thumbnail-image-url":"https:\/\/websitedemos.net\/wp-content\/uploads\/2025\/11\/generic-09-offerings-600x1254.jpg","astra-page-api-url":"https:\/\/websitedemos.net\/generic-09\/wp-json\/wp\/v2\/pages\/24","dynamic-page":"no","astra-page-url":"\/\/websitedemos.net\/generic-09\/offerings\/","astra-sites-tag":{"3617":"offerings"},"site-pages-type":"free","site-pages-page-builder":"gutenberg","site-pages-category":[],"site-pages-parent-category":{"139":"other"},"required-plugins":[{"slug":"ultimate-addons-for-gutenberg","init":"ultimate-addons-for-gutenberg\/ultimate-addons-for-gutenberg.php","name":"Spectra"}],"spectra-ver":"v3"},"id-88185":{"title":"Contact","featured-image-url":"https:\/\/websitedemos.net\/wp-content\/uploads\/2024\/04\/generic-09-contact-490x1024-1.jpg","thumbnail-image-url":"https:\/\/websitedemos.net\/wp-content\/uploads\/2024\/04\/generic-09-contact-490x1024-1-600x892.jpg","astra-page-api-url":"https:\/\/websitedemos.net\/generic-09\/wp-json\/wp\/v2\/pages\/26","dynamic-page":"no","astra-page-url":"\/\/websitedemos.net\/generic-09\/contact\/","astra-sites-tag":{"415":"contact"},"site-pages-type":"free","site-pages-page-builder":"gutenberg","site-pages-category":[],"site-pages-parent-category":{"139":"other"},"required-plugins":[{"slug":"ultimate-addons-for-gutenberg","init":"ultimate-addons-for-gutenberg\/ultimate-addons-for-gutenberg.php","name":"Spectra"},{"slug":"sureforms","init":"sureforms\/sureforms.php","name":"SureForms"}],"spectra-ver":"v3"}},"spectra-ver":"v3","query_args":{"post_type":"astra-sites","post_status":["publish"],"fields":"ids","no_found_rows":true,"paged":2,"posts_per_page":15,"tax_query":{"relation":"AND","0":{"relation":"OR","0":{"taxonomy":"spectra-blocks-ver","field":"slug","terms":["v3"],"operator":"IN"},"1":{"taxonomy":"astra-site-page-builder","field":"slug","terms":"gutenberg","operator":"NOT IN"}},"1":{"taxonomy":"astra-sites-type","field":"slug","terms":["siteground"],"operator":"NOT IN"}}},"related-bb-template":"","related-elementor-template":"","related-gutenberg-template":"","related_ecommerce_template":"","ecommerce_parent_template":""},"id-125124":{"title":"Simply Natural","id":125124,"publish-date":1762184274,"featured-image-url":"https:\/\/websitedemos.net\/wp-content\/uploads\/2025\/10\/plant-store-09.jpg","thumbnail-image-url":"https:\/\/websitedemos.net\/wp-content\/uploads\/2025\/10\/plant-store-09-600x2263.jpg","fullpage-thumbnail-image-url":"https:\/\/websitedemos.net\/wp-content\/uploads\/2025\/10\/plant-store-09-400x1508.jpg","astra-site-url":"\/\/websitedemos.net\/plant-store-09","astra-site-parent-id":3752,"astra-sites-tag":{"2418":"commerce","1017":"e-commerce","496":"ecommerce","2419":"eshopping","535":"nature","2422":"online-market","2420":"online-shopping","383":"online-store","497":"plant-store","495":"plants","2421":"purchases","2417":"reseller","733":"shop","2416":"shopping","749":"store","1024":"woocommerce"},"astra-sites-type":"free","astra-site-category":{"38":"ecommerce","39":"free"},"astra-sites-template-category":{"2769":"ecommerce","2857":"online-shopping"},"astra-site-page-builder":"gutenberg","categories":{"3427":"default","2495":"ecommerce","3428":"free","2476":"gardening"},"required-plugins":[{"slug":"astra-widgets","init":"astra-widgets\/astra-widgets.php","name":"Astra Widgets"},{"slug":"ultimate-addons-for-gutenberg","init":"ultimate-addons-for-gutenberg\/ultimate-addons-for-gutenberg.php","name":"Spectra"},{"slug":"sureforms","init":"sureforms\/sureforms.php","name":"SureForms"},{"slug":"variation-swatches-woo","init":"variation-swatches-woo\/variation-swatches-woo.php","name":"Variation Swatches for WooCommerce"},{"slug":"woocommerce","init":"woocommerce\/woocommerce.php","name":"WooCommerce"},{"slug":"woo-cart-abandonment-recovery","init":"woo-cart-abandonment-recovery\/woo-cart-abandonment-recovery.php","name":"WooCommerce Cart Abandonment Recovery"},{"slug":"woocommerce-payments","init":"woocommerce-payments\/woocommerce-payments.php","name":"WooPayments"}],"post-status":"publish","post-content":"","post-excerpt":"","pages":{"id-125127":{"title":"Home","featured-image-url":"https:\/\/websitedemos.net\/wp-content\/uploads\/2025\/10\/plant-store-09.jpg","thumbnail-image-url":"https:\/\/websitedemos.net\/wp-content\/uploads\/2025\/10\/plant-store-09-600x2263.jpg","astra-page-api-url":"https:\/\/websitedemos.net\/plant-store-09\/wp-json\/wp\/v2\/pages\/1717","dynamic-page":"yes","astra-page-url":"\/\/websitedemos.net\/plant-store-09\/","astra-sites-tag":{"423":"home"},"site-pages-type":"free","site-pages-page-builder":"gutenberg","site-pages-category":[],"site-pages-parent-category":{"64":"ecommerce","61":"free"},"required-plugins":[{"slug":"astra-widgets","init":"astra-widgets\/astra-widgets.php","name":"Astra Widgets"},{"slug":"ultimate-addons-for-gutenberg","init":"ultimate-addons-for-gutenberg\/ultimate-addons-for-gutenberg.php","name":"Spectra"},{"slug":"variation-swatches-woo","init":"variation-swatches-woo\/variation-swatches-woo.php","name":"Variation Swatches for WooCommerce"},{"slug":"woocommerce","init":"woocommerce\/woocommerce.php","name":"WooCommerce"},{"slug":"woo-cart-abandonment-recovery","init":"woo-cart-abandonment-recovery\/woo-cart-abandonment-recovery.php","name":"WooCommerce Cart Abandonment Recovery"},{"slug":"woocommerce-payments","init":"woocommerce-payments\/woocommerce-payments.php","name":"WooPayments"}],"spectra-ver":"v3"},"id-125125":{"title":"About Us","featured-image-url":"https:\/\/websitedemos.net\/wp-content\/uploads\/2025\/10\/plant-store-09-about-us.jpg","thumbnail-image-url":"https:\/\/websitedemos.net\/wp-content\/uploads\/2025\/10\/plant-store-09-about-us-600x1926.jpg","astra-page-api-url":"https:\/\/websitedemos.net\/plant-store-09\/wp-json\/wp\/v2\/pages\/119","dynamic-page":"no","astra-page-url":"\/\/websitedemos.net\/plant-store-09\/about-us\/","astra-sites-tag":{"352":"about"},"site-pages-type":"free","site-pages-page-builder":"gutenberg","site-pages-category":[],"site-pages-parent-category":{"64":"ecommerce","61":"free"},"required-plugins":[{"slug":"astra-widgets","init":"astra-widgets\/astra-widgets.php","name":"Astra Widgets"},{"slug":"ultimate-addons-for-gutenberg","init":"ultimate-addons-for-gutenberg\/ultimate-addons-for-gutenberg.php","name":"Spectra"}],"spectra-ver":"v3"},"id-125126":{"title":"Contact Us","featured-image-url":"https:\/\/websitedemos.net\/wp-content\/uploads\/2025\/10\/plant-store-09-contact-us.jpg","thumbnail-image-url":"https:\/\/websitedemos.net\/wp-content\/uploads\/2025\/10\/plant-store-09-contact-us-600x886.jpg","astra-page-api-url":"https:\/\/websitedemos.net\/plant-store-09\/wp-json\/wp\/v2\/pages\/120","dynamic-page":"no","astra-page-url":"\/\/websitedemos.net\/plant-store-09\/contact-us\/","astra-sites-tag":{"415":"contact"},"site-pages-type":"free","site-pages-page-builder":"gutenberg","site-pages-category":[],"site-pages-parent-category":{"64":"ecommerce","61":"free"},"required-plugins":[{"slug":"astra-widgets","init":"astra-widgets\/astra-widgets.php","name":"Astra Widgets"},{"slug":"ultimate-addons-for-gutenberg","init":"ultimate-addons-for-gutenberg\/ultimate-addons-for-gutenberg.php","name":"Spectra"},{"slug":"sureforms","init":"sureforms\/sureforms.php","name":"SureForms"}],"spectra-ver":"v3"}},"spectra-ver":"v3","query_args":{"post_type":"astra-sites","post_status":["publish"],"fields":"ids","no_found_rows":true,"paged":2,"posts_per_page":15,"tax_query":{"relation":"AND","0":{"relation":"OR","0":{"taxonomy":"spectra-blocks-ver","field":"slug","terms":["v3"],"operator":"IN"},"1":{"taxonomy":"astra-site-page-builder","field":"slug","terms":"gutenberg","operator":"NOT IN"}},"1":{"taxonomy":"astra-sites-type","field":"slug","terms":["siteground"],"operator":"NOT IN"}}},"related-bb-template":"","related-elementor-template":"","related-gutenberg-template":"","related_ecommerce_template":"","ecommerce_parent_template":""},"id-133172":{"title":"Roofing Agency","id":133172,"publish-date":1762198777,"featured-image-url":"https:\/\/websitedemos.net\/wp-content\/uploads\/2025\/11\/roofing-agency-09.jpg","thumbnail-image-url":"https:\/\/websitedemos.net\/wp-content\/uploads\/2025\/11\/roofing-agency-09-600x3001.jpg","fullpage-thumbnail-image-url":"https:\/\/websitedemos.net\/wp-content\/uploads\/2025\/11\/roofing-agency-09-400x2001.jpg","astra-site-url":"\/\/websitedemos.net\/roofing-agency-09","astra-site-parent-id":3783,"astra-sites-tag":[],"astra-sites-type":"free","astra-site-category":{"27":"business","39":"free"},"astra-sites-template-category":[],"astra-site-page-builder":"gutenberg","categories":[],"required-plugins":[{"slug":"ultimate-addons-for-gutenberg","init":"ultimate-addons-for-gutenberg\/ultimate-addons-for-gutenberg.php","name":"Spectra"},{"slug":"sureforms","init":"sureforms\/sureforms.php","name":"SureForms"}],"post-status":"publish","post-content":"","post-excerpt":"","pages":{"id-133173":{"title":"About","featured-image-url":"https:\/\/websitedemos.net\/wp-content\/uploads\/2025\/11\/roofing-agency-09-about.jpg","thumbnail-image-url":"https:\/\/websitedemos.net\/wp-content\/uploads\/2025\/11\/roofing-agency-09-about-600x1749.jpg","astra-page-api-url":"https:\/\/websitedemos.net\/roofing-agency-09\/wp-json\/wp\/v2\/pages\/908","dynamic-page":"no","astra-page-url":"\/\/websitedemos.net\/roofing-agency-09\/about\/","astra-sites-tag":{"352":"about"},"site-pages-type":"free","site-pages-page-builder":"gutenberg","site-pages-category":[],"site-pages-parent-category":{"60":"business","61":"free"},"required-plugins":[{"slug":"ultimate-addons-for-gutenberg","init":"ultimate-addons-for-gutenberg\/ultimate-addons-for-gutenberg.php","name":"Spectra"}],"spectra-ver":[]},"id-133174":{"title":"Contact","featured-image-url":"https:\/\/websitedemos.net\/wp-content\/uploads\/2025\/11\/roofing-agency-09-contact.jpg","thumbnail-image-url":"https:\/\/websitedemos.net\/wp-content\/uploads\/2025\/11\/roofing-agency-09-contact-600x1169.jpg","astra-page-api-url":"https:\/\/websitedemos.net\/roofing-agency-09\/wp-json\/wp\/v2\/pages\/914","dynamic-page":"no","astra-page-url":"\/\/websitedemos.net\/roofing-agency-09\/contact\/","astra-sites-tag":{"415":"contact"},"site-pages-type":"free","site-pages-page-builder":"gutenberg","site-pages-category":[],"site-pages-parent-category":{"60":"business","61":"free"},"required-plugins":[{"slug":"ultimate-addons-for-gutenberg","init":"ultimate-addons-for-gutenberg\/ultimate-addons-for-gutenberg.php","name":"Spectra"},{"slug":"sureforms","init":"sureforms\/sureforms.php","name":"SureForms"}],"spectra-ver":[]},"id-133175":{"title":"Home","featured-image-url":"https:\/\/websitedemos.net\/wp-content\/uploads\/2025\/11\/roofing-agency-09.jpg","thumbnail-image-url":"https:\/\/websitedemos.net\/wp-content\/uploads\/2025\/11\/roofing-agency-09-600x3001.jpg","astra-page-api-url":"https:\/\/websitedemos.net\/roofing-agency-09\/wp-json\/wp\/v2\/pages\/906","dynamic-page":"no","astra-page-url":"\/\/websitedemos.net\/roofing-agency-09\/","astra-sites-tag":{"423":"home"},"site-pages-type":"free","site-pages-page-builder":"gutenberg","site-pages-category":[],"site-pages-parent-category":{"60":"business","61":"free"},"required-plugins":[{"slug":"ultimate-addons-for-gutenberg","init":"ultimate-addons-for-gutenberg\/ultimate-addons-for-gutenberg.php","name":"Spectra"},{"slug":"sureforms","init":"sureforms\/sureforms.php","name":"SureForms"}],"spectra-ver":[]},"id-133176":{"title":"Projects","featured-image-url":"https:\/\/websitedemos.net\/wp-content\/uploads\/2025\/11\/roofing-agency-09-projects.jpg","thumbnail-image-url":"https:\/\/websitedemos.net\/wp-content\/uploads\/2025\/11\/roofing-agency-09-projects-600x1100.jpg","astra-page-api-url":"https:\/\/websitedemos.net\/roofing-agency-09\/wp-json\/wp\/v2\/pages\/910","dynamic-page":"no","astra-page-url":"\/\/websitedemos.net\/roofing-agency-09\/projects\/","astra-sites-tag":{"1613":"projects"},"site-pages-type":"free","site-pages-page-builder":"gutenberg","site-pages-category":[],"site-pages-parent-category":{"60":"business","61":"free"},"required-plugins":[{"slug":"ultimate-addons-for-gutenberg","init":"ultimate-addons-for-gutenberg\/ultimate-addons-for-gutenberg.php","name":"Spectra"}],"spectra-ver":[]},"id-133177":{"title":"Services","featured-image-url":"https:\/\/websitedemos.net\/wp-content\/uploads\/2025\/11\/roofing-agency-09-services.jpg","thumbnail-image-url":"https:\/\/websitedemos.net\/wp-content\/uploads\/2025\/11\/roofing-agency-09-services-600x1168.jpg","astra-page-api-url":"https:\/\/websitedemos.net\/roofing-agency-09\/wp-json\/wp\/v2\/pages\/912","dynamic-page":"no","astra-page-url":"\/\/websitedemos.net\/roofing-agency-09\/services\/","astra-sites-tag":{"425":"services"},"site-pages-type":"free","site-pages-page-builder":"gutenberg","site-pages-category":[],"site-pages-parent-category":{"60":"business","61":"free"},"required-plugins":[{"slug":"ultimate-addons-for-gutenberg","init":"ultimate-addons-for-gutenberg\/ultimate-addons-for-gutenberg.php","name":"Spectra"},{"slug":"sureforms","init":"sureforms\/sureforms.php","name":"SureForms"}],"spectra-ver":[]}},"spectra-ver":"v3","query_args":{"post_type":"astra-sites","post_status":["publish"],"fields":"ids","no_found_rows":true,"paged":2,"posts_per_page":15,"tax_query":{"relation":"AND","0":{"relation":"OR","0":{"taxonomy":"spectra-blocks-ver","field":"slug","terms":["v3"],"operator":"IN"},"1":{"taxonomy":"astra-site-page-builder","field":"slug","terms":"gutenberg","operator":"NOT IN"}},"1":{"taxonomy":"astra-sites-type","field":"slug","terms":["siteground"],"operator":"NOT IN"}}},"related-bb-template":"","related-elementor-template":"","related-gutenberg-template":"","related_ecommerce_template":"","ecommerce_parent_template":""},"id-126078":{"title":"Electrician","id":126078,"publish-date":1762184494,"featured-image-url":"https:\/\/websitedemos.net\/wp-content\/uploads\/2025\/10\/electrician-09.jpg","thumbnail-image-url":"https:\/\/websitedemos.net\/wp-content\/uploads\/2025\/10\/electrician-09-600x2117.jpg","fullpage-thumbnail-image-url":"https:\/\/websitedemos.net\/wp-content\/uploads\/2025\/10\/electrician-09-400x1411.jpg","astra-site-url":"\/\/websitedemos.net\/electrician-09","astra-site-parent-id":3763,"astra-sites-tag":{"341":"electrician","1021":"local-business","439":"local-services","671":"service-provider"},"astra-sites-type":"free","astra-site-category":{"27":"business","39":"free"},"astra-sites-template-category":{"2815":"electrician","2831":"service"},"astra-site-page-builder":"gutenberg","categories":{"2471":"local-technician"},"required-plugins":[{"slug":"ultimate-addons-for-gutenberg","init":"ultimate-addons-for-gutenberg\/ultimate-addons-for-gutenberg.php","name":"Spectra"},{"slug":"sureforms","init":"sureforms\/sureforms.php","name":"SureForms"}],"post-status":"publish","post-content":"","post-excerpt":"","pages":{"id-126079":{"title":"About Us","featured-image-url":"https:\/\/websitedemos.net\/wp-content\/uploads\/2025\/10\/electrician-09-about.jpg","thumbnail-image-url":"https:\/\/websitedemos.net\/wp-content\/uploads\/2025\/10\/electrician-09-about-600x1430.jpg","astra-page-api-url":"https:\/\/websitedemos.net\/electrician-09\/wp-json\/wp\/v2\/pages\/1399","dynamic-page":"yes","astra-page-url":"\/\/websitedemos.net\/electrician-09\/about-us\/","astra-sites-tag":{"352":"about"},"site-pages-type":"free","site-pages-page-builder":"gutenberg","site-pages-category":[],"site-pages-parent-category":{"60":"business","61":"free"},"required-plugins":[{"slug":"ultimate-addons-for-gutenberg","init":"ultimate-addons-for-gutenberg\/ultimate-addons-for-gutenberg.php","name":"Spectra"},{"slug":"sureforms","init":"sureforms\/sureforms.php","name":"SureForms"}],"spectra-ver":"v3"},"id-126082":{"title":"Home","featured-image-url":"https:\/\/websitedemos.net\/wp-content\/uploads\/2025\/10\/electrician-09.jpg","thumbnail-image-url":"https:\/\/websitedemos.net\/wp-content\/uploads\/2025\/10\/electrician-09-600x2117.jpg","astra-page-api-url":"https:\/\/websitedemos.net\/electrician-09\/wp-json\/wp\/v2\/pages\/1373","dynamic-page":"yes","astra-page-url":"\/\/websitedemos.net\/electrician-09\/","astra-sites-tag":{"423":"home"},"site-pages-type":"free","site-pages-page-builder":"gutenberg","site-pages-category":[],"site-pages-parent-category":{"60":"business","61":"free"},"required-plugins":[{"slug":"ultimate-addons-for-gutenberg","init":"ultimate-addons-for-gutenberg\/ultimate-addons-for-gutenberg.php","name":"Spectra"},{"slug":"sureforms","init":"sureforms\/sureforms.php","name":"SureForms"}],"spectra-ver":"v3"},"id-126080":{"title":"Contact","featured-image-url":"https:\/\/websitedemos.net\/wp-content\/uploads\/2025\/10\/electrician-09-contact.jpg","thumbnail-image-url":"https:\/\/websitedemos.net\/wp-content\/uploads\/2025\/10\/electrician-09-contact-600x1159.jpg","astra-page-api-url":"https:\/\/websitedemos.net\/electrician-09\/wp-json\/wp\/v2\/pages\/1402","dynamic-page":"yes","astra-page-url":"\/\/websitedemos.net\/electrician-09\/contact\/","astra-sites-tag":{"415":"contact"},"site-pages-type":"free","site-pages-page-builder":"gutenberg","site-pages-category":[],"site-pages-parent-category":{"60":"business","61":"free"},"required-plugins":[{"slug":"ultimate-addons-for-gutenberg","init":"ultimate-addons-for-gutenberg\/ultimate-addons-for-gutenberg.php","name":"Spectra"},{"slug":"sureforms","init":"sureforms\/sureforms.php","name":"SureForms"}],"spectra-ver":"v3"},"id-126081":{"title":"FAQ","featured-image-url":"https:\/\/websitedemos.net\/wp-content\/uploads\/2025\/10\/electrician-09-faq.jpg","thumbnail-image-url":"https:\/\/websitedemos.net\/wp-content\/uploads\/2025\/10\/electrician-09-faq-600x1139.jpg","astra-page-api-url":"https:\/\/websitedemos.net\/electrician-09\/wp-json\/wp\/v2\/pages\/1401","dynamic-page":"yes","astra-page-url":"\/\/websitedemos.net\/electrician-09\/faq\/","astra-sites-tag":{"426":"faq"},"site-pages-type":"free","site-pages-page-builder":"gutenberg","site-pages-category":[],"site-pages-parent-category":{"60":"business","61":"free"},"required-plugins":[{"slug":"ultimate-addons-for-gutenberg","init":"ultimate-addons-for-gutenberg\/ultimate-addons-for-gutenberg.php","name":"Spectra"},{"slug":"sureforms","init":"sureforms\/sureforms.php","name":"SureForms"}],"spectra-ver":"v3"},"id-126083":{"title":"Services","featured-image-url":"https:\/\/websitedemos.net\/wp-content\/uploads\/2025\/10\/electrician-09-services.jpg","thumbnail-image-url":"https:\/\/websitedemos.net\/wp-content\/uploads\/2025\/10\/electrician-09-services-600x1935.jpg","astra-page-api-url":"https:\/\/websitedemos.net\/electrician-09\/wp-json\/wp\/v2\/pages\/1400","dynamic-page":"yes","astra-page-url":"\/\/websitedemos.net\/electrician-09\/services\/","astra-sites-tag":{"425":"services"},"site-pages-type":"free","site-pages-page-builder":"gutenberg","site-pages-category":[],"site-pages-parent-category":{"60":"business","61":"free"},"required-plugins":[{"slug":"ultimate-addons-for-gutenberg","init":"ultimate-addons-for-gutenberg\/ultimate-addons-for-gutenberg.php","name":"Spectra"},{"slug":"sureforms","init":"sureforms\/sureforms.php","name":"SureForms"}],"spectra-ver":"v3"}},"spectra-ver":"v3","query_args":{"post_type":"astra-sites","post_status":["publish"],"fields":"ids","no_found_rows":true,"paged":2,"posts_per_page":15,"tax_query":{"relation":"AND","0":{"relation":"OR","0":{"taxonomy":"spectra-blocks-ver","field":"slug","terms":["v3"],"operator":"IN"},"1":{"taxonomy":"astra-site-page-builder","field":"slug","terms":"gutenberg","operator":"NOT IN"}},"1":{"taxonomy":"astra-sites-type","field":"slug","terms":["siteground"],"operator":"NOT IN"}}},"related-bb-template":"","related-elementor-template":"","related-gutenberg-template":"","related_ecommerce_template":"","ecommerce_parent_template":""},"id-134997":{"title":"Galatic","id":134997,"publish-date":1763049534,"featured-image-url":"https:\/\/websitedemos.net\/wp-content\/uploads\/2025\/11\/galatic-09-1.jpg","thumbnail-image-url":"https:\/\/websitedemos.net\/wp-content\/uploads\/2025\/11\/galatic-09-1-600x2272.jpg","fullpage-thumbnail-image-url":"https:\/\/websitedemos.net\/wp-content\/uploads\/2025\/11\/galatic-09-1-400x1514.jpg","astra-site-url":"\/\/websitedemos.net\/galatic-09","astra-site-parent-id":3786,"astra-sites-tag":{"2456":"generic","2667":"generic-template","1526":"multi-purpose","2493":"multipurpose"},"astra-sites-type":"free","astra-site-category":{"36":"other"},"astra-sites-template-category":{"2860":"multipurpose","2797":"simple-minimal"},"astra-site-page-builder":"gutenberg","categories":{"3428":"free","2500":"multipurpose"},"required-plugins":[{"slug":"ultimate-addons-for-gutenberg","init":"ultimate-addons-for-gutenberg\/ultimate-addons-for-gutenberg.php","name":"Spectra"},{"slug":"sureforms","init":"sureforms\/sureforms.php","name":"SureForms"}],"post-status":"publish","post-content":"","post-excerpt":"","pages":{"id-144275":{"title":"Offerings","featured-image-url":"https:\/\/websitedemos.net\/wp-content\/uploads\/2025\/12\/galatic-09-offerings.jpg","thumbnail-image-url":"https:\/\/websitedemos.net\/wp-content\/uploads\/2025\/12\/galatic-09-offerings-600x1456.jpg","astra-page-api-url":"https:\/\/websitedemos.net\/galatic-09\/wp-json\/wp\/v2\/pages\/87","dynamic-page":"no","astra-page-url":"\/\/websitedemos.net\/galatic-09\/offerings\/","astra-sites-tag":{"3617":"offerings"},"site-pages-type":"free","site-pages-page-builder":"gutenberg","site-pages-category":[],"site-pages-parent-category":{"139":"other"},"required-plugins":[{"slug":"ultimate-addons-for-gutenberg","init":"ultimate-addons-for-gutenberg\/ultimate-addons-for-gutenberg.php","name":"Spectra"}],"spectra-ver":"v3"},"id-144272":{"title":"About","featured-image-url":"https:\/\/websitedemos.net\/wp-content\/uploads\/2025\/12\/galatic-09-about.jpg","thumbnail-image-url":"https:\/\/websitedemos.net\/wp-content\/uploads\/2025\/12\/galatic-09-about-600x1128.jpg","astra-page-api-url":"https:\/\/websitedemos.net\/galatic-09\/wp-json\/wp\/v2\/pages\/86","dynamic-page":"no","astra-page-url":"\/\/websitedemos.net\/galatic-09\/about\/","astra-sites-tag":{"352":"about"},"site-pages-type":"free","site-pages-page-builder":"gutenberg","site-pages-category":[],"site-pages-parent-category":{"139":"other"},"required-plugins":[{"slug":"ultimate-addons-for-gutenberg","init":"ultimate-addons-for-gutenberg\/ultimate-addons-for-gutenberg.php","name":"Spectra"}],"spectra-ver":"v3"},"id-144273":{"title":"Contact","featured-image-url":"https:\/\/websitedemos.net\/wp-content\/uploads\/2025\/12\/galatic-09-contact.jpg","thumbnail-image-url":"https:\/\/websitedemos.net\/wp-content\/uploads\/2025\/12\/galatic-09-contact-600x726.jpg","astra-page-api-url":"https:\/\/websitedemos.net\/galatic-09\/wp-json\/wp\/v2\/pages\/88","dynamic-page":"no","astra-page-url":"\/\/websitedemos.net\/galatic-09\/contact\/","astra-sites-tag":{"415":"contact"},"site-pages-type":"free","site-pages-page-builder":"gutenberg","site-pages-category":[],"site-pages-parent-category":{"139":"other"},"required-plugins":[{"slug":"ultimate-addons-for-gutenberg","init":"ultimate-addons-for-gutenberg\/ultimate-addons-for-gutenberg.php","name":"Spectra"},{"slug":"sureforms","init":"sureforms\/sureforms.php","name":"SureForms"}],"spectra-ver":"v3"},"id-144274":{"title":"Home","featured-image-url":"https:\/\/websitedemos.net\/wp-content\/uploads\/2025\/11\/galatic-09-1.jpg","thumbnail-image-url":"https:\/\/websitedemos.net\/wp-content\/uploads\/2025\/11\/galatic-09-1-600x2272.jpg","astra-page-api-url":"https:\/\/websitedemos.net\/galatic-09\/wp-json\/wp\/v2\/pages\/22","dynamic-page":"no","astra-page-url":"\/\/websitedemos.net\/galatic-09\/","astra-sites-tag":{"423":"home"},"site-pages-type":"free","site-pages-page-builder":"gutenberg","site-pages-category":[],"site-pages-parent-category":{"139":"other"},"required-plugins":[{"slug":"ultimate-addons-for-gutenberg","init":"ultimate-addons-for-gutenberg\/ultimate-addons-for-gutenberg.php","name":"Spectra"}],"spectra-ver":"v3"},"id-134998":{"title":"About","featured-image-url":"https:\/\/websitedemos.net\/wp-content\/uploads\/2025\/11\/galatic-09-about.jpg","thumbnail-image-url":"https:\/\/websitedemos.net\/wp-content\/uploads\/2025\/11\/galatic-09-about-600x1128.jpg","astra-page-api-url":"https:\/\/websitedemos.net\/galatic-09\/wp-json\/wp\/v2\/pages\/86","dynamic-page":"no","astra-page-url":"\/\/websitedemos.net\/galatic-09\/about\/","astra-sites-tag":{"352":"about"},"site-pages-type":"free","site-pages-page-builder":"gutenberg","site-pages-category":[],"site-pages-parent-category":{"139":"other"},"required-plugins":[{"slug":"ultimate-addons-for-gutenberg","init":"ultimate-addons-for-gutenberg\/ultimate-addons-for-gutenberg.php","name":"Spectra"}],"spectra-ver":"v3"},"id-134999":{"title":"Contact","featured-image-url":"https:\/\/websitedemos.net\/wp-content\/uploads\/2025\/11\/galatic-09-contact.jpg","thumbnail-image-url":"https:\/\/websitedemos.net\/wp-content\/uploads\/2025\/11\/galatic-09-contact-600x726.jpg","astra-page-api-url":"https:\/\/websitedemos.net\/galatic-09\/wp-json\/wp\/v2\/pages\/88","dynamic-page":"no","astra-page-url":"\/\/websitedemos.net\/galatic-09\/contact\/","astra-sites-tag":{"415":"contact"},"site-pages-type":"free","site-pages-page-builder":"gutenberg","site-pages-category":[],"site-pages-parent-category":{"139":"other"},"required-plugins":[{"slug":"ultimate-addons-for-gutenberg","init":"ultimate-addons-for-gutenberg\/ultimate-addons-for-gutenberg.php","name":"Spectra"},{"slug":"sureforms","init":"sureforms\/sureforms.php","name":"SureForms"}],"spectra-ver":"v3"},"id-135000":{"title":"Home","featured-image-url":"https:\/\/websitedemos.net\/wp-content\/uploads\/2025\/11\/galatic-09.jpg","thumbnail-image-url":"https:\/\/websitedemos.net\/wp-content\/uploads\/2025\/11\/galatic-09-600x2272.jpg","astra-page-api-url":"https:\/\/websitedemos.net\/galatic-09\/wp-json\/wp\/v2\/pages\/22","dynamic-page":"no","astra-page-url":"\/\/websitedemos.net\/galatic-09\/","astra-sites-tag":{"423":"home"},"site-pages-type":"free","site-pages-page-builder":"gutenberg","site-pages-category":[],"site-pages-parent-category":{"139":"other"},"required-plugins":[{"slug":"ultimate-addons-for-gutenberg","init":"ultimate-addons-for-gutenberg\/ultimate-addons-for-gutenberg.php","name":"Spectra"}],"spectra-ver":"v3"},"id-135001":{"title":"Offerings","featured-image-url":"https:\/\/websitedemos.net\/wp-content\/uploads\/2025\/11\/galatic-09-offerings.jpg","thumbnail-image-url":"https:\/\/websitedemos.net\/wp-content\/uploads\/2025\/11\/galatic-09-offerings-600x1456.jpg","astra-page-api-url":"https:\/\/websitedemos.net\/galatic-09\/wp-json\/wp\/v2\/pages\/87","dynamic-page":"no","astra-page-url":"\/\/websitedemos.net\/galatic-09\/offerings\/","astra-sites-tag":{"3617":"offerings"},"site-pages-type":"free","site-pages-page-builder":"gutenberg","site-pages-category":[],"site-pages-parent-category":{"139":"other"},"required-plugins":[{"slug":"ultimate-addons-for-gutenberg","init":"ultimate-addons-for-gutenberg\/ultimate-addons-for-gutenberg.php","name":"Spectra"}],"spectra-ver":"v3"}},"spectra-ver":"v3","query_args":{"post_type":"astra-sites","post_status":["publish"],"fields":"ids","no_found_rows":true,"paged":2,"posts_per_page":15,"tax_query":{"relation":"AND","0":{"relation":"OR","0":{"taxonomy":"spectra-blocks-ver","field":"slug","terms":["v3"],"operator":"IN"},"1":{"taxonomy":"astra-site-page-builder","field":"slug","terms":"gutenberg","operator":"NOT IN"}},"1":{"taxonomy":"astra-sites-type","field":"slug","terms":["siteground"],"operator":"NOT IN"}}},"related-bb-template":"","related-elementor-template":"","related-gutenberg-template":"","related_ecommerce_template":"","ecommerce_parent_template":""},"id-125619":{"title":"Day Care Services","id":125619,"publish-date":1762184579,"featured-image-url":"https:\/\/websitedemos.net\/wp-content\/uploads\/2025\/10\/daycare-09.jpg","thumbnail-image-url":"https:\/\/websitedemos.net\/wp-content\/uploads\/2025\/10\/daycare-09-600x4246.jpg","fullpage-thumbnail-image-url":"https:\/\/websitedemos.net\/wp-content\/uploads\/2025\/10\/daycare-09-400x2830.jpg","astra-site-url":"\/\/websitedemos.net\/daycare-09","astra-site-parent-id":3760,"astra-sites-tag":{"2156":"daycare","459":"education","1490":"kids","617":"kindergarten","460":"learning","456":"school","425":"services"},"astra-sites-type":"free","astra-site-category":{"27":"business","39":"free"},"astra-sites-template-category":{"2772":"education","2782":"school"},"astra-site-page-builder":"gutenberg","categories":{"2491":"educational-institutes","3428":"free","2490":"healthcare"},"required-plugins":[{"slug":"ultimate-addons-for-gutenberg","init":"ultimate-addons-for-gutenberg\/ultimate-addons-for-gutenberg.php","name":"Spectra"},{"slug":"sureforms","init":"sureforms\/sureforms.php","name":"SureForms"}],"post-status":"publish","post-content":"","post-excerpt":"","pages":{"id-125623":{"title":"Home","featured-image-url":"https:\/\/websitedemos.net\/wp-content\/uploads\/2025\/10\/daycare-09.jpg","thumbnail-image-url":"https:\/\/websitedemos.net\/wp-content\/uploads\/2025\/10\/daycare-09-600x4246.jpg","astra-page-api-url":"https:\/\/websitedemos.net\/daycare-09\/wp-json\/wp\/v2\/pages\/1390","dynamic-page":"no","astra-page-url":"\/\/websitedemos.net\/daycare-09\/","astra-sites-tag":{"423":"home"},"site-pages-type":"free","site-pages-page-builder":"gutenberg","site-pages-category":[],"site-pages-parent-category":{"60":"business","61":"free"},"required-plugins":[{"slug":"ultimate-addons-for-gutenberg","init":"ultimate-addons-for-gutenberg\/ultimate-addons-for-gutenberg.php","name":"Spectra"}],"spectra-ver":"v3"},"id-125620":{"title":"About","featured-image-url":"https:\/\/websitedemos.net\/wp-content\/uploads\/2025\/10\/daycare-09-about.jpg","thumbnail-image-url":"https:\/\/websitedemos.net\/wp-content\/uploads\/2025\/10\/daycare-09-about-600x2222.jpg","astra-page-api-url":"https:\/\/websitedemos.net\/daycare-09\/wp-json\/wp\/v2\/pages\/1393","dynamic-page":"no","astra-page-url":"\/\/websitedemos.net\/daycare-09\/about\/","astra-sites-tag":{"352":"about"},"site-pages-type":"free","site-pages-page-builder":"gutenberg","site-pages-category":[],"site-pages-parent-category":{"60":"business","61":"free"},"required-plugins":[{"slug":"ultimate-addons-for-gutenberg","init":"ultimate-addons-for-gutenberg\/ultimate-addons-for-gutenberg.php","name":"Spectra"}],"spectra-ver":"v3"},"id-125621":{"title":"Admission","featured-image-url":"https:\/\/websitedemos.net\/wp-content\/uploads\/2025\/10\/daycare-09-admission.jpg","thumbnail-image-url":"https:\/\/websitedemos.net\/wp-content\/uploads\/2025\/10\/daycare-09-admission-600x1137.jpg","astra-page-api-url":"https:\/\/websitedemos.net\/daycare-09\/wp-json\/wp\/v2\/pages\/1397","dynamic-page":"no","astra-page-url":"\/\/websitedemos.net\/daycare-09\/admission\/","astra-sites-tag":{"2680":"admission"},"site-pages-type":"free","site-pages-page-builder":"gutenberg","site-pages-category":[],"site-pages-parent-category":{"60":"business","61":"free"},"required-plugins":[{"slug":"ultimate-addons-for-gutenberg","init":"ultimate-addons-for-gutenberg\/ultimate-addons-for-gutenberg.php","name":"Spectra"}],"spectra-ver":"v3"},"id-125622":{"title":"Contact","featured-image-url":"https:\/\/websitedemos.net\/wp-content\/uploads\/2025\/10\/daycare-09-contact.jpg","thumbnail-image-url":"https:\/\/websitedemos.net\/wp-content\/uploads\/2025\/10\/daycare-09-contact-600x1091.jpg","astra-page-api-url":"https:\/\/websitedemos.net\/daycare-09\/wp-json\/wp\/v2\/pages\/1399","dynamic-page":"no","astra-page-url":"\/\/websitedemos.net\/daycare-09\/contact\/","astra-sites-tag":{"415":"contact"},"site-pages-type":"free","site-pages-page-builder":"gutenberg","site-pages-category":[],"site-pages-parent-category":{"60":"business","61":"free"},"required-plugins":[{"slug":"ultimate-addons-for-gutenberg","init":"ultimate-addons-for-gutenberg\/ultimate-addons-for-gutenberg.php","name":"Spectra"},{"slug":"sureforms","init":"sureforms\/sureforms.php","name":"SureForms"}],"spectra-ver":"v3"},"id-125624":{"title":"Program","featured-image-url":"https:\/\/websitedemos.net\/wp-content\/uploads\/2025\/10\/daycare-09-program.jpg","thumbnail-image-url":"https:\/\/websitedemos.net\/wp-content\/uploads\/2025\/10\/daycare-09-program-600x3047.jpg","astra-page-api-url":"https:\/\/websitedemos.net\/daycare-09\/wp-json\/wp\/v2\/pages\/1395","dynamic-page":"no","astra-page-url":"\/\/websitedemos.net\/daycare-09\/program\/","astra-sites-tag":{"2684":"program"},"site-pages-type":"free","site-pages-page-builder":"gutenberg","site-pages-category":[],"site-pages-parent-category":{"60":"business","61":"free"},"required-plugins":[{"slug":"ultimate-addons-for-gutenberg","init":"ultimate-addons-for-gutenberg\/ultimate-addons-for-gutenberg.php","name":"Spectra"}],"spectra-ver":"v3"}},"spectra-ver":"v3","query_args":{"post_type":"astra-sites","post_status":["publish"],"fields":"ids","no_found_rows":true,"paged":2,"posts_per_page":15,"tax_query":{"relation":"AND","0":{"relation":"OR","0":{"taxonomy":"spectra-blocks-ver","field":"slug","terms":["v3"],"operator":"IN"},"1":{"taxonomy":"astra-site-page-builder","field":"slug","terms":"gutenberg","operator":"NOT IN"}},"1":{"taxonomy":"astra-sites-type","field":"slug","terms":["siteground"],"operator":"NOT IN"}}},"related-bb-template":"","related-elementor-template":"","related-gutenberg-template":"","related_ecommerce_template":"","ecommerce_parent_template":""},"id-142894":{"title":"Online Health Coach","id":142894,"publish-date":1765226892,"featured-image-url":"https:\/\/websitedemos.net\/wp-content\/uploads\/2025\/12\/online-health-09-1.jpg","thumbnail-image-url":"https:\/\/websitedemos.net\/wp-content\/uploads\/2025\/12\/online-health-09-1-600x1990.jpg","fullpage-thumbnail-image-url":"https:\/\/websitedemos.net\/wp-content\/uploads\/2025\/12\/online-health-09-1-400x1327.jpg","astra-site-url":"\/\/websitedemos.net\/online-health-coach-09","astra-site-parent-id":3801,"astra-sites-tag":{"462":"courses","469":"ecourse","468":"elearning","518":"health-coach","467":"learndash","460":"learning","466":"online-courses","975":"online-learning"},"astra-sites-type":"free","astra-site-category":{"27":"business","39":"free"},"astra-sites-template-category":{"2825":"coaching","2835":"elearning","2875":"health-coach","2834":"healthcare","2880":"membership"},"astra-site-page-builder":"gutenberg","categories":{"2494":"elearning","2483":"expert-services"},"required-plugins":[{"slug":"latepoint","init":"latepoint\/latepoint.php","name":"LatePoint"},{"slug":"sfwd-lms","init":"sfwd-lms\/sfwd_lms.php","name":"LearnDash LMS"},{"slug":"learndash-course-grid","init":"learndash-course-grid\/learndash_course_grid.php","name":"LearnDash LMS - Course Grid"},{"slug":"presto-player","init":"presto-player\/presto-player.php","name":"Presto Player"},{"slug":"ultimate-addons-for-gutenberg","init":"ultimate-addons-for-gutenberg\/ultimate-addons-for-gutenberg.php","name":"Spectra"},{"slug":"sureforms","init":"sureforms\/sureforms.php","name":"SureForms"}],"post-status":"publish","post-content":"","post-excerpt":"","pages":{"id-142897":{"title":"Contact","featured-image-url":"https:\/\/websitedemos.net\/wp-content\/uploads\/2025\/12\/online-health-09-contact.jpg","thumbnail-image-url":"https:\/\/websitedemos.net\/wp-content\/uploads\/2025\/12\/online-health-09-contact-600x734.jpg","astra-page-api-url":"https:\/\/websitedemos.net\/online-health-coach-09\/wp-json\/wp\/v2\/pages\/24369","dynamic-page":"no","astra-page-url":"\/\/websitedemos.net\/online-health-coach-09\/contact\/","astra-sites-tag":{"415":"contact"},"site-pages-type":"free","site-pages-page-builder":"gutenberg","site-pages-category":[],"site-pages-parent-category":{"60":"business","61":"free"},"required-plugins":[{"slug":"ultimate-addons-for-gutenberg","init":"ultimate-addons-for-gutenberg\/ultimate-addons-for-gutenberg.php","name":"Spectra"},{"slug":"sureforms","init":"sureforms\/sureforms.php","name":"SureForms"}],"spectra-ver":"v3"},"id-142898":{"title":"Home","featured-image-url":"https:\/\/websitedemos.net\/wp-content\/uploads\/2025\/12\/online-health-09.jpg","thumbnail-image-url":"https:\/\/websitedemos.net\/wp-content\/uploads\/2025\/12\/online-health-09-600x1990.jpg","astra-page-api-url":"https:\/\/websitedemos.net\/online-health-coach-09\/wp-json\/wp\/v2\/pages\/24365","dynamic-page":"no","astra-page-url":"\/\/websitedemos.net\/online-health-coach-09\/","astra-sites-tag":{"423":"home"},"site-pages-type":"free","site-pages-page-builder":"gutenberg","site-pages-category":[],"site-pages-parent-category":{"60":"business","61":"free"},"required-plugins":[{"slug":"ultimate-addons-for-gutenberg","init":"ultimate-addons-for-gutenberg\/ultimate-addons-for-gutenberg.php","name":"Spectra"}],"spectra-ver":"v3"},"id-142895":{"title":"About","featured-image-url":"https:\/\/websitedemos.net\/wp-content\/uploads\/2025\/12\/online-health-09-about.jpg","thumbnail-image-url":"https:\/\/websitedemos.net\/wp-content\/uploads\/2025\/12\/online-health-09-about-600x1541.jpg","astra-page-api-url":"https:\/\/websitedemos.net\/online-health-coach-09\/wp-json\/wp\/v2\/pages\/24368","dynamic-page":"no","astra-page-url":"\/\/websitedemos.net\/online-health-coach-09\/about\/","astra-sites-tag":{"352":"about"},"site-pages-type":"free","site-pages-page-builder":"gutenberg","site-pages-category":[],"site-pages-parent-category":{"60":"business","61":"free"},"required-plugins":[{"slug":"ultimate-addons-for-gutenberg","init":"ultimate-addons-for-gutenberg\/ultimate-addons-for-gutenberg.php","name":"Spectra"}],"spectra-ver":"v3"},"id-142896":{"title":"All Courses","featured-image-url":"https:\/\/websitedemos.net\/wp-content\/uploads\/2025\/12\/online-health-09-courses.jpg","thumbnail-image-url":"https:\/\/websitedemos.net\/wp-content\/uploads\/2025\/12\/online-health-09-courses-600x954.jpg","astra-page-api-url":"https:\/\/websitedemos.net\/online-health-coach-09\/wp-json\/wp\/v2\/pages\/24366","dynamic-page":"yes","astra-page-url":"\/\/websitedemos.net\/online-health-coach-09\/all-courses\/","astra-sites-tag":{"462":"courses"},"site-pages-type":"free","site-pages-page-builder":"gutenberg","site-pages-category":[],"site-pages-parent-category":{"60":"business","61":"free"},"required-plugins":[{"slug":"sfwd-lms","init":"sfwd-lms\/sfwd_lms.php","name":"LearnDash LMS"},{"slug":"learndash-course-grid","init":"learndash-course-grid\/learndash_course_grid.php","name":"LearnDash LMS - Course Grid"},{"slug":"ultimate-addons-for-gutenberg","init":"ultimate-addons-for-gutenberg\/ultimate-addons-for-gutenberg.php","name":"Spectra"}],"spectra-ver":"v3"}},"spectra-ver":"v3","query_args":{"post_type":"astra-sites","post_status":["publish"],"fields":"ids","no_found_rows":true,"paged":2,"posts_per_page":15,"tax_query":{"relation":"AND","0":{"relation":"OR","0":{"taxonomy":"spectra-blocks-ver","field":"slug","terms":["v3"],"operator":"IN"},"1":{"taxonomy":"astra-site-page-builder","field":"slug","terms":"gutenberg","operator":"NOT IN"}},"1":{"taxonomy":"astra-sites-type","field":"slug","terms":["siteground"],"operator":"NOT IN"}}},"related-bb-template":"","related-elementor-template":"","related-gutenberg-template":"","related_ecommerce_template":"","ecommerce_parent_template":""},"id-161267":{"title":"Cycles Shop","id":161267,"publish-date":1770051861,"featured-image-url":"https:\/\/websitedemos.net\/wp-content\/uploads\/2026\/01\/cycle-stores-09-1.jpg","thumbnail-image-url":"https:\/\/websitedemos.net\/wp-content\/uploads\/2026\/01\/cycle-stores-09-1-600x3389.jpg","fullpage-thumbnail-image-url":"https:\/\/websitedemos.net\/wp-content\/uploads\/2026\/01\/cycle-stores-09-1-400x2259.jpg","astra-site-url":"\/\/websitedemos.net\/cycles-shop-09","astra-site-parent-id":3826,"astra-sites-tag":{"880":"cartflows","2548":"cycle-shop","496":"ecommerce","2422":"online-market","2420":"online-shopping","383":"online-store","2421":"purchases","2417":"reseller","733":"shop","2549":"sport-cycyle","749":"store"},"astra-sites-type":"free","astra-site-category":{"38":"ecommerce","39":"free"},"astra-sites-template-category":{"2769":"ecommerce","2857":"online-shopping"},"astra-site-page-builder":"gutenberg","categories":{"2495":"ecommerce"},"required-plugins":[{"slug":"ultimate-addons-for-gutenberg","init":"ultimate-addons-for-gutenberg\/ultimate-addons-for-gutenberg.php","name":"Spectra"},{"slug":"surecart","init":"surecart\/surecart.php","name":"SureCart"},{"slug":"sureforms","init":"sureforms\/sureforms.php","name":"SureForms"},{"slug":"insert-headers-and-footers","init":"insert-headers-and-footers\/ihaf.php","name":"WPCode Lite"}],"post-status":"publish","post-content":"","post-excerpt":"","pages":{"id-161268":{"title":"About Us","featured-image-url":"https:\/\/websitedemos.net\/wp-content\/uploads\/2026\/01\/cycle-stores-09-about.jpg","thumbnail-image-url":"https:\/\/websitedemos.net\/wp-content\/uploads\/2026\/01\/cycle-stores-09-about-600x2314.jpg","astra-page-api-url":"https:\/\/websitedemos.net\/cycles-shop-09\/wp-json\/wp\/v2\/pages\/1606","dynamic-page":"no","astra-page-url":"\/\/websitedemos.net\/cycles-shop-09\/about\/","astra-sites-tag":{"352":"about"},"site-pages-type":"free","site-pages-page-builder":"gutenberg","site-pages-category":[],"site-pages-parent-category":{"64":"ecommerce","61":"free"},"required-plugins":[{"slug":"ultimate-addons-for-gutenberg","init":"ultimate-addons-for-gutenberg\/ultimate-addons-for-gutenberg.php","name":"Spectra"}],"spectra-ver":"v3"},"id-161269":{"title":"Contact","featured-image-url":"https:\/\/websitedemos.net\/wp-content\/uploads\/2026\/01\/cycles-shop-09-contact.jpg","thumbnail-image-url":"https:\/\/websitedemos.net\/wp-content\/uploads\/2026\/01\/cycles-shop-09-contact-600x1070.jpg","astra-page-api-url":"https:\/\/websitedemos.net\/cycles-shop-09\/wp-json\/wp\/v2\/pages\/1608","dynamic-page":"no","astra-page-url":"\/\/websitedemos.net\/cycles-shop-09\/contact\/","astra-sites-tag":{"415":"contact"},"site-pages-type":"free","site-pages-page-builder":"gutenberg","site-pages-category":[],"site-pages-parent-category":{"64":"ecommerce","61":"free"},"required-plugins":[{"slug":"ultimate-addons-for-gutenberg","init":"ultimate-addons-for-gutenberg\/ultimate-addons-for-gutenberg.php","name":"Spectra"},{"slug":"sureforms","init":"sureforms\/sureforms.php","name":"SureForms"}],"spectra-ver":"v3"},"id-161270":{"title":"Home","featured-image-url":"https:\/\/websitedemos.net\/wp-content\/uploads\/2026\/01\/cycle-stores-09.jpg","thumbnail-image-url":"https:\/\/websitedemos.net\/wp-content\/uploads\/2026\/01\/cycle-stores-09-600x3389.jpg","astra-page-api-url":"https:\/\/websitedemos.net\/cycles-shop-09\/wp-json\/wp\/v2\/pages\/1603","dynamic-page":"yes","astra-page-url":"\/\/websitedemos.net\/cycles-shop-09\/","astra-sites-tag":{"423":"home"},"site-pages-type":"free","site-pages-page-builder":"gutenberg","site-pages-category":[],"site-pages-parent-category":{"64":"ecommerce","61":"free"},"required-plugins":[{"slug":"ultimate-addons-for-gutenberg","init":"ultimate-addons-for-gutenberg\/ultimate-addons-for-gutenberg.php","name":"Spectra"},{"slug":"surecart","init":"surecart\/surecart.php","name":"SureCart"}],"spectra-ver":"v3"}},"spectra-ver":"v3","query_args":{"post_type":"astra-sites","post_status":["publish"],"fields":"ids","no_found_rows":true,"paged":2,"posts_per_page":15,"tax_query":{"relation":"AND","0":{"relation":"OR","0":{"taxonomy":"spectra-blocks-ver","field":"slug","terms":["v3"],"operator":"IN"},"1":{"taxonomy":"astra-site-page-builder","field":"slug","terms":"gutenberg","operator":"NOT IN"}},"1":{"taxonomy":"astra-sites-type","field":"slug","terms":["siteground"],"operator":"NOT IN"}}},"related-bb-template":"","related-elementor-template":"","related-gutenberg-template":"","related_ecommerce_template":58970,"ecommerce_parent_template":""},"id-133206":{"title":"Locksmith","id":133206,"publish-date":1762185276,"featured-image-url":"https:\/\/websitedemos.net\/wp-content\/uploads\/2025\/11\/locksmith-09.jpg","thumbnail-image-url":"https:\/\/websitedemos.net\/wp-content\/uploads\/2025\/11\/locksmith-09-600x3725.jpg","fullpage-thumbnail-image-url":"https:\/\/websitedemos.net\/wp-content\/uploads\/2025\/11\/locksmith-09-400x2483.jpg","astra-site-url":"\/\/websitedemos.net\/locksmith-09","astra-site-parent-id":3784,"astra-sites-tag":{"3042":"keycutting","3035":"keys","3040":"lock","3034":"locks","2430":"locksmith","3039":"locksmithing","3036":"locksmithservice","3038":"locksmithservices","3041":"lostkey","3037":"security"},"astra-sites-type":"free","astra-site-category":{"27":"business","39":"free"},"astra-sites-template-category":{"2777":"business","2863":"landing-page","2771":"one-page","2831":"service"},"astra-site-page-builder":"gutenberg","categories":{"2483":"expert-services","2471":"local-technician","2927":"one-page"},"required-plugins":[{"slug":"ultimate-addons-for-gutenberg","init":"ultimate-addons-for-gutenberg\/ultimate-addons-for-gutenberg.php","name":"Spectra"},{"slug":"sureforms","init":"sureforms\/sureforms.php","name":"SureForms"}],"post-status":"publish","post-content":"","post-excerpt":"","pages":{"id-133207":{"title":"Home","featured-image-url":"https:\/\/websitedemos.net\/wp-content\/uploads\/2025\/11\/locksmith-09.jpg","thumbnail-image-url":"https:\/\/websitedemos.net\/wp-content\/uploads\/2025\/11\/locksmith-09-600x3725.jpg","astra-page-api-url":"https:\/\/websitedemos.net\/locksmith-09\/wp-json\/wp\/v2\/pages\/930","dynamic-page":"yes","astra-page-url":"\/\/websitedemos.net\/locksmith-09\/","astra-sites-tag":{"423":"home"},"site-pages-type":"free","site-pages-page-builder":"gutenberg","site-pages-category":[],"site-pages-parent-category":{"60":"business","61":"free"},"required-plugins":[{"slug":"ultimate-addons-for-gutenberg","init":"ultimate-addons-for-gutenberg\/ultimate-addons-for-gutenberg.php","name":"Spectra"},{"slug":"sureforms","init":"sureforms\/sureforms.php","name":"SureForms"},{"slug":"wordpress-seo","init":"wordpress-seo\/wp-seo.php","name":"Yoast SEO"}],"spectra-ver":"v3"}},"spectra-ver":"v3","query_args":{"post_type":"astra-sites","post_status":["publish"],"fields":"ids","no_found_rows":true,"paged":2,"posts_per_page":15,"tax_query":{"relation":"AND","0":{"relation":"OR","0":{"taxonomy":"spectra-blocks-ver","field":"slug","terms":["v3"],"operator":"IN"},"1":{"taxonomy":"astra-site-page-builder","field":"slug","terms":"gutenberg","operator":"NOT IN"}},"1":{"taxonomy":"astra-sites-type","field":"slug","terms":["siteground"],"operator":"NOT IN"}}},"related-bb-template":"","related-elementor-template":"","related-gutenberg-template":"","related_ecommerce_template":"","ecommerce_parent_template":""},"id-126179":{"title":"Deli Restaurant","id":126179,"publish-date":1762185081,"featured-image-url":"https:\/\/websitedemos.net\/wp-content\/uploads\/2025\/11\/delis-restaurant-09.jpg","thumbnail-image-url":"https:\/\/websitedemos.net\/wp-content\/uploads\/2025\/11\/delis-restaurant-09-600x3370.jpg","fullpage-thumbnail-image-url":"https:\/\/websitedemos.net\/wp-content\/uploads\/2025\/11\/delis-restaurant-09-400x2247.jpg","astra-site-url":"\/\/websitedemos.net\/deli-restaurant-09","astra-site-parent-id":3768,"astra-sites-tag":{"1527":"cafeteria","783":"cake","972":"club","560":"cuisine","2394":"deli-restaurant","1974":"dessert","561":"eatery","336":"food","1579":"food-menu","2513":"fruits-dish","350":"hotel","559":"outlet","335":"restaurant","2041":"snack-bar"},"astra-sites-type":"free","astra-site-category":{"27":"business","39":"free"},"astra-sites-template-category":{"2785":"food","2876":"food-ordering","2776":"restaurant"},"astra-site-page-builder":"gutenberg","categories":{"2496":"restaurant-food"},"required-plugins":[{"slug":"ultimate-addons-for-gutenberg","init":"ultimate-addons-for-gutenberg\/ultimate-addons-for-gutenberg.php","name":"Spectra"},{"slug":"sureforms","init":"sureforms\/sureforms.php","name":"SureForms"}],"post-status":"publish","post-content":"","post-excerpt":"","pages":{"id-126224":{"title":"About Us","featured-image-url":"https:\/\/websitedemos.net\/wp-content\/uploads\/2025\/10\/deli-restaurant-09-about-us.jpg","thumbnail-image-url":"https:\/\/websitedemos.net\/wp-content\/uploads\/2025\/10\/deli-restaurant-09-about-us-600x1532.jpg","astra-page-api-url":"https:\/\/websitedemos.net\/deli-restaurant-09\/wp-json\/wp\/v2\/pages\/368","dynamic-page":"no","astra-page-url":"\/\/websitedemos.net\/deli-restaurant-09\/about-us\/","astra-sites-tag":{"352":"about"},"site-pages-type":"free","site-pages-page-builder":"gutenberg","site-pages-category":[],"site-pages-parent-category":{"60":"business","61":"free"},"required-plugins":[{"slug":"ultimate-addons-for-gutenberg","init":"ultimate-addons-for-gutenberg\/ultimate-addons-for-gutenberg.php","name":"Spectra"}],"spectra-ver":"v3"},"id-126225":{"title":"Contact","featured-image-url":"https:\/\/websitedemos.net\/wp-content\/uploads\/2025\/10\/deli-restaurant-09-contact.jpg","thumbnail-image-url":"https:\/\/websitedemos.net\/wp-content\/uploads\/2025\/10\/deli-restaurant-09-contact-600x1089.jpg","astra-page-api-url":"https:\/\/websitedemos.net\/deli-restaurant-09\/wp-json\/wp\/v2\/pages\/376","dynamic-page":"no","astra-page-url":"\/\/websitedemos.net\/deli-restaurant-09\/contact\/","astra-sites-tag":{"415":"contact"},"site-pages-type":"free","site-pages-page-builder":"gutenberg","site-pages-category":[],"site-pages-parent-category":{"60":"business","61":"free"},"required-plugins":[{"slug":"ultimate-addons-for-gutenberg","init":"ultimate-addons-for-gutenberg\/ultimate-addons-for-gutenberg.php","name":"Spectra"},{"slug":"sureforms","init":"sureforms\/sureforms.php","name":"SureForms"}],"spectra-ver":"v3"},"id-126226":{"title":"Home","featured-image-url":"https:\/\/websitedemos.net\/wp-content\/uploads\/2025\/10\/delis-restaurant-09.jpg","thumbnail-image-url":"https:\/\/websitedemos.net\/wp-content\/uploads\/2025\/10\/delis-restaurant-09-600x3370.jpg","astra-page-api-url":"https:\/\/websitedemos.net\/deli-restaurant-09\/wp-json\/wp\/v2\/pages\/366","dynamic-page":"no","astra-page-url":"\/\/websitedemos.net\/deli-restaurant-09\/","astra-sites-tag":{"423":"home"},"site-pages-type":"free","site-pages-page-builder":"gutenberg","site-pages-category":[],"site-pages-parent-category":{"60":"business","61":"free"},"required-plugins":[{"slug":"ultimate-addons-for-gutenberg","init":"ultimate-addons-for-gutenberg\/ultimate-addons-for-gutenberg.php","name":"Spectra"}],"spectra-ver":"v3"},"id-126227":{"title":"Menu","featured-image-url":"https:\/\/websitedemos.net\/wp-content\/uploads\/2025\/10\/deli-restaurant-09-menu.jpg","thumbnail-image-url":"https:\/\/websitedemos.net\/wp-content\/uploads\/2025\/10\/deli-restaurant-09-menu-600x2056.jpg","astra-page-api-url":"https:\/\/websitedemos.net\/deli-restaurant-09\/wp-json\/wp\/v2\/pages\/370","dynamic-page":"no","astra-page-url":"\/\/websitedemos.net\/deli-restaurant-09\/menu\/","astra-sites-tag":{"565":"menu"},"site-pages-type":"free","site-pages-page-builder":"gutenberg","site-pages-category":[],"site-pages-parent-category":{"60":"business","61":"free"},"required-plugins":[{"slug":"ultimate-addons-for-gutenberg","init":"ultimate-addons-for-gutenberg\/ultimate-addons-for-gutenberg.php","name":"Spectra"}],"spectra-ver":"v3"},"id-126228":{"title":"Menu Dark","featured-image-url":"https:\/\/websitedemos.net\/wp-content\/uploads\/2025\/10\/deli-restaurant-09-menu-dark.jpg","thumbnail-image-url":"https:\/\/websitedemos.net\/wp-content\/uploads\/2025\/10\/deli-restaurant-09-menu-dark-600x2109.jpg","astra-page-api-url":"https:\/\/websitedemos.net\/deli-restaurant-09\/wp-json\/wp\/v2\/pages\/372","dynamic-page":"no","astra-page-url":"\/\/websitedemos.net\/deli-restaurant-09\/menu-dark\/","astra-sites-tag":{"1616":"dark-menu"},"site-pages-type":"free","site-pages-page-builder":"gutenberg","site-pages-category":[],"site-pages-parent-category":{"60":"business","61":"free"},"required-plugins":[{"slug":"ultimate-addons-for-gutenberg","init":"ultimate-addons-for-gutenberg\/ultimate-addons-for-gutenberg.php","name":"Spectra"}],"spectra-ver":"v3"},"id-126229":{"title":"Testimonial","featured-image-url":"https:\/\/websitedemos.net\/wp-content\/uploads\/2025\/10\/deli-restaurant-09-testimonials.jpg","thumbnail-image-url":"https:\/\/websitedemos.net\/wp-content\/uploads\/2025\/10\/deli-restaurant-09-testimonials-600x1413.jpg","astra-page-api-url":"https:\/\/websitedemos.net\/deli-restaurant-09\/wp-json\/wp\/v2\/pages\/374","dynamic-page":"no","astra-page-url":"\/\/websitedemos.net\/deli-restaurant-09\/testimonial\/","astra-sites-tag":{"433":"testimonials"},"site-pages-type":"free","site-pages-page-builder":"gutenberg","site-pages-category":[],"site-pages-parent-category":{"60":"business","61":"free"},"required-plugins":[{"slug":"ultimate-addons-for-gutenberg","init":"ultimate-addons-for-gutenberg\/ultimate-addons-for-gutenberg.php","name":"Spectra"}],"spectra-ver":"v3"}},"spectra-ver":"v3","query_args":{"post_type":"astra-sites","post_status":["publish"],"fields":"ids","no_found_rows":true,"paged":2,"posts_per_page":15,"tax_query":{"relation":"AND","0":{"relation":"OR","0":{"taxonomy":"spectra-blocks-ver","field":"slug","terms":["v3"],"operator":"IN"},"1":{"taxonomy":"astra-site-page-builder","field":"slug","terms":"gutenberg","operator":"NOT IN"}},"1":{"taxonomy":"astra-sites-type","field":"slug","terms":["siteground"],"operator":"NOT IN"}}},"related-bb-template":"","related-elementor-template":"","related-gutenberg-template":"","related_ecommerce_template":"","ecommerce_parent_template":""},"id-156866":{"title":"Books Store","id":156866,"publish-date":1770052363,"featured-image-url":"https:\/\/websitedemos.net\/wp-content\/uploads\/2026\/01\/book-store-09.jpg","thumbnail-image-url":"https:\/\/websitedemos.net\/wp-content\/uploads\/2026\/01\/book-store-09-600x2546.jpg","fullpage-thumbnail-image-url":"https:\/\/websitedemos.net\/wp-content\/uploads\/2026\/01\/book-store-09-400x1697.jpg","astra-site-url":"\/\/websitedemos.net\/books-store-09","astra-site-parent-id":3822,"astra-sites-tag":[],"astra-sites-type":"free","astra-site-category":{"38":"ecommerce","39":"free"},"astra-sites-template-category":[],"astra-site-page-builder":"gutenberg","categories":[],"required-plugins":[{"slug":"ultimate-addons-for-gutenberg","init":"ultimate-addons-for-gutenberg\/ultimate-addons-for-gutenberg.php","name":"Spectra"},{"slug":"astra-sites","init":"astra-sites\/astra-sites.php","name":"Starter Templates"},{"slug":"surecart","init":"surecart\/surecart.php","name":"SureCart"},{"slug":"sureforms","init":"sureforms\/sureforms.php","name":"SureForms"},{"slug":"surerank","init":"surerank\/surerank.php","name":"SureRank SEO"},{"slug":"insert-headers-and-footers","init":"insert-headers-and-footers\/ihaf.php","name":"WPCode Lite"}],"post-status":"publish","post-content":"","post-excerpt":"","pages":{"id-156867":{"title":"About Author","featured-image-url":"https:\/\/websitedemos.net\/wp-content\/uploads\/2026\/01\/book-store-09-about-author.jpg","thumbnail-image-url":"https:\/\/websitedemos.net\/wp-content\/uploads\/2026\/01\/book-store-09-about-author-600x1597.jpg","astra-page-api-url":"https:\/\/websitedemos.net\/books-store-09\/wp-json\/wp\/v2\/pages\/1572","dynamic-page":"no","astra-page-url":"\/\/websitedemos.net\/books-store-09\/about-author\/","astra-sites-tag":{"352":"about"},"site-pages-type":"free","site-pages-page-builder":"gutenberg","site-pages-category":[],"site-pages-parent-category":{"64":"ecommerce","61":"free"},"required-plugins":[{"slug":"ultimate-addons-for-gutenberg","init":"ultimate-addons-for-gutenberg\/ultimate-addons-for-gutenberg.php","name":"Spectra"}],"spectra-ver":"v3"},"id-156868":{"title":"Contact","featured-image-url":"https:\/\/websitedemos.net\/wp-content\/uploads\/2026\/01\/book-store-09-contact.jpg","thumbnail-image-url":"https:\/\/websitedemos.net\/wp-content\/uploads\/2026\/01\/book-store-09-contact-600x931.jpg","astra-page-api-url":"https:\/\/websitedemos.net\/books-store-09\/wp-json\/wp\/v2\/pages\/1576","dynamic-page":"no","astra-page-url":"\/\/websitedemos.net\/books-store-09\/contact\/","astra-sites-tag":{"415":"contact"},"site-pages-type":"free","site-pages-page-builder":"gutenberg","site-pages-category":[],"site-pages-parent-category":{"64":"ecommerce","61":"free"},"required-plugins":[{"slug":"ultimate-addons-for-gutenberg","init":"ultimate-addons-for-gutenberg\/ultimate-addons-for-gutenberg.php","name":"Spectra"},{"slug":"sureforms","init":"sureforms\/sureforms.php","name":"SureForms"}],"spectra-ver":"v3"},"id-156869":{"title":"Home","featured-image-url":"https:\/\/websitedemos.net\/wp-content\/uploads\/2026\/01\/book-store-09-1.jpg","thumbnail-image-url":"https:\/\/websitedemos.net\/wp-content\/uploads\/2026\/01\/book-store-09-1-600x2546.jpg","astra-page-api-url":"https:\/\/websitedemos.net\/books-store-09\/wp-json\/wp\/v2\/pages\/1559","dynamic-page":"yes","astra-page-url":"\/\/websitedemos.net\/books-store-09\/","astra-sites-tag":{"423":"home"},"site-pages-type":"free","site-pages-page-builder":"gutenberg","site-pages-category":[],"site-pages-parent-category":{"64":"ecommerce","61":"free"},"required-plugins":[{"slug":"ultimate-addons-for-gutenberg","init":"ultimate-addons-for-gutenberg\/ultimate-addons-for-gutenberg.php","name":"Spectra"}],"spectra-ver":"v3"}},"spectra-ver":"v3","query_args":{"post_type":"astra-sites","post_status":["publish"],"fields":"ids","no_found_rows":true,"paged":2,"posts_per_page":15,"tax_query":{"relation":"AND","0":{"relation":"OR","0":{"taxonomy":"spectra-blocks-ver","field":"slug","terms":["v3"],"operator":"IN"},"1":{"taxonomy":"astra-site-page-builder","field":"slug","terms":"gutenberg","operator":"NOT IN"}},"1":{"taxonomy":"astra-sites-type","field":"slug","terms":["siteground"],"operator":"NOT IN"}}},"related-bb-template":"","related-elementor-template":"","related-gutenberg-template":"","related_ecommerce_template":57319,"ecommerce_parent_template":""},"id-156850":{"title":"Cosmetics Store SC","id":156850,"publish-date":1770053700,"featured-image-url":"https:\/\/websitedemos.net\/wp-content\/uploads\/2026\/01\/cosmetics-store-09-1.jpg","thumbnail-image-url":"https:\/\/websitedemos.net\/wp-content\/uploads\/2026\/01\/cosmetics-store-09-1-600x2401.jpg","fullpage-thumbnail-image-url":"https:\/\/websitedemos.net\/wp-content\/uploads\/2026\/01\/cosmetics-store-09-1-400x1601.jpg","astra-site-url":"\/\/websitedemos.net\/cosmetic-store-09","astra-site-parent-id":3821,"astra-sites-tag":[],"astra-sites-type":"free","astra-site-category":{"38":"ecommerce","39":"free"},"astra-sites-template-category":[],"astra-site-page-builder":"gutenberg","categories":{"2479":"beauty","2495":"ecommerce"},"required-plugins":[{"slug":"ultimate-addons-for-gutenberg","init":"ultimate-addons-for-gutenberg\/ultimate-addons-for-gutenberg.php","name":"Spectra"},{"slug":"surecart","init":"surecart\/surecart.php","name":"SureCart"},{"slug":"sureforms","init":"sureforms\/sureforms.php","name":"SureForms"}],"post-status":"publish","post-content":"","post-excerpt":"","pages":{"id-156851":{"title":"About","featured-image-url":"https:\/\/websitedemos.net\/wp-content\/uploads\/2026\/01\/cosmetics-store-09-about-1.jpg","thumbnail-image-url":"https:\/\/websitedemos.net\/wp-content\/uploads\/2026\/01\/cosmetics-store-09-about-1-600x1218.jpg","astra-page-api-url":"https:\/\/websitedemos.net\/cosmetic-store-09\/wp-json\/wp\/v2\/pages\/1160","dynamic-page":"no","astra-page-url":"\/\/websitedemos.net\/cosmetic-store-09\/about\/","astra-sites-tag":{"352":"about"},"site-pages-type":"free","site-pages-page-builder":"gutenberg","site-pages-category":[],"site-pages-parent-category":{"64":"ecommerce","61":"free"},"required-plugins":[{"slug":"ultimate-addons-for-gutenberg","init":"ultimate-addons-for-gutenberg\/ultimate-addons-for-gutenberg.php","name":"Spectra"}],"spectra-ver":"v3"},"id-156852":{"title":"Contact","featured-image-url":"https:\/\/websitedemos.net\/wp-content\/uploads\/2026\/01\/cosmetics-store-09-contact-1.jpg","thumbnail-image-url":"https:\/\/websitedemos.net\/wp-content\/uploads\/2026\/01\/cosmetics-store-09-contact-1-600x1187.jpg","astra-page-api-url":"https:\/\/websitedemos.net\/cosmetic-store-09\/wp-json\/wp\/v2\/pages\/1162","dynamic-page":"no","astra-page-url":"\/\/websitedemos.net\/cosmetic-store-09\/contact\/","astra-sites-tag":{"415":"contact"},"site-pages-type":"free","site-pages-page-builder":"gutenberg","site-pages-category":[],"site-pages-parent-category":{"64":"ecommerce","61":"free"},"required-plugins":[{"slug":"ultimate-addons-for-gutenberg","init":"ultimate-addons-for-gutenberg\/ultimate-addons-for-gutenberg.php","name":"Spectra"},{"slug":"sureforms","init":"sureforms\/sureforms.php","name":"SureForms"}],"spectra-ver":"v3"},"id-156853":{"title":"Home","featured-image-url":"https:\/\/websitedemos.net\/wp-content\/uploads\/2026\/01\/cosmetics-store-09.jpg","thumbnail-image-url":"https:\/\/websitedemos.net\/wp-content\/uploads\/2026\/01\/cosmetics-store-09-600x2401.jpg","astra-page-api-url":"https:\/\/websitedemos.net\/cosmetic-store-09\/wp-json\/wp\/v2\/pages\/1147","dynamic-page":"yes","astra-page-url":"\/\/websitedemos.net\/cosmetic-store-09\/","astra-sites-tag":{"423":"home"},"site-pages-type":"free","site-pages-page-builder":"gutenberg","site-pages-category":[],"site-pages-parent-category":{"64":"ecommerce","61":"free"},"required-plugins":[{"slug":"ultimate-addons-for-gutenberg","init":"ultimate-addons-for-gutenberg\/ultimate-addons-for-gutenberg.php","name":"Spectra"},{"slug":"surecart","init":"surecart\/surecart.php","name":"SureCart"},{"slug":"sureforms","init":"sureforms\/sureforms.php","name":"SureForms"}],"spectra-ver":"v3"},"id-156854":{"title":"Testimonials","featured-image-url":"https:\/\/websitedemos.net\/wp-content\/uploads\/2026\/01\/cosmetics-store-09-testimonials.jpg","thumbnail-image-url":"https:\/\/websitedemos.net\/wp-content\/uploads\/2026\/01\/cosmetics-store-09-testimonials-600x1164.jpg","astra-page-api-url":"https:\/\/websitedemos.net\/cosmetic-store-09\/wp-json\/wp\/v2\/pages\/1164","dynamic-page":"no","astra-page-url":"\/\/websitedemos.net\/cosmetic-store-09\/testimonials\/","astra-sites-tag":{"433":"testimonials"},"site-pages-type":"free","site-pages-page-builder":"gutenberg","site-pages-category":[],"site-pages-parent-category":{"64":"ecommerce","61":"free"},"required-plugins":[{"slug":"ultimate-addons-for-gutenberg","init":"ultimate-addons-for-gutenberg\/ultimate-addons-for-gutenberg.php","name":"Spectra"},{"slug":"sureforms","init":"sureforms\/sureforms.php","name":"SureForms"}],"spectra-ver":"v3"}},"spectra-ver":"v3","query_args":{"post_type":"astra-sites","post_status":["publish"],"fields":"ids","no_found_rows":true,"paged":2,"posts_per_page":15,"tax_query":{"relation":"AND","0":{"relation":"OR","0":{"taxonomy":"spectra-blocks-ver","field":"slug","terms":["v3"],"operator":"IN"},"1":{"taxonomy":"astra-site-page-builder","field":"slug","terms":"gutenberg","operator":"NOT IN"}},"1":{"taxonomy":"astra-sites-type","field":"slug","terms":["siteground"],"operator":"NOT IN"}}},"related-bb-template":"","related-elementor-template":"","related-gutenberg-template":"","related_ecommerce_template":45643,"ecommerce_parent_template":""}}