{"id-144126":{"title":"Portfolio &amp; CV","id":144126,"publish-date":1765216178,"featured-image-url":"https:\/\/websitedemos.net\/wp-content\/uploads\/2025\/12\/portfolio-09.jpg","thumbnail-image-url":"https:\/\/websitedemos.net\/wp-content\/uploads\/2025\/12\/portfolio-09-600x2690.jpg","fullpage-thumbnail-image-url":"https:\/\/websitedemos.net\/wp-content\/uploads\/2025\/12\/portfolio-09-400x1793.jpg","astra-site-url":"\/\/websitedemos.net\/portfolio-09","astra-site-parent-id":3809,"astra-sites-tag":{"2151":"curriculum-vitae","2150":"cv","1903":"personal-website","444":"portfolio","2153":"resume","2152":"work-profile"},"astra-sites-type":"free","astra-site-category":{"39":"free","36":"other"},"astra-sites-template-category":{"2810":"freelance","2770":"personal","2768":"portfolio","2783":"resume"},"astra-site-page-builder":"gutenberg","categories":{"3427":"default","3428":"free","2488":"portfolio"},"required-plugins":[{"slug":"ultimate-addons-for-gutenberg","init":"ultimate-addons-for-gutenberg\/ultimate-addons-for-gutenberg.php","name":"Spectra"},{"slug":"sureforms","init":"sureforms\/sureforms.php","name":"SureForms"}],"post-status":"publish","post-content":"","post-excerpt":"","pages":{"id-144131":{"title":"Services","featured-image-url":"https:\/\/websitedemos.net\/wp-content\/uploads\/2025\/12\/portfolio-09-services.jpg","thumbnail-image-url":"https:\/\/websitedemos.net\/wp-content\/uploads\/2025\/12\/portfolio-09-services-600x1165.jpg","astra-page-api-url":"https:\/\/websitedemos.net\/portfolio-09\/wp-json\/wp\/v2\/pages\/359","dynamic-page":"no","astra-page-url":"\/\/websitedemos.net\/portfolio-09\/services\/","astra-sites-tag":{"425":"services"},"site-pages-type":"free","site-pages-page-builder":"gutenberg","site-pages-category":[],"site-pages-parent-category":{"61":"free","139":"other"},"required-plugins":[{"slug":"ultimate-addons-for-gutenberg","init":"ultimate-addons-for-gutenberg\/ultimate-addons-for-gutenberg.php","name":"Spectra"}],"spectra-ver":"v3"},"id-144127":{"title":"About","featured-image-url":"https:\/\/websitedemos.net\/wp-content\/uploads\/2025\/12\/portfolio-09-about.jpg","thumbnail-image-url":"https:\/\/websitedemos.net\/wp-content\/uploads\/2025\/12\/portfolio-09-about-600x1828.jpg","astra-page-api-url":"https:\/\/websitedemos.net\/portfolio-09\/wp-json\/wp\/v2\/pages\/345","dynamic-page":"no","astra-page-url":"\/\/websitedemos.net\/portfolio-09\/about\/","astra-sites-tag":{"352":"about"},"site-pages-type":"free","site-pages-page-builder":"gutenberg","site-pages-category":[],"site-pages-parent-category":{"61":"free","139":"other"},"required-plugins":[{"slug":"ultimate-addons-for-gutenberg","init":"ultimate-addons-for-gutenberg\/ultimate-addons-for-gutenberg.php","name":"Spectra"}],"spectra-ver":"v3"},"id-144128":{"title":"Contact","featured-image-url":"https:\/\/websitedemos.net\/wp-content\/uploads\/2025\/12\/portfolio-09-contact.jpg","thumbnail-image-url":"https:\/\/websitedemos.net\/wp-content\/uploads\/2025\/12\/portfolio-09-contact-600x896.jpg","astra-page-api-url":"https:\/\/websitedemos.net\/portfolio-09\/wp-json\/wp\/v2\/pages\/375","dynamic-page":"no","astra-page-url":"\/\/websitedemos.net\/portfolio-09\/contact\/","astra-sites-tag":{"415":"contact"},"site-pages-type":"free","site-pages-page-builder":"gutenberg","site-pages-category":[],"site-pages-parent-category":{"61":"free","139":"other"},"required-plugins":[{"slug":"ultimate-addons-for-gutenberg","init":"ultimate-addons-for-gutenberg\/ultimate-addons-for-gutenberg.php","name":"Spectra"},{"slug":"sureforms","init":"sureforms\/sureforms.php","name":"SureForms"}],"spectra-ver":"v3"},"id-144129":{"title":"Home","featured-image-url":"https:\/\/websitedemos.net\/wp-content\/uploads\/2025\/12\/portfolio-09.jpg","thumbnail-image-url":"https:\/\/websitedemos.net\/wp-content\/uploads\/2025\/12\/portfolio-09-600x2690.jpg","astra-page-api-url":"https:\/\/websitedemos.net\/portfolio-09\/wp-json\/wp\/v2\/pages\/298","dynamic-page":"no","astra-page-url":"\/\/websitedemos.net\/portfolio-09\/","astra-sites-tag":{"423":"home"},"site-pages-type":"free","site-pages-page-builder":"gutenberg","site-pages-category":[],"site-pages-parent-category":{"61":"free","139":"other"},"required-plugins":[{"slug":"ultimate-addons-for-gutenberg","init":"ultimate-addons-for-gutenberg\/ultimate-addons-for-gutenberg.php","name":"Spectra"}],"spectra-ver":"v3"},"id-144130":{"title":"Portfolio","featured-image-url":"https:\/\/websitedemos.net\/wp-content\/uploads\/2025\/12\/portfolio-09-portfolio.jpg","thumbnail-image-url":"https:\/\/websitedemos.net\/wp-content\/uploads\/2025\/12\/portfolio-09-portfolio-600x1826.jpg","astra-page-api-url":"https:\/\/websitedemos.net\/portfolio-09\/wp-json\/wp\/v2\/pages\/366","dynamic-page":"no","astra-page-url":"\/\/websitedemos.net\/portfolio-09\/portfolio\/","astra-sites-tag":{"444":"portfolio"},"site-pages-type":"free","site-pages-page-builder":"gutenberg","site-pages-category":[],"site-pages-parent-category":{"61":"free","139":"other"},"required-plugins":[{"slug":"ultimate-addons-for-gutenberg","init":"ultimate-addons-for-gutenberg\/ultimate-addons-for-gutenberg.php","name":"Spectra"}],"spectra-ver":"v3"}},"spectra-ver":"v3","query_args":{"post_type":"astra-sites","post_status":["publish"],"fields":"ids","no_found_rows":true,"paged":6,"posts_per_page":15,"tax_query":{"relation":"AND","0":{"relation":"OR","0":{"taxonomy":"spectra-blocks-ver","field":"slug","terms":["v3"],"operator":"IN"},"1":{"taxonomy":"astra-site-page-builder","field":"slug","terms":"gutenberg","operator":"NOT IN"}},"1":{"taxonomy":"astra-sites-type","field":"slug","terms":["siteground"],"operator":"NOT IN"}}},"related-bb-template":"","related-elementor-template":"","related-gutenberg-template":"","related_ecommerce_template":"","ecommerce_parent_template":""},"id-130458":{"title":"Coach","id":130458,"publish-date":1763049346,"featured-image-url":"https:\/\/websitedemos.net\/wp-content\/uploads\/2025\/10\/coach-09.jpg","thumbnail-image-url":"https:\/\/websitedemos.net\/wp-content\/uploads\/2025\/10\/coach-09-600x1970.jpg","fullpage-thumbnail-image-url":"https:\/\/websitedemos.net\/wp-content\/uploads\/2025\/10\/coach-09-400x1313.jpg","astra-site-url":"\/\/websitedemos.net\/coach-09","astra-site-parent-id":3774,"astra-sites-tag":{"610":"coaching","608":"guidance","612":"life-coach","609":"motivator","1020":"personal","611":"self-improvement"},"astra-sites-type":"free","astra-site-category":{"27":"business","39":"free"},"astra-sites-template-category":{"2825":"coaching","2835":"elearning","2770":"personal"},"astra-site-page-builder":"gutenberg","categories":{"3435":"business","2494":"elearning","3428":"free"},"required-plugins":[{"slug":"ultimate-addons-for-gutenberg","init":"ultimate-addons-for-gutenberg\/ultimate-addons-for-gutenberg.php","name":"Spectra"},{"slug":"sureforms","init":"sureforms\/sureforms.php","name":"SureForms"}],"post-status":"publish","post-content":"","post-excerpt":"","pages":{"id-130534":{"title":"About","featured-image-url":"https:\/\/websitedemos.net\/wp-content\/uploads\/2025\/10\/coach-09-about.jpg","thumbnail-image-url":"https:\/\/websitedemos.net\/wp-content\/uploads\/2025\/10\/coach-09-about-600x1638.jpg","astra-page-api-url":"https:\/\/websitedemos.net\/coach-09\/wp-json\/wp\/v2\/pages\/391","dynamic-page":"no","astra-page-url":"\/\/websitedemos.net\/coach-09\/about\/","astra-sites-tag":{"352":"about"},"site-pages-type":"free","site-pages-page-builder":"gutenberg","site-pages-category":[],"site-pages-parent-category":{"60":"business","61":"free"},"required-plugins":[{"slug":"ultimate-addons-for-gutenberg","init":"ultimate-addons-for-gutenberg\/ultimate-addons-for-gutenberg.php","name":"Spectra"}],"spectra-ver":"v3"},"id-130536":{"title":"Courses","featured-image-url":"https:\/\/websitedemos.net\/wp-content\/uploads\/2025\/10\/coach-09-courses.jpg","thumbnail-image-url":"https:\/\/websitedemos.net\/wp-content\/uploads\/2025\/10\/coach-09-courses-600x1018.jpg","astra-page-api-url":"https:\/\/websitedemos.net\/coach-09\/wp-json\/wp\/v2\/pages\/395","dynamic-page":"no","astra-page-url":"\/\/websitedemos.net\/coach-09\/courses\/","astra-sites-tag":{"462":"courses"},"site-pages-type":"free","site-pages-page-builder":"gutenberg","site-pages-category":[],"site-pages-parent-category":{"60":"business","61":"free"},"required-plugins":[{"slug":"ultimate-addons-for-gutenberg","init":"ultimate-addons-for-gutenberg\/ultimate-addons-for-gutenberg.php","name":"Spectra"}],"spectra-ver":"v3"},"id-130537":{"title":"e-Books","featured-image-url":"https:\/\/websitedemos.net\/wp-content\/uploads\/2025\/10\/coach-09-ebook.jpg","thumbnail-image-url":"https:\/\/websitedemos.net\/wp-content\/uploads\/2025\/10\/coach-09-ebook-600x1161.jpg","astra-page-api-url":"https:\/\/websitedemos.net\/coach-09\/wp-json\/wp\/v2\/pages\/393","dynamic-page":"no","astra-page-url":"\/\/websitedemos.net\/coach-09\/e-book\/","astra-sites-tag":{"727":"book"},"site-pages-type":"free","site-pages-page-builder":"gutenberg","site-pages-category":[],"site-pages-parent-category":{"60":"business","61":"free"},"required-plugins":[{"slug":"ultimate-addons-for-gutenberg","init":"ultimate-addons-for-gutenberg\/ultimate-addons-for-gutenberg.php","name":"Spectra"}],"spectra-ver":"v3"},"id-130538":{"title":"Home","featured-image-url":"https:\/\/websitedemos.net\/wp-content\/uploads\/2025\/10\/coach-09-1.jpg","thumbnail-image-url":"https:\/\/websitedemos.net\/wp-content\/uploads\/2025\/10\/coach-09-1-600x1970.jpg","astra-page-api-url":"https:\/\/websitedemos.net\/coach-09\/wp-json\/wp\/v2\/pages\/389","dynamic-page":"no","astra-page-url":"\/\/websitedemos.net\/coach-09\/","astra-sites-tag":{"423":"home"},"site-pages-type":"free","site-pages-page-builder":"gutenberg","site-pages-category":[],"site-pages-parent-category":{"60":"business","61":"free"},"required-plugins":[{"slug":"ultimate-addons-for-gutenberg","init":"ultimate-addons-for-gutenberg\/ultimate-addons-for-gutenberg.php","name":"Spectra"}],"spectra-ver":"v3"},"id-130535":{"title":"Contact","featured-image-url":"https:\/\/websitedemos.net\/wp-content\/uploads\/2025\/10\/coach-09-contact.jpg","thumbnail-image-url":"https:\/\/websitedemos.net\/wp-content\/uploads\/2025\/10\/coach-09-contact-600x855.jpg","astra-page-api-url":"https:\/\/websitedemos.net\/coach-09\/wp-json\/wp\/v2\/pages\/397","dynamic-page":"no","astra-page-url":"\/\/websitedemos.net\/coach-09\/contact\/","astra-sites-tag":{"415":"contact"},"site-pages-type":"free","site-pages-page-builder":"gutenberg","site-pages-category":[],"site-pages-parent-category":{"60":"business","61":"free"},"required-plugins":[{"slug":"ultimate-addons-for-gutenberg","init":"ultimate-addons-for-gutenberg\/ultimate-addons-for-gutenberg.php","name":"Spectra"},{"slug":"sureforms","init":"sureforms\/sureforms.php","name":"SureForms"}],"spectra-ver":"v3"}},"spectra-ver":"v3","query_args":{"post_type":"astra-sites","post_status":["publish"],"fields":"ids","no_found_rows":true,"paged":6,"posts_per_page":15,"tax_query":{"relation":"AND","0":{"relation":"OR","0":{"taxonomy":"spectra-blocks-ver","field":"slug","terms":["v3"],"operator":"IN"},"1":{"taxonomy":"astra-site-page-builder","field":"slug","terms":"gutenberg","operator":"NOT IN"}},"1":{"taxonomy":"astra-sites-type","field":"slug","terms":["siteground"],"operator":"NOT IN"}}},"related-bb-template":"","related-elementor-template":"","related-gutenberg-template":"","related_ecommerce_template":"","ecommerce_parent_template":""},"id-144110":{"title":"Theatre Artist","id":144110,"publish-date":1765215659,"featured-image-url":"https:\/\/websitedemos.net\/wp-content\/uploads\/2025\/12\/theatre-artist-09.jpg","thumbnail-image-url":"https:\/\/websitedemos.net\/wp-content\/uploads\/2025\/12\/theatre-artist-09-600x2960.jpg","fullpage-thumbnail-image-url":"https:\/\/websitedemos.net\/wp-content\/uploads\/2025\/12\/theatre-artist-09-400x1973.jpg","astra-site-url":"\/\/websitedemos.net\/theatre-artist-09","astra-site-parent-id":3807,"astra-sites-tag":{"1906":"actor","339":"artist","1572":"performer","444":"portfolio","1905":"theatre-artist"},"astra-sites-type":"free","astra-site-category":{"27":"business","39":"free"},"astra-sites-template-category":{"2802":"artist","2784":"event","2770":"personal","2768":"portfolio"},"astra-site-page-builder":"gutenberg","categories":{"2488":"portfolio"},"required-plugins":[{"slug":"ultimate-addons-for-gutenberg","init":"ultimate-addons-for-gutenberg\/ultimate-addons-for-gutenberg.php","name":"Spectra"},{"slug":"sureforms","init":"sureforms\/sureforms.php","name":"SureForms"}],"post-status":"publish","post-content":"","post-excerpt":"","pages":{"id-144111":{"title":"Biography","featured-image-url":"https:\/\/websitedemos.net\/wp-content\/uploads\/2025\/12\/theatre-artist-09-biography.jpg","thumbnail-image-url":"https:\/\/websitedemos.net\/wp-content\/uploads\/2025\/12\/theatre-artist-09-biography-600x1977.jpg","astra-page-api-url":"https:\/\/websitedemos.net\/theatre-artist-09\/wp-json\/wp\/v2\/pages\/694","dynamic-page":"no","astra-page-url":"\/\/websitedemos.net\/theatre-artist-09\/biography\/","astra-sites-tag":{"1566":"biography"},"site-pages-type":"free","site-pages-page-builder":"gutenberg","site-pages-category":[],"site-pages-parent-category":{"60":"business","61":"free"},"required-plugins":[{"slug":"ultimate-addons-for-gutenberg","init":"ultimate-addons-for-gutenberg\/ultimate-addons-for-gutenberg.php","name":"Spectra"}],"spectra-ver":"v3"},"id-144113":{"title":"Home","featured-image-url":"https:\/\/websitedemos.net\/wp-content\/uploads\/2025\/12\/theatre-artist-09.jpg","thumbnail-image-url":"https:\/\/websitedemos.net\/wp-content\/uploads\/2025\/12\/theatre-artist-09-600x2960.jpg","astra-page-api-url":"https:\/\/websitedemos.net\/theatre-artist-09\/wp-json\/wp\/v2\/pages\/691","dynamic-page":"no","astra-page-url":"\/\/websitedemos.net\/theatre-artist-09\/","astra-sites-tag":{"423":"home"},"site-pages-type":"free","site-pages-page-builder":"gutenberg","site-pages-category":[],"site-pages-parent-category":{"60":"business","61":"free"},"required-plugins":[{"slug":"ultimate-addons-for-gutenberg","init":"ultimate-addons-for-gutenberg\/ultimate-addons-for-gutenberg.php","name":"Spectra"}],"spectra-ver":"v3"},"id-144114":{"title":"Repertoire","featured-image-url":"https:\/\/websitedemos.net\/wp-content\/uploads\/2025\/12\/theatre-artist-09-repertoire.jpg","thumbnail-image-url":"https:\/\/websitedemos.net\/wp-content\/uploads\/2025\/12\/theatre-artist-09-repertoire-600x2207.jpg","astra-page-api-url":"https:\/\/websitedemos.net\/theatre-artist-09\/wp-json\/wp\/v2\/pages\/696","dynamic-page":"no","astra-page-url":"\/\/websitedemos.net\/theatre-artist-09\/repertoire\/","astra-sites-tag":{"3808":"reportoire"},"site-pages-type":"free","site-pages-page-builder":"gutenberg","site-pages-category":[],"site-pages-parent-category":{"60":"business","61":"free"},"required-plugins":[{"slug":"ultimate-addons-for-gutenberg","init":"ultimate-addons-for-gutenberg\/ultimate-addons-for-gutenberg.php","name":"Spectra"}],"spectra-ver":"v3"},"id-144112":{"title":"Contact","featured-image-url":"https:\/\/websitedemos.net\/wp-content\/uploads\/2025\/12\/theatre-artist-09-contact.jpg","thumbnail-image-url":"https:\/\/websitedemos.net\/wp-content\/uploads\/2025\/12\/theatre-artist-09-contact-600x882.jpg","astra-page-api-url":"https:\/\/websitedemos.net\/theatre-artist-09\/wp-json\/wp\/v2\/pages\/698","dynamic-page":"no","astra-page-url":"\/\/websitedemos.net\/theatre-artist-09\/contact\/","astra-sites-tag":{"415":"contact"},"site-pages-type":"free","site-pages-page-builder":"gutenberg","site-pages-category":[],"site-pages-parent-category":{"60":"business","61":"free"},"required-plugins":[{"slug":"ultimate-addons-for-gutenberg","init":"ultimate-addons-for-gutenberg\/ultimate-addons-for-gutenberg.php","name":"Spectra"},{"slug":"sureforms","init":"sureforms\/sureforms.php","name":"SureForms"}],"spectra-ver":"v3"}},"spectra-ver":"v3","query_args":{"post_type":"astra-sites","post_status":["publish"],"fields":"ids","no_found_rows":true,"paged":6,"posts_per_page":15,"tax_query":{"relation":"AND","0":{"relation":"OR","0":{"taxonomy":"spectra-blocks-ver","field":"slug","terms":["v3"],"operator":"IN"},"1":{"taxonomy":"astra-site-page-builder","field":"slug","terms":"gutenberg","operator":"NOT IN"}},"1":{"taxonomy":"astra-sites-type","field":"slug","terms":["siteground"],"operator":"NOT IN"}}},"related-bb-template":"","related-elementor-template":"","related-gutenberg-template":"","related_ecommerce_template":"","ecommerce_parent_template":""},"id-130407":{"title":"Professional Services","id":130407,"publish-date":1763049205,"featured-image-url":"https:\/\/websitedemos.net\/wp-content\/uploads\/2025\/11\/professional-services-09-2.jpg","thumbnail-image-url":"https:\/\/websitedemos.net\/wp-content\/uploads\/2025\/11\/professional-services-09-2-600x1765.jpg","fullpage-thumbnail-image-url":"https:\/\/websitedemos.net\/wp-content\/uploads\/2025\/11\/professional-services-09-2-400x1177.jpg","astra-site-url":"\/\/websitedemos.net\/professional-services-09","astra-site-parent-id":3773,"astra-sites-tag":{"2131":"accounting-firm","2135":"advisory-services","2134":"advocate","2133":"advocate-firm","2132":"auditing-firm","2136":"business-coaching","3416":"elementor","2129":"professional-coaching"},"astra-sites-type":"agency-mini","astra-site-category":{"27":"business","39":"free"},"astra-sites-template-category":{"2777":"business","2825":"coaching","2794":"consulting","2831":"service"},"astra-site-page-builder":"gutenberg","categories":{"3435":"business","3428":"free"},"required-plugins":[{"slug":"ultimate-addons-for-gutenberg","init":"ultimate-addons-for-gutenberg\/ultimate-addons-for-gutenberg.php","name":"Spectra"},{"slug":"sureforms","init":"sureforms\/sureforms.php","name":"SureForms"}],"post-status":"publish","post-content":"","post-excerpt":"","pages":{"id-130424":{"title":"Home","featured-image-url":"https:\/\/websitedemos.net\/wp-content\/uploads\/2025\/10\/professional-services-09.jpg","thumbnail-image-url":"https:\/\/websitedemos.net\/wp-content\/uploads\/2025\/10\/professional-services-09-600x1765.jpg","astra-page-api-url":"https:\/\/websitedemos.net\/professional-services-09\/wp-json\/wp\/v2\/pages\/429","dynamic-page":"no","astra-page-url":"\/\/websitedemos.net\/professional-services-09\/","astra-sites-tag":{"423":"home"},"site-pages-type":"agency-mini","site-pages-page-builder":"gutenberg","site-pages-category":[],"site-pages-parent-category":{"60":"business","61":"free"},"required-plugins":"","spectra-ver":"v3"},"id-130425":{"title":"Services","featured-image-url":"https:\/\/websitedemos.net\/wp-content\/uploads\/2025\/10\/professional-services-09-services.jpg","thumbnail-image-url":"https:\/\/websitedemos.net\/wp-content\/uploads\/2025\/10\/professional-services-09-services-600x1765.jpg","astra-page-api-url":"https:\/\/websitedemos.net\/professional-services-09\/wp-json\/wp\/v2\/pages\/431","dynamic-page":"no","astra-page-url":"\/\/websitedemos.net\/professional-services-09\/services\/","astra-sites-tag":{"425":"services"},"site-pages-type":"agency-mini","site-pages-page-builder":"gutenberg","site-pages-category":[],"site-pages-parent-category":{"60":"business","61":"free"},"required-plugins":"","spectra-ver":"v3"},"id-130422":{"title":"About Us","featured-image-url":"https:\/\/websitedemos.net\/wp-content\/uploads\/2025\/10\/professional-services-09-about-us.jpg","thumbnail-image-url":"https:\/\/websitedemos.net\/wp-content\/uploads\/2025\/10\/professional-services-09-about-us-600x1490.jpg","astra-page-api-url":"https:\/\/websitedemos.net\/professional-services-09\/wp-json\/wp\/v2\/pages\/430","dynamic-page":"no","astra-page-url":"\/\/websitedemos.net\/professional-services-09\/about-us\/","astra-sites-tag":{"455":"about-us"},"site-pages-type":"agency-mini","site-pages-page-builder":"gutenberg","site-pages-category":[],"site-pages-parent-category":{"60":"business","61":"free"},"required-plugins":"","spectra-ver":"v3"},"id-130423":{"title":"Contact Us","featured-image-url":"https:\/\/websitedemos.net\/wp-content\/uploads\/2025\/10\/professional-services-09-contact-us.jpg","thumbnail-image-url":"https:\/\/websitedemos.net\/wp-content\/uploads\/2025\/10\/professional-services-09-contact-us-600x1010.jpg","astra-page-api-url":"https:\/\/websitedemos.net\/professional-services-09\/wp-json\/wp\/v2\/pages\/9","dynamic-page":"no","astra-page-url":"\/\/websitedemos.net\/professional-services-09\/contact-us\/","astra-sites-tag":{"454":"contact-us"},"site-pages-type":"agency-mini","site-pages-page-builder":"gutenberg","site-pages-category":[],"site-pages-parent-category":{"60":"business","61":"free"},"required-plugins":"","spectra-ver":"v3"}},"spectra-ver":"v3","query_args":{"post_type":"astra-sites","post_status":["publish"],"fields":"ids","no_found_rows":true,"paged":6,"posts_per_page":15,"tax_query":{"relation":"AND","0":{"relation":"OR","0":{"taxonomy":"spectra-blocks-ver","field":"slug","terms":["v3"],"operator":"IN"},"1":{"taxonomy":"astra-site-page-builder","field":"slug","terms":"gutenberg","operator":"NOT IN"}},"1":{"taxonomy":"astra-sites-type","field":"slug","terms":["siteground"],"operator":"NOT IN"}}},"related-bb-template":"","related-elementor-template":"","related-gutenberg-template":"","related_ecommerce_template":"","ecommerce_parent_template":""},"id-20810":{"title":"Growth Marketer","id":20810,"publish-date":1551243190,"featured-image-url":"https:\/\/websitedemos.net\/wp-content\/uploads\/2019\/07\/content-marketing-01-homepage.jpg","thumbnail-image-url":"https:\/\/websitedemos.net\/wp-content\/uploads\/2019\/07\/content-marketing-01-homepage.jpg","fullpage-thumbnail-image-url":"https:\/\/websitedemos.net\/wp-content\/uploads\/2019\/07\/content-marketing-01-homepage.jpg","astra-site-url":"\/\/websitedemos.net\/content-marketing-01","astra-site-parent-id":227,"astra-sites-tag":{"470":"content-marketing","472":"growth","471":"strategy"},"astra-sites-type":"free","astra-site-category":{"27":"business","39":"free"},"astra-sites-template-category":[],"astra-site-page-builder":"beaver-builder","categories":{"2488":"portfolio"},"required-plugins":[{"slug":"astra-widgets","init":"astra-widgets\/astra-widgets.php","name":"Astra Widgets"},{"slug":"beaver-builder-lite-version","init":"beaver-builder-lite-version\/fl-builder.php","name":"Beaver Builder Plugin (Lite Version)"},{"slug":"ultimate-addons-for-beaver-builder-lite","init":"ultimate-addons-for-beaver-builder-lite\/bb-ultimate-addon.php","name":"Ultimate Addons for Beaver Builder - Lite"},{"slug":"wpforms-lite","init":"wpforms-lite\/wpforms.php","name":"WPForms Lite"}],"post-status":"publish","post-content":"","post-excerpt":"","pages":{"id-24451":{"title":"Home","featured-image-url":"https:\/\/websitedemos.net\/wp-content\/uploads\/2019\/07\/content-marketing-01-homepage.jpg","thumbnail-image-url":"https:\/\/websitedemos.net\/wp-content\/uploads\/2019\/07\/content-marketing-01-homepage.jpg","astra-page-api-url":"https:\/\/websitedemos.net\/content-marketing-01\/wp-json\/wp\/v2\/pages\/106","dynamic-page":"no","astra-page-url":"\/\/websitedemos.net\/content-marketing-01\/","astra-sites-tag":{"423":"home"},"site-pages-type":"free","site-pages-page-builder":"beaver-builder","site-pages-category":[],"site-pages-parent-category":{"60":"business","61":"free"},"required-plugins":[{"slug":"beaver-builder-lite-version","init":"beaver-builder-lite-version\/fl-builder.php","name":"Beaver Builder Plugin (Lite Version)"},{"slug":"ultimate-addons-for-beaver-builder-lite","init":"ultimate-addons-for-beaver-builder-lite\/bb-ultimate-addon.php","name":"Ultimate Addons for Beaver Builder - Lite"}],"spectra-ver":[]},"id-24448":{"title":"About","featured-image-url":"https:\/\/websitedemos.net\/wp-content\/uploads\/2019\/07\/content-marketing-01-about.jpg","thumbnail-image-url":"https:\/\/websitedemos.net\/wp-content\/uploads\/2019\/07\/content-marketing-01-about.jpg","astra-page-api-url":"https:\/\/websitedemos.net\/content-marketing-01\/wp-json\/wp\/v2\/pages\/6","dynamic-page":"no","astra-page-url":"\/\/websitedemos.net\/content-marketing-01\/about\/","astra-sites-tag":{"352":"about"},"site-pages-type":"free","site-pages-page-builder":"beaver-builder","site-pages-category":[],"site-pages-parent-category":{"60":"business","61":"free"},"required-plugins":[{"slug":"beaver-builder-lite-version","init":"beaver-builder-lite-version\/fl-builder.php","name":"Beaver Builder Plugin (Lite Version)"},{"slug":"ultimate-addons-for-beaver-builder-lite","init":"ultimate-addons-for-beaver-builder-lite\/bb-ultimate-addon.php","name":"Ultimate Addons for Beaver Builder - Lite"}],"spectra-ver":[]},"id-24452":{"title":"Testimonials","featured-image-url":"https:\/\/websitedemos.net\/wp-content\/uploads\/2019\/07\/content-marketing-01-testimonials.jpg","thumbnail-image-url":"https:\/\/websitedemos.net\/wp-content\/uploads\/2019\/07\/content-marketing-01-testimonials.jpg","astra-page-api-url":"https:\/\/websitedemos.net\/content-marketing-01\/wp-json\/wp\/v2\/pages\/7","dynamic-page":"no","astra-page-url":"\/\/websitedemos.net\/content-marketing-01\/testimonials\/","astra-sites-tag":{"433":"testimonials"},"site-pages-type":"free","site-pages-page-builder":"beaver-builder","site-pages-category":[],"site-pages-parent-category":{"60":"business","61":"free"},"required-plugins":[{"slug":"beaver-builder-lite-version","init":"beaver-builder-lite-version\/fl-builder.php","name":"Beaver Builder Plugin (Lite Version)"},{"slug":"ultimate-addons-for-beaver-builder-lite","init":"ultimate-addons-for-beaver-builder-lite\/bb-ultimate-addon.php","name":"Ultimate Addons for Beaver Builder - Lite"}],"spectra-ver":[]},"id-24450":{"title":"Hire Me","featured-image-url":"https:\/\/websitedemos.net\/wp-content\/uploads\/2019\/07\/content-marketing-01-hire-me.jpg","thumbnail-image-url":"https:\/\/websitedemos.net\/wp-content\/uploads\/2019\/07\/id-24450-growth-marketer-hire-me-resize.jpg","astra-page-api-url":"https:\/\/websitedemos.net\/content-marketing-01\/wp-json\/wp\/v2\/pages\/9","dynamic-page":"no","astra-page-url":"\/\/websitedemos.net\/content-marketing-01\/hire-me\/","astra-sites-tag":{"773":"hire-me"},"site-pages-type":"free","site-pages-page-builder":"beaver-builder","site-pages-category":[],"site-pages-parent-category":{"60":"business","61":"free"},"required-plugins":[{"slug":"beaver-builder-lite-version","init":"beaver-builder-lite-version\/fl-builder.php","name":"Beaver Builder Plugin (Lite Version)"},{"slug":"ultimate-addons-for-beaver-builder-lite","init":"ultimate-addons-for-beaver-builder-lite\/bb-ultimate-addon.php","name":"Ultimate Addons for Beaver Builder - Lite"},{"slug":"wpforms-lite","init":"wpforms-lite\/wpforms.php","name":"WPForms Lite"}],"spectra-ver":[]}},"spectra-ver":[],"query_args":{"post_type":"astra-sites","post_status":["publish"],"fields":"ids","no_found_rows":true,"paged":6,"posts_per_page":15,"tax_query":{"relation":"AND","0":{"relation":"OR","0":{"taxonomy":"spectra-blocks-ver","field":"slug","terms":["v3"],"operator":"IN"},"1":{"taxonomy":"astra-site-page-builder","field":"slug","terms":"gutenberg","operator":"NOT IN"}},"1":{"taxonomy":"astra-sites-type","field":"slug","terms":["siteground"],"operator":"NOT IN"}}},"related-bb-template":"","related-elementor-template":"","related-gutenberg-template":"","related_ecommerce_template":"","ecommerce_parent_template":""},"id-74848":{"title":"Sierra Nature FSE","id":74848,"publish-date":1690540157,"featured-image-url":"https:\/\/websitedemos.net\/wp-content\/uploads\/2023\/07\/sierra-nature-fse.jpg","thumbnail-image-url":"https:\/\/websitedemos.net\/wp-content\/uploads\/2023\/07\/sierra-nature-fse-600x1842.jpg","fullpage-thumbnail-image-url":"https:\/\/websitedemos.net\/wp-content\/uploads\/2023\/07\/sierra-nature-fse-400x1228.jpg","astra-site-url":"\/\/websitedemos.net\/sierra-nature-fse","astra-site-parent-id":3322,"astra-sites-tag":{"538":"forest","537":"national-park","535":"nature","534":"nature-park","539":"sanctuary","536":"wilderness"},"astra-sites-type":"free","astra-site-category":{"27":"business","39":"free"},"astra-sites-template-category":{"2777":"business","2860":"multipurpose","2830":"nature","2831":"service","2797":"simple-minimal"},"astra-site-page-builder":"fse","categories":{"2500":"multipurpose"},"required-plugins":[{"slug":"ultimate-addons-for-gutenberg","init":"ultimate-addons-for-gutenberg\/ultimate-addons-for-gutenberg.php","name":"Spectra"}],"post-status":"publish","post-content":"","post-excerpt":"","pages":{"id-74851":{"title":"Home","featured-image-url":"https:\/\/websitedemos.net\/wp-content\/uploads\/2023\/07\/sierra-nature-fse.jpg","thumbnail-image-url":"https:\/\/websitedemos.net\/wp-content\/uploads\/2023\/07\/sierra-nature-fse-600x1842.jpg","astra-page-api-url":"https:\/\/websitedemos.net\/sierra-nature-fse\/wp-json\/wp\/v2\/pages\/282","dynamic-page":"no","astra-page-url":"\/\/websitedemos.net\/sierra-nature-fse\/","astra-sites-tag":{"423":"home"},"site-pages-type":"free","site-pages-page-builder":"gutenberg","site-pages-category":[],"site-pages-parent-category":{"60":"business","61":"free"},"required-plugins":[{"slug":"ultimate-addons-for-gutenberg","init":"ultimate-addons-for-gutenberg\/ultimate-addons-for-gutenberg.php","name":"Spectra"}],"spectra-ver":[]},"id-74849":{"title":"About","featured-image-url":"https:\/\/websitedemos.net\/wp-content\/uploads\/2023\/07\/sierra-nature-fse-about.jpg","thumbnail-image-url":"https:\/\/websitedemos.net\/wp-content\/uploads\/2023\/07\/sierra-nature-fse-about-600x1210.jpg","astra-page-api-url":"https:\/\/websitedemos.net\/sierra-nature-fse\/wp-json\/wp\/v2\/pages\/285","dynamic-page":"no","astra-page-url":"\/\/websitedemos.net\/sierra-nature-fse\/about\/","astra-sites-tag":{"352":"about"},"site-pages-type":"free","site-pages-page-builder":"gutenberg","site-pages-category":[],"site-pages-parent-category":{"60":"business","61":"free"},"required-plugins":[{"slug":"ultimate-addons-for-gutenberg","init":"ultimate-addons-for-gutenberg\/ultimate-addons-for-gutenberg.php","name":"Spectra"}],"spectra-ver":[]},"id-74853":{"title":"Services","featured-image-url":"https:\/\/websitedemos.net\/wp-content\/uploads\/2023\/07\/sierra-nature-fse-services.jpg","thumbnail-image-url":"https:\/\/websitedemos.net\/wp-content\/uploads\/2023\/07\/sierra-nature-fse-services-600x1133.jpg","astra-page-api-url":"https:\/\/websitedemos.net\/sierra-nature-fse\/wp-json\/wp\/v2\/pages\/287","dynamic-page":"no","astra-page-url":"\/\/websitedemos.net\/sierra-nature-fse\/services\/","astra-sites-tag":{"425":"services"},"site-pages-type":"free","site-pages-page-builder":"gutenberg","site-pages-category":[],"site-pages-parent-category":{"60":"business","61":"free"},"required-plugins":[{"slug":"ultimate-addons-for-gutenberg","init":"ultimate-addons-for-gutenberg\/ultimate-addons-for-gutenberg.php","name":"Spectra"}],"spectra-ver":[]},"id-74852":{"title":"Projects","featured-image-url":"https:\/\/websitedemos.net\/wp-content\/uploads\/2023\/07\/sierra-nature-fse-projects.jpg","thumbnail-image-url":"https:\/\/websitedemos.net\/wp-content\/uploads\/2023\/07\/sierra-nature-fse-projects-600x1204.jpg","astra-page-api-url":"https:\/\/websitedemos.net\/sierra-nature-fse\/wp-json\/wp\/v2\/pages\/289","dynamic-page":"no","astra-page-url":"\/\/websitedemos.net\/sierra-nature-fse\/projects\/","astra-sites-tag":{"1613":"projects"},"site-pages-type":"free","site-pages-page-builder":"gutenberg","site-pages-category":[],"site-pages-parent-category":{"60":"business","61":"free"},"required-plugins":[{"slug":"ultimate-addons-for-gutenberg","init":"ultimate-addons-for-gutenberg\/ultimate-addons-for-gutenberg.php","name":"Spectra"}],"spectra-ver":[]},"id-74850":{"title":"Contact","featured-image-url":"https:\/\/websitedemos.net\/wp-content\/uploads\/2023\/07\/sierra-nature-fse-contact.jpg","thumbnail-image-url":"https:\/\/websitedemos.net\/wp-content\/uploads\/2023\/07\/sierra-nature-fse-contact-600x951.jpg","astra-page-api-url":"https:\/\/websitedemos.net\/sierra-nature-fse\/wp-json\/wp\/v2\/pages\/291","dynamic-page":"no","astra-page-url":"\/\/websitedemos.net\/sierra-nature-fse\/contact\/","astra-sites-tag":{"415":"contact"},"site-pages-type":"free","site-pages-page-builder":"gutenberg","site-pages-category":[],"site-pages-parent-category":{"60":"business","61":"free"},"required-plugins":[{"slug":"ultimate-addons-for-gutenberg","init":"ultimate-addons-for-gutenberg\/ultimate-addons-for-gutenberg.php","name":"Spectra"}],"spectra-ver":[]}},"spectra-ver":[],"query_args":{"post_type":"astra-sites","post_status":["publish"],"fields":"ids","no_found_rows":true,"paged":6,"posts_per_page":15,"tax_query":{"relation":"AND","0":{"relation":"OR","0":{"taxonomy":"spectra-blocks-ver","field":"slug","terms":["v3"],"operator":"IN"},"1":{"taxonomy":"astra-site-page-builder","field":"slug","terms":"gutenberg","operator":"NOT IN"}},"1":{"taxonomy":"astra-sites-type","field":"slug","terms":["siteground"],"operator":"NOT IN"}}},"related-bb-template":"","related-elementor-template":"","related-gutenberg-template":"","related_ecommerce_template":"","ecommerce_parent_template":""},"id-74799":{"title":"Outdoor Adventure FSE","id":74799,"publish-date":1690540131,"featured-image-url":"https:\/\/websitedemos.net\/wp-content\/uploads\/2023\/07\/outdoor-adventures-fse.jpg","thumbnail-image-url":"https:\/\/websitedemos.net\/wp-content\/uploads\/2023\/07\/outdoor-adventures-fse-600x1523.jpg","fullpage-thumbnail-image-url":"https:\/\/websitedemos.net\/wp-content\/uploads\/2023\/07\/outdoor-adventures-fse-400x1015.jpg","astra-site-url":"\/\/websitedemos.net\/outdoor-adventure-fse","astra-site-parent-id":3319,"astra-sites-tag":{"544":"adventure","545":"camping","543":"extreme-sports","541":"mountains","542":"park","546":"sports"},"astra-sites-type":"free","astra-site-category":{"27":"business","39":"free"},"astra-sites-template-category":{"2860":"multipurpose","2797":"simple-minimal","2826":"sports","2775":"travel-tourism"},"astra-site-page-builder":"fse","categories":{"2500":"multipurpose"},"required-plugins":[{"slug":"ultimate-addons-for-gutenberg","init":"ultimate-addons-for-gutenberg\/ultimate-addons-for-gutenberg.php","name":"Spectra"}],"post-status":"publish","post-content":"","post-excerpt":"","pages":{"id-74802":{"title":"Home","featured-image-url":"https:\/\/websitedemos.net\/wp-content\/uploads\/2023\/07\/outdoor-adventures-fse.jpg","thumbnail-image-url":"https:\/\/websitedemos.net\/wp-content\/uploads\/2023\/07\/outdoor-adventures-fse-600x1523.jpg","astra-page-api-url":"https:\/\/websitedemos.net\/outdoor-adventure-fse\/wp-json\/wp\/v2\/pages\/282","dynamic-page":"no","astra-page-url":"\/\/websitedemos.net\/outdoor-adventure-fse\/","astra-sites-tag":{"423":"home"},"site-pages-type":"free","site-pages-page-builder":"gutenberg","site-pages-category":[],"site-pages-parent-category":{"60":"business","61":"free"},"required-plugins":[{"slug":"ultimate-addons-for-gutenberg","init":"ultimate-addons-for-gutenberg\/ultimate-addons-for-gutenberg.php","name":"Spectra"}],"spectra-ver":[]},"id-74800":{"title":"About","featured-image-url":"https:\/\/websitedemos.net\/wp-content\/uploads\/2023\/07\/outdoor-adventure-fse-about.jpg","thumbnail-image-url":"https:\/\/websitedemos.net\/wp-content\/uploads\/2023\/07\/outdoor-adventure-fse-about-600x731.jpg","astra-page-api-url":"https:\/\/websitedemos.net\/outdoor-adventure-fse\/wp-json\/wp\/v2\/pages\/285","dynamic-page":"no","astra-page-url":"\/\/websitedemos.net\/outdoor-adventure-fse\/about\/","astra-sites-tag":{"352":"about"},"site-pages-type":"free","site-pages-page-builder":"gutenberg","site-pages-category":[],"site-pages-parent-category":{"60":"business","61":"free"},"required-plugins":[{"slug":"ultimate-addons-for-gutenberg","init":"ultimate-addons-for-gutenberg\/ultimate-addons-for-gutenberg.php","name":"Spectra"}],"spectra-ver":[]},"id-74804":{"title":"Services","featured-image-url":"https:\/\/websitedemos.net\/wp-content\/uploads\/2023\/07\/outdoor-adventure-fse-services.jpg","thumbnail-image-url":"https:\/\/websitedemos.net\/wp-content\/uploads\/2023\/07\/outdoor-adventure-fse-services-600x1162.jpg","astra-page-api-url":"https:\/\/websitedemos.net\/outdoor-adventure-fse\/wp-json\/wp\/v2\/pages\/287","dynamic-page":"no","astra-page-url":"\/\/websitedemos.net\/outdoor-adventure-fse\/services\/","astra-sites-tag":{"425":"services"},"site-pages-type":"free","site-pages-page-builder":"gutenberg","site-pages-category":[],"site-pages-parent-category":{"60":"business","61":"free"},"required-plugins":[{"slug":"ultimate-addons-for-gutenberg","init":"ultimate-addons-for-gutenberg\/ultimate-addons-for-gutenberg.php","name":"Spectra"}],"spectra-ver":[]},"id-74803":{"title":"Projects","featured-image-url":"https:\/\/websitedemos.net\/wp-content\/uploads\/2023\/07\/outdoor-adventure-fse-projects.jpg","thumbnail-image-url":"https:\/\/websitedemos.net\/wp-content\/uploads\/2023\/07\/outdoor-adventure-fse-projects-600x1218.jpg","astra-page-api-url":"https:\/\/websitedemos.net\/outdoor-adventure-fse\/wp-json\/wp\/v2\/pages\/289","dynamic-page":"no","astra-page-url":"\/\/websitedemos.net\/outdoor-adventure-fse\/projects\/","astra-sites-tag":{"1613":"projects"},"site-pages-type":"free","site-pages-page-builder":"gutenberg","site-pages-category":[],"site-pages-parent-category":{"60":"business","61":"free"},"required-plugins":[{"slug":"ultimate-addons-for-gutenberg","init":"ultimate-addons-for-gutenberg\/ultimate-addons-for-gutenberg.php","name":"Spectra"}],"spectra-ver":[]},"id-74801":{"title":"Contact","featured-image-url":"https:\/\/websitedemos.net\/wp-content\/uploads\/2023\/07\/outdoor-adventure-fse-contact.jpg","thumbnail-image-url":"https:\/\/websitedemos.net\/wp-content\/uploads\/2023\/07\/outdoor-adventure-fse-contact-600x598.jpg","astra-page-api-url":"https:\/\/websitedemos.net\/outdoor-adventure-fse\/wp-json\/wp\/v2\/pages\/291","dynamic-page":"no","astra-page-url":"\/\/websitedemos.net\/outdoor-adventure-fse\/contact\/","astra-sites-tag":{"415":"contact"},"site-pages-type":"free","site-pages-page-builder":"gutenberg","site-pages-category":[],"site-pages-parent-category":{"60":"business","61":"free"},"required-plugins":[{"slug":"ultimate-addons-for-gutenberg","init":"ultimate-addons-for-gutenberg\/ultimate-addons-for-gutenberg.php","name":"Spectra"}],"spectra-ver":[]}},"spectra-ver":[],"query_args":{"post_type":"astra-sites","post_status":["publish"],"fields":"ids","no_found_rows":true,"paged":6,"posts_per_page":15,"tax_query":{"relation":"AND","0":{"relation":"OR","0":{"taxonomy":"spectra-blocks-ver","field":"slug","terms":["v3"],"operator":"IN"},"1":{"taxonomy":"astra-site-page-builder","field":"slug","terms":"gutenberg","operator":"NOT IN"}},"1":{"taxonomy":"astra-sites-type","field":"slug","terms":["siteground"],"operator":"NOT IN"}}},"related-bb-template":"","related-elementor-template":"","related-gutenberg-template":"","related_ecommerce_template":"","ecommerce_parent_template":""},"id-74785":{"title":"Love Nature FSE","id":74785,"publish-date":1690540090,"featured-image-url":"https:\/\/websitedemos.net\/wp-content\/uploads\/2023\/07\/love-nature-fse.jpg","thumbnail-image-url":"https:\/\/websitedemos.net\/wp-content\/uploads\/2023\/07\/love-nature-fse-600x1502.jpg","fullpage-thumbnail-image-url":"https:\/\/websitedemos.net\/wp-content\/uploads\/2023\/07\/love-nature-fse-400x1001.jpg","astra-site-url":"\/\/websitedemos.net\/love-nature-fse","astra-site-parent-id":3318,"astra-sites-tag":{"538":"forest","2456":"generic","2493":"multipurpose","537":"national-park","535":"nature","534":"nature-park","539":"sanctuary","536":"wilderness"},"astra-sites-type":"free","astra-site-category":{"27":"business","39":"free"},"astra-sites-template-category":{"2777":"business","2860":"multipurpose","2830":"nature","2831":"service","2797":"simple-minimal"},"astra-site-page-builder":"fse","categories":{"2500":"multipurpose"},"required-plugins":[{"slug":"ultimate-addons-for-gutenberg","init":"ultimate-addons-for-gutenberg\/ultimate-addons-for-gutenberg.php","name":"Spectra"}],"post-status":"publish","post-content":"","post-excerpt":"","pages":{"id-74788":{"title":"Home","featured-image-url":"https:\/\/websitedemos.net\/wp-content\/uploads\/2023\/07\/love-nature-fse.jpg","thumbnail-image-url":"https:\/\/websitedemos.net\/wp-content\/uploads\/2023\/07\/love-nature-fse-600x1502.jpg","astra-page-api-url":"https:\/\/websitedemos.net\/love-nature-fse\/wp-json\/wp\/v2\/pages\/282","dynamic-page":"no","astra-page-url":"\/\/websitedemos.net\/love-nature-fse\/","astra-sites-tag":{"423":"home"},"site-pages-type":"free","site-pages-page-builder":"gutenberg","site-pages-category":[],"site-pages-parent-category":{"60":"business","61":"free"},"required-plugins":[{"slug":"ultimate-addons-for-gutenberg","init":"ultimate-addons-for-gutenberg\/ultimate-addons-for-gutenberg.php","name":"Spectra"}],"spectra-ver":[]},"id-74786":{"title":"About","featured-image-url":"https:\/\/websitedemos.net\/wp-content\/uploads\/2023\/07\/love-nature-fse-about.jpg","thumbnail-image-url":"https:\/\/websitedemos.net\/wp-content\/uploads\/2023\/07\/love-nature-fse-about-600x881.jpg","astra-page-api-url":"https:\/\/websitedemos.net\/love-nature-fse\/wp-json\/wp\/v2\/pages\/285","dynamic-page":"no","astra-page-url":"\/\/websitedemos.net\/love-nature-fse\/about\/","astra-sites-tag":{"352":"about"},"site-pages-type":"free","site-pages-page-builder":"gutenberg","site-pages-category":[],"site-pages-parent-category":{"60":"business","61":"free"},"required-plugins":[{"slug":"ultimate-addons-for-gutenberg","init":"ultimate-addons-for-gutenberg\/ultimate-addons-for-gutenberg.php","name":"Spectra"}],"spectra-ver":[]},"id-74789":{"title":"Services","featured-image-url":"https:\/\/websitedemos.net\/wp-content\/uploads\/2023\/07\/love-nature-fse-services.jpg","thumbnail-image-url":"https:\/\/websitedemos.net\/wp-content\/uploads\/2023\/07\/love-nature-fse-services-600x1305.jpg","astra-page-api-url":"https:\/\/websitedemos.net\/love-nature-fse\/wp-json\/wp\/v2\/pages\/287","dynamic-page":"no","astra-page-url":"\/\/websitedemos.net\/love-nature-fse\/services\/","astra-sites-tag":{"425":"services"},"site-pages-type":"free","site-pages-page-builder":"gutenberg","site-pages-category":[],"site-pages-parent-category":{"60":"business","61":"free"},"required-plugins":[{"slug":"ultimate-addons-for-gutenberg","init":"ultimate-addons-for-gutenberg\/ultimate-addons-for-gutenberg.php","name":"Spectra"}],"spectra-ver":[]},"id-74787":{"title":"Contact","featured-image-url":"https:\/\/websitedemos.net\/wp-content\/uploads\/2023\/07\/love-nature-fse-contact.jpg","thumbnail-image-url":"https:\/\/websitedemos.net\/wp-content\/uploads\/2023\/07\/love-nature-fse-contact-600x776.jpg","astra-page-api-url":"https:\/\/websitedemos.net\/love-nature-fse\/wp-json\/wp\/v2\/pages\/289","dynamic-page":"no","astra-page-url":"\/\/websitedemos.net\/love-nature-fse\/contact\/","astra-sites-tag":{"415":"contact"},"site-pages-type":"free","site-pages-page-builder":"gutenberg","site-pages-category":[],"site-pages-parent-category":{"60":"business","61":"free"},"required-plugins":[{"slug":"ultimate-addons-for-gutenberg","init":"ultimate-addons-for-gutenberg\/ultimate-addons-for-gutenberg.php","name":"Spectra"}],"spectra-ver":[]}},"spectra-ver":[],"query_args":{"post_type":"astra-sites","post_status":["publish"],"fields":"ids","no_found_rows":true,"paged":6,"posts_per_page":15,"tax_query":{"relation":"AND","0":{"relation":"OR","0":{"taxonomy":"spectra-blocks-ver","field":"slug","terms":["v3"],"operator":"IN"},"1":{"taxonomy":"astra-site-page-builder","field":"slug","terms":"gutenberg","operator":"NOT IN"}},"1":{"taxonomy":"astra-sites-type","field":"slug","terms":["siteground"],"operator":"NOT IN"}}},"related-bb-template":"","related-elementor-template":"","related-gutenberg-template":"","related_ecommerce_template":"","ecommerce_parent_template":""},"id-74882":{"title":"Digital Agency FSE","id":74882,"publish-date":1689181466,"featured-image-url":"https:\/\/websitedemos.net\/wp-content\/uploads\/2023\/07\/digitals-agency-fse.jpg","thumbnail-image-url":"https:\/\/websitedemos.net\/wp-content\/uploads\/2023\/07\/digitals-agency-fse-600x2526.jpg","fullpage-thumbnail-image-url":"https:\/\/websitedemos.net\/wp-content\/uploads\/2023\/07\/digitals-agency-fse-400x1684.jpg","astra-site-url":"\/\/websitedemos.net\/digital-agency-fse","astra-site-parent-id":3324,"astra-sites-tag":{"1587":"advertising-agency","663":"agency","2050":"business-consulting-company","2037":"design-agency","2048":"design-studio","2039":"digital-agency","2036":"digital-marketing-firm","2040":"firm","2049":"graphic-design-studio","2038":"it-services","1588":"marketing-agency","2035":"marketing-services","1762":"software-company"},"astra-sites-type":"free","astra-site-category":{"27":"business","39":"free"},"astra-sites-template-category":{"2777":"business","2812":"digital-agency","2796":"digital-marketing","2831":"service","2779":"software-company"},"astra-site-page-builder":"fse","categories":{"2487":"agency"},"required-plugins":[{"slug":"ultimate-addons-for-gutenberg","init":"ultimate-addons-for-gutenberg\/ultimate-addons-for-gutenberg.php","name":"Spectra"}],"post-status":"publish","post-content":"","post-excerpt":"","pages":{"id-74885":{"title":"Home","featured-image-url":"https:\/\/websitedemos.net\/wp-content\/uploads\/2023\/07\/digitals-agency-fse.jpg","thumbnail-image-url":"https:\/\/websitedemos.net\/wp-content\/uploads\/2023\/07\/digitals-agency-fse-600x2526.jpg","astra-page-api-url":"https:\/\/websitedemos.net\/digital-agency-fse\/wp-json\/wp\/v2\/pages\/282","dynamic-page":"no","astra-page-url":"\/\/websitedemos.net\/digital-agency-fse\/","astra-sites-tag":{"423":"home"},"site-pages-type":"free","site-pages-page-builder":"gutenberg","site-pages-category":[],"site-pages-parent-category":{"60":"business","61":"free"},"required-plugins":[{"slug":"ultimate-addons-for-gutenberg","init":"ultimate-addons-for-gutenberg\/ultimate-addons-for-gutenberg.php","name":"Spectra"}],"spectra-ver":[]},"id-74883":{"title":"About","featured-image-url":"https:\/\/websitedemos.net\/wp-content\/uploads\/2023\/07\/digitals-agency-fse-about.jpg","thumbnail-image-url":"https:\/\/websitedemos.net\/wp-content\/uploads\/2023\/07\/digitals-agency-fse-about-600x1514.jpg","astra-page-api-url":"https:\/\/websitedemos.net\/digital-agency-fse\/wp-json\/wp\/v2\/pages\/287","dynamic-page":"no","astra-page-url":"\/\/websitedemos.net\/digital-agency-fse\/about\/","astra-sites-tag":{"352":"about"},"site-pages-type":"free","site-pages-page-builder":"gutenberg","site-pages-category":[],"site-pages-parent-category":{"60":"business","61":"free"},"required-plugins":[{"slug":"ultimate-addons-for-gutenberg","init":"ultimate-addons-for-gutenberg\/ultimate-addons-for-gutenberg.php","name":"Spectra"}],"spectra-ver":[]},"id-74886":{"title":"Services","featured-image-url":"https:\/\/websitedemos.net\/wp-content\/uploads\/2023\/07\/digitals-agency-fse-services.jpg","thumbnail-image-url":"https:\/\/websitedemos.net\/wp-content\/uploads\/2023\/07\/digitals-agency-fse-services-600x1299.jpg","astra-page-api-url":"https:\/\/websitedemos.net\/digital-agency-fse\/wp-json\/wp\/v2\/pages\/285","dynamic-page":"no","astra-page-url":"\/\/websitedemos.net\/digital-agency-fse\/services\/","astra-sites-tag":{"425":"services"},"site-pages-type":"free","site-pages-page-builder":"gutenberg","site-pages-category":[],"site-pages-parent-category":{"60":"business","61":"free"},"required-plugins":[{"slug":"ultimate-addons-for-gutenberg","init":"ultimate-addons-for-gutenberg\/ultimate-addons-for-gutenberg.php","name":"Spectra"}],"spectra-ver":[]},"id-74884":{"title":"Contact","featured-image-url":"https:\/\/websitedemos.net\/wp-content\/uploads\/2023\/07\/digitals-agency-fse-contact.jpg","thumbnail-image-url":"https:\/\/websitedemos.net\/wp-content\/uploads\/2023\/07\/digitals-agency-fse-contact-600x948.jpg","astra-page-api-url":"https:\/\/websitedemos.net\/digital-agency-fse\/wp-json\/wp\/v2\/pages\/289","dynamic-page":"no","astra-page-url":"\/\/websitedemos.net\/digital-agency-fse\/contact\/","astra-sites-tag":{"415":"contact"},"site-pages-type":"free","site-pages-page-builder":"gutenberg","site-pages-category":[],"site-pages-parent-category":{"60":"business","61":"free"},"required-plugins":[{"slug":"ultimate-addons-for-gutenberg","init":"ultimate-addons-for-gutenberg\/ultimate-addons-for-gutenberg.php","name":"Spectra"}],"spectra-ver":[]}},"spectra-ver":[],"query_args":{"post_type":"astra-sites","post_status":["publish"],"fields":"ids","no_found_rows":true,"paged":6,"posts_per_page":15,"tax_query":{"relation":"AND","0":{"relation":"OR","0":{"taxonomy":"spectra-blocks-ver","field":"slug","terms":["v3"],"operator":"IN"},"1":{"taxonomy":"astra-site-page-builder","field":"slug","terms":"gutenberg","operator":"NOT IN"}},"1":{"taxonomy":"astra-sites-type","field":"slug","terms":["siteground"],"operator":"NOT IN"}}},"related-bb-template":"","related-elementor-template":"","related-gutenberg-template":"","related_ecommerce_template":"","ecommerce_parent_template":""},"id-74833":{"title":"Mountain FSE","id":74833,"publish-date":1689100813,"featured-image-url":"https:\/\/websitedemos.net\/wp-content\/uploads\/2023\/07\/mountain-fse.jpg","thumbnail-image-url":"https:\/\/websitedemos.net\/wp-content\/uploads\/2023\/07\/mountain-fse-600x1583.jpg","fullpage-thumbnail-image-url":"https:\/\/websitedemos.net\/wp-content\/uploads\/2023\/07\/mountain-fse-400x1055.jpg","astra-site-url":"\/\/websitedemos.net\/mountain-fse","astra-site-parent-id":3321,"astra-sites-tag":{"1525":"mountain","1526":"multi-purpose","535":"nature"},"astra-sites-type":"free","astra-site-category":{"27":"business","39":"free"},"astra-sites-template-category":{"2777":"business","2860":"multipurpose","2830":"nature","2831":"service","2797":"simple-minimal"},"astra-site-page-builder":"fse","categories":{"2500":"multipurpose"},"required-plugins":[{"slug":"ultimate-addons-for-gutenberg","init":"ultimate-addons-for-gutenberg\/ultimate-addons-for-gutenberg.php","name":"Spectra"}],"post-status":"publish","post-content":"","post-excerpt":"","pages":{"id-74836":{"title":"Home","featured-image-url":"https:\/\/websitedemos.net\/wp-content\/uploads\/2023\/07\/mountain-fse.jpg","thumbnail-image-url":"https:\/\/websitedemos.net\/wp-content\/uploads\/2023\/07\/mountain-fse-600x1583.jpg","astra-page-api-url":"https:\/\/websitedemos.net\/mountain-fse\/wp-json\/wp\/v2\/pages\/282","dynamic-page":"no","astra-page-url":"\/\/websitedemos.net\/mountain-fse\/","astra-sites-tag":{"423":"home"},"site-pages-type":"free","site-pages-page-builder":"gutenberg","site-pages-category":[],"site-pages-parent-category":{"60":"business","61":"free"},"required-plugins":[{"slug":"ultimate-addons-for-gutenberg","init":"ultimate-addons-for-gutenberg\/ultimate-addons-for-gutenberg.php","name":"Spectra"}],"spectra-ver":[]},"id-74834":{"title":"About","featured-image-url":"https:\/\/websitedemos.net\/wp-content\/uploads\/2023\/07\/mountain-fse-about.jpg","thumbnail-image-url":"https:\/\/websitedemos.net\/wp-content\/uploads\/2023\/07\/mountain-fse-about-600x769.jpg","astra-page-api-url":"https:\/\/websitedemos.net\/mountain-fse\/wp-json\/wp\/v2\/pages\/285","dynamic-page":"no","astra-page-url":"\/\/websitedemos.net\/mountain-fse\/about\/","astra-sites-tag":{"352":"about"},"site-pages-type":"free","site-pages-page-builder":"gutenberg","site-pages-category":[],"site-pages-parent-category":{"60":"business","61":"free"},"required-plugins":[{"slug":"ultimate-addons-for-gutenberg","init":"ultimate-addons-for-gutenberg\/ultimate-addons-for-gutenberg.php","name":"Spectra"}],"spectra-ver":[]},"id-74837":{"title":"Services","featured-image-url":"https:\/\/websitedemos.net\/wp-content\/uploads\/2023\/07\/mountain-fse-services.jpg","thumbnail-image-url":"https:\/\/websitedemos.net\/wp-content\/uploads\/2023\/07\/mountain-fse-services-600x1353.jpg","astra-page-api-url":"https:\/\/websitedemos.net\/mountain-fse\/wp-json\/wp\/v2\/pages\/289","dynamic-page":"no","astra-page-url":"\/\/websitedemos.net\/mountain-fse\/services\/","astra-sites-tag":{"425":"services"},"site-pages-type":"free","site-pages-page-builder":"gutenberg","site-pages-category":[],"site-pages-parent-category":{"60":"business","61":"free"},"required-plugins":[{"slug":"ultimate-addons-for-gutenberg","init":"ultimate-addons-for-gutenberg\/ultimate-addons-for-gutenberg.php","name":"Spectra"}],"spectra-ver":[]},"id-74835":{"title":"Contact","featured-image-url":"https:\/\/websitedemos.net\/wp-content\/uploads\/2023\/07\/mountain-fse-contact.jpg","thumbnail-image-url":"https:\/\/websitedemos.net\/wp-content\/uploads\/2023\/07\/mountain-fse-contact-600x873.jpg","astra-page-api-url":"https:\/\/websitedemos.net\/mountain-fse\/wp-json\/wp\/v2\/pages\/287","dynamic-page":"no","astra-page-url":"\/\/websitedemos.net\/mountain-fse\/contact\/","astra-sites-tag":{"415":"contact"},"site-pages-type":"free","site-pages-page-builder":"gutenberg","site-pages-category":[],"site-pages-parent-category":{"60":"business","61":"free"},"required-plugins":[{"slug":"ultimate-addons-for-gutenberg","init":"ultimate-addons-for-gutenberg\/ultimate-addons-for-gutenberg.php","name":"Spectra"}],"spectra-ver":[]}},"spectra-ver":[],"query_args":{"post_type":"astra-sites","post_status":["publish"],"fields":"ids","no_found_rows":true,"paged":6,"posts_per_page":15,"tax_query":{"relation":"AND","0":{"relation":"OR","0":{"taxonomy":"spectra-blocks-ver","field":"slug","terms":["v3"],"operator":"IN"},"1":{"taxonomy":"astra-site-page-builder","field":"slug","terms":"gutenberg","operator":"NOT IN"}},"1":{"taxonomy":"astra-sites-type","field":"slug","terms":["siteground"],"operator":"NOT IN"}}},"related-bb-template":"","related-elementor-template":"","related-gutenberg-template":"","related_ecommerce_template":"","ecommerce_parent_template":""},"id-59655":{"title":"Chartered Accountant","id":59655,"publish-date":1656964003,"featured-image-url":"https:\/\/websitedemos.net\/wp-content\/uploads\/2022\/03\/charter-accountant-01.jpg","thumbnail-image-url":"https:\/\/websitedemos.net\/wp-content\/uploads\/2022\/03\/charter-accountant-01-600x2204.jpg","fullpage-thumbnail-image-url":"https:\/\/websitedemos.net\/wp-content\/uploads\/2022\/03\/charter-accountant-01-400x1469.jpg","astra-site-url":"\/\/websitedemos.net\/accountant-01","astra-site-parent-id":2648,"astra-sites-tag":{"447":"accountant","449":"chartered-accountant","2254":"finance-and-accounting"},"astra-sites-type":"free","astra-site-category":{"27":"business","39":"free"},"astra-sites-template-category":[],"astra-site-page-builder":"beaver-builder","categories":{"2481":"finance-service"},"required-plugins":[{"slug":"beaver-builder-lite-version","init":"beaver-builder-lite-version\/fl-builder.php","name":"Beaver Builder Plugin (Lite Version)"},{"slug":"ultimate-addons-for-beaver-builder-lite","init":"ultimate-addons-for-beaver-builder-lite\/bb-ultimate-addon.php","name":"Ultimate Addons for Beaver Builder - Lite"},{"slug":"wpforms-lite","init":"wpforms-lite\/wpforms.php","name":"WPForms Lite"}],"post-status":"publish","post-content":"","post-excerpt":"","pages":{"id-59658":{"title":"Home","featured-image-url":"https:\/\/websitedemos.net\/wp-content\/uploads\/2022\/03\/charter-accountant-01.jpg","thumbnail-image-url":"https:\/\/websitedemos.net\/wp-content\/uploads\/2022\/03\/charter-accountant-01-600x2204.jpg","astra-page-api-url":"https:\/\/websitedemos.net\/accountant-01\/wp-json\/wp\/v2\/pages\/632","dynamic-page":"no","astra-page-url":"\/\/websitedemos.net\/accountant-01\/","astra-sites-tag":[],"site-pages-type":"free","site-pages-page-builder":"beaver-builder","site-pages-category":[],"site-pages-parent-category":{"60":"business","61":"free"},"required-plugins":[{"slug":"beaver-builder-lite-version","init":"beaver-builder-lite-version\/fl-builder.php","name":"Beaver Builder Plugin (Lite Version)"},{"slug":"ultimate-addons-for-beaver-builder-lite","init":"ultimate-addons-for-beaver-builder-lite\/bb-ultimate-addon.php","name":"Ultimate Addons for Beaver Builder - Lite"},{"slug":"wpforms-lite","init":"wpforms-lite\/wpforms.php","name":"WPForms Lite"}],"spectra-ver":[]},"id-59656":{"title":"About","featured-image-url":"https:\/\/websitedemos.net\/wp-content\/uploads\/2022\/03\/charter-accountant-01-about.jpg","thumbnail-image-url":"https:\/\/websitedemos.net\/wp-content\/uploads\/2022\/03\/charter-accountant-01-about-600x1078.jpg","astra-page-api-url":"https:\/\/websitedemos.net\/accountant-01\/wp-json\/wp\/v2\/pages\/633","dynamic-page":"no","astra-page-url":"\/\/websitedemos.net\/accountant-01\/about\/","astra-sites-tag":[],"site-pages-type":"free","site-pages-page-builder":"beaver-builder","site-pages-category":[],"site-pages-parent-category":{"60":"business","61":"free"},"required-plugins":[{"slug":"beaver-builder-lite-version","init":"beaver-builder-lite-version\/fl-builder.php","name":"Beaver Builder Plugin (Lite Version)"},{"slug":"ultimate-addons-for-beaver-builder-lite","init":"ultimate-addons-for-beaver-builder-lite\/bb-ultimate-addon.php","name":"Ultimate Addons for Beaver Builder - Lite"}],"spectra-ver":[]},"id-59659":{"title":"Services","featured-image-url":"https:\/\/websitedemos.net\/wp-content\/uploads\/2022\/03\/charter-accountant-01-services.jpg","thumbnail-image-url":"https:\/\/websitedemos.net\/wp-content\/uploads\/2022\/03\/charter-accountant-01-services-600x1226.jpg","astra-page-api-url":"https:\/\/websitedemos.net\/accountant-01\/wp-json\/wp\/v2\/pages\/634","dynamic-page":"no","astra-page-url":"\/\/websitedemos.net\/accountant-01\/services\/","astra-sites-tag":[],"site-pages-type":"free","site-pages-page-builder":"beaver-builder","site-pages-category":[],"site-pages-parent-category":{"60":"business","61":"free"},"required-plugins":[{"slug":"beaver-builder-lite-version","init":"beaver-builder-lite-version\/fl-builder.php","name":"Beaver Builder Plugin (Lite Version)"},{"slug":"ultimate-addons-for-beaver-builder-lite","init":"ultimate-addons-for-beaver-builder-lite\/bb-ultimate-addon.php","name":"Ultimate Addons for Beaver Builder - Lite"}],"spectra-ver":[]},"id-59660":{"title":"Testimonials","featured-image-url":"https:\/\/websitedemos.net\/wp-content\/uploads\/2022\/03\/charter-accountant-01-testimonials.jpg","thumbnail-image-url":"https:\/\/websitedemos.net\/wp-content\/uploads\/2022\/03\/charter-accountant-01-testimonials-600x1223.jpg","astra-page-api-url":"https:\/\/websitedemos.net\/accountant-01\/wp-json\/wp\/v2\/pages\/636","dynamic-page":"no","astra-page-url":"\/\/websitedemos.net\/accountant-01\/testimonials\/","astra-sites-tag":[],"site-pages-type":"free","site-pages-page-builder":"beaver-builder","site-pages-category":[],"site-pages-parent-category":{"60":"business","61":"free"},"required-plugins":[{"slug":"beaver-builder-lite-version","init":"beaver-builder-lite-version\/fl-builder.php","name":"Beaver Builder Plugin (Lite Version)"},{"slug":"ultimate-addons-for-beaver-builder-lite","init":"ultimate-addons-for-beaver-builder-lite\/bb-ultimate-addon.php","name":"Ultimate Addons for Beaver Builder - Lite"}],"spectra-ver":[]},"id-59661":{"title":"Why choose me","featured-image-url":"https:\/\/websitedemos.net\/wp-content\/uploads\/2022\/03\/charter-accountant-01-choose.jpg","thumbnail-image-url":"https:\/\/websitedemos.net\/wp-content\/uploads\/2022\/03\/charter-accountant-01-choose-600x965.jpg","astra-page-api-url":"https:\/\/websitedemos.net\/accountant-01\/wp-json\/wp\/v2\/pages\/635","dynamic-page":"no","astra-page-url":"\/\/websitedemos.net\/accountant-01\/why-choose-me\/","astra-sites-tag":[],"site-pages-type":"free","site-pages-page-builder":"beaver-builder","site-pages-category":[],"site-pages-parent-category":{"60":"business","61":"free"},"required-plugins":[{"slug":"beaver-builder-lite-version","init":"beaver-builder-lite-version\/fl-builder.php","name":"Beaver Builder Plugin (Lite Version)"},{"slug":"ultimate-addons-for-beaver-builder-lite","init":"ultimate-addons-for-beaver-builder-lite\/bb-ultimate-addon.php","name":"Ultimate Addons for Beaver Builder - Lite"}],"spectra-ver":[]},"id-59657":{"title":"Contact","featured-image-url":"https:\/\/websitedemos.net\/wp-content\/uploads\/2022\/03\/charter-accountant-01-contant.jpg","thumbnail-image-url":"https:\/\/websitedemos.net\/wp-content\/uploads\/2022\/03\/charter-accountant-01-contant-600x889.jpg","astra-page-api-url":"https:\/\/websitedemos.net\/accountant-01\/wp-json\/wp\/v2\/pages\/637","dynamic-page":"no","astra-page-url":"\/\/websitedemos.net\/accountant-01\/contact\/","astra-sites-tag":[],"site-pages-type":"free","site-pages-page-builder":"beaver-builder","site-pages-category":[],"site-pages-parent-category":{"60":"business","61":"free"},"required-plugins":[{"slug":"beaver-builder-lite-version","init":"beaver-builder-lite-version\/fl-builder.php","name":"Beaver Builder Plugin (Lite Version)"},{"slug":"ultimate-addons-for-beaver-builder-lite","init":"ultimate-addons-for-beaver-builder-lite\/bb-ultimate-addon.php","name":"Ultimate Addons for Beaver Builder - Lite"},{"slug":"wpforms-lite","init":"wpforms-lite\/wpforms.php","name":"WPForms Lite"}],"spectra-ver":[]}},"spectra-ver":[],"query_args":{"post_type":"astra-sites","post_status":["publish"],"fields":"ids","no_found_rows":true,"paged":6,"posts_per_page":15,"tax_query":{"relation":"AND","0":{"relation":"OR","0":{"taxonomy":"spectra-blocks-ver","field":"slug","terms":["v3"],"operator":"IN"},"1":{"taxonomy":"astra-site-page-builder","field":"slug","terms":"gutenberg","operator":"NOT IN"}},"1":{"taxonomy":"astra-sites-type","field":"slug","terms":["siteground"],"operator":"NOT IN"}}},"related-bb-template":"","related-elementor-template":"","related-gutenberg-template":"","related_ecommerce_template":"","ecommerce_parent_template":""},"id-17988":{"title":"Brandstore","id":17988,"publish-date":1513833542,"featured-image-url":"https:\/\/websitedemos.net\/wp-content\/uploads\/2017\/12\/brandstore-02-1.jpg","thumbnail-image-url":"https:\/\/websitedemos.net\/wp-content\/uploads\/2017\/12\/brandstore-02-1-600x1856.jpg","fullpage-thumbnail-image-url":"https:\/\/websitedemos.net\/wp-content\/uploads\/2017\/12\/brandstore-02-1-400x1237.jpg","astra-site-url":"\/\/websitedemos.net\/brandstore-02","astra-site-parent-id":317,"astra-sites-tag":{"639":"accessories","638":"brand-store","880":"cartflows","640":"cloth-store","637":"clothing","2418":"commerce","1017":"e-commerce","496":"ecommerce","3416":"elementor","2422":"online-market","732":"online-shop","2420":"online-shopping","383":"online-store","967":"product-store","2421":"purchases","2417":"reseller","733":"shop","2416":"shopping","749":"store","966":"woo-commerce","1024":"woocommerce"},"astra-sites-type":"free","astra-site-category":{"38":"ecommerce","39":"free"},"astra-sites-template-category":{"2790":"beauty-fashion","2777":"business","2769":"ecommerce","2858":"fashion-clothing","2857":"online-shopping"},"astra-site-page-builder":"elementor","categories":{"2479":"beauty","3435":"business","3427":"default","2495":"ecommerce","3428":"free"},"required-plugins":[{"slug":"elementor","init":"elementor\/elementor.php","name":"Elementor"},{"slug":"woocommerce","init":"woocommerce\/woocommerce.php","name":"WooCommerce"},{"slug":"cartflows","init":"cartflows\/cartflows.php","name":"CartFlows"},{"slug":"woo-cart-abandonment-recovery","init":"woo-cart-abandonment-recovery\/woo-cart-abandonment-recovery.php","name":"Cart Abandonment Recovery for WooCommerce"},{"slug":"wpforms-lite","init":"wpforms-lite\/wpforms.php","name":"WPForms Lite"},{"slug":"variation-swatches-woo","init":"variation-swatches-woo\/variation-swatches-woo.php","name":"Variation Swatches for WooCommerce"},{"slug":"woocommerce-payments","init":"woocommerce-payments\/woocommerce-payments.php","name":"WooPayments"},{"slug":"header-footer-elementor","init":"header-footer-elementor\/header-footer-elementor.php","name":"Ultimate Addons for Elementor Lite"},{"slug":"modern-cart","init":"modern-cart\/modern-cart.php","name":"Modern Cart Starter for WooCommerce"},{"slug":"sureforms","init":"sureforms\/sureforms.php","name":"SureForms"}],"post-status":"publish","post-content":"<!-- wp:paragraph -->\n<p>Let your brand shine with our Brandstore website template. The Brandstore template is a simple, clean, mobile-friendly design, helping customers shop from anywhere. The template is built to integrate with WooCommerce seamlessly, so you can start showcasing your products in minutes and accept online payments.<\/p>\n<!-- \/wp:paragraph -->\n\n<!-- wp:paragraph -->\n<p>We also have a range of custom page templates for you to use as the foundation for your site and a range of beautiful preset designs we\u2019ve created. It\u2019s a modern design with a lot to recommend it, ideal for online stores.<\/p>\n<!-- \/wp:paragraph -->\n\n<!-- wp:heading -->\n<h2>Key features of the Brandstore template<\/h2>\n<!-- \/wp:heading -->\n\n<!-- wp:list -->\n<ul><!-- wp:list-item -->\n<li>High converting and lightweight online store template<\/li>\n<!-- \/wp:list-item -->\n\n<!-- wp:list-item -->\n<li>Seamless integration with WooCommerce<\/li>\n<!-- \/wp:list-item -->\n\n<!-- wp:list-item -->\n<li>Impressive hero image to display your best products and offers<\/li>\n<!-- \/wp:list-item -->\n\n<!-- wp:list-item -->\n<li>Host of customization options from colors and typography to layout and more<\/li>\n<!-- \/wp:list-item -->\n\n<!-- wp:list-item -->\n<li>Fully responsive and works perfectly well on mobile devices<\/li>\n<!-- \/wp:list-item --><\/ul>\n<!-- \/wp:list -->","post-excerpt":"Build the perfect online store using our high-converting Brandstore website template","pages":{"id-34092":{"title":"Home","featured-image-url":"https:\/\/websitedemos.net\/wp-content\/uploads\/2017\/12\/brandstore-02-1.jpg","thumbnail-image-url":"https:\/\/websitedemos.net\/wp-content\/uploads\/2017\/12\/brandstore-02-1-600x1856.jpg","astra-page-api-url":"https:\/\/websitedemos.net\/brandstore-02\/wp-json\/wp\/v2\/pages\/10","dynamic-page":"yes","astra-page-url":"\/\/websitedemos.net\/brandstore-02\/","astra-sites-tag":{"423":"home"},"site-pages-type":"free","site-pages-page-builder":"elementor","site-pages-category":[],"site-pages-parent-category":{"64":"ecommerce","61":"free"},"required-plugins":[{"slug":"woo-cart-abandonment-recovery","init":"woo-cart-abandonment-recovery\/woo-cart-abandonment-recovery.php","name":"Cart Abandonment Recovery for WooCommerce"},{"slug":"cartflows","init":"cartflows\/cartflows.php","name":"CartFlows"},{"slug":"elementor","init":"elementor\/elementor.php","name":"Elementor"},{"slug":"modern-cart","init":"modern-cart\/modern-cart.php","name":"Modern Cart Starter for WooCommerce"},{"slug":"header-footer-elementor","init":"header-footer-elementor\/header-footer-elementor.php","name":"Ultimate Addons for Elementor Lite"},{"slug":"variation-swatches-woo","init":"variation-swatches-woo\/variation-swatches-woo.php","name":"Variation Swatches for WooCommerce"},{"slug":"woocommerce","init":"woocommerce\/woocommerce.php","name":"WooCommerce"},{"slug":"woocommerce-payments","init":"woocommerce-payments\/woocommerce-payments.php","name":"WooPayments"}],"spectra-ver":[]},"id-26320":{"title":"About","featured-image-url":"https:\/\/websitedemos.net\/wp-content\/uploads\/2017\/12\/brandstore-02-about.jpg","thumbnail-image-url":"https:\/\/websitedemos.net\/wp-content\/uploads\/2017\/12\/brandstore-02-about-600x1494.jpg","astra-page-api-url":"https:\/\/websitedemos.net\/brandstore-02\/wp-json\/wp\/v2\/pages\/43","dynamic-page":"no","astra-page-url":"\/\/websitedemos.net\/brandstore-02\/about\/","astra-sites-tag":{"352":"about"},"site-pages-type":"free","site-pages-page-builder":"elementor","site-pages-category":[],"site-pages-parent-category":{"64":"ecommerce","61":"free"},"required-plugins":[{"slug":"elementor","init":"elementor\/elementor.php","name":"Elementor"},{"slug":"header-footer-elementor","init":"header-footer-elementor\/header-footer-elementor.php","name":"Ultimate Addons for Elementor Lite"}],"spectra-ver":[]},"id-26323":{"title":"Contact Us","featured-image-url":"https:\/\/websitedemos.net\/wp-content\/uploads\/2017\/12\/brandstore-02-contact.jpg","thumbnail-image-url":"https:\/\/websitedemos.net\/wp-content\/uploads\/2017\/12\/brandstore-02-contact-600x944.jpg","astra-page-api-url":"https:\/\/websitedemos.net\/brandstore-02\/wp-json\/wp\/v2\/pages\/414","dynamic-page":"no","astra-page-url":"\/\/websitedemos.net\/brandstore-02\/contact-us\/","astra-sites-tag":{"415":"contact"},"site-pages-type":"free","site-pages-page-builder":"elementor","site-pages-category":[],"site-pages-parent-category":{"64":"ecommerce","61":"free"},"required-plugins":[{"slug":"elementor","init":"elementor\/elementor.php","name":"Elementor"},{"slug":"sureforms","init":"sureforms\/sureforms.php","name":"SureForms"},{"slug":"header-footer-elementor","init":"header-footer-elementor\/header-footer-elementor.php","name":"Ultimate Addons for Elementor Lite"}],"spectra-ver":[]}},"spectra-ver":[],"query_args":{"post_type":"astra-sites","post_status":["publish"],"fields":"ids","no_found_rows":true,"paged":6,"posts_per_page":15,"tax_query":{"relation":"AND","0":{"relation":"OR","0":{"taxonomy":"spectra-blocks-ver","field":"slug","terms":["v3"],"operator":"IN"},"1":{"taxonomy":"astra-site-page-builder","field":"slug","terms":"gutenberg","operator":"NOT IN"}},"1":{"taxonomy":"astra-sites-type","field":"slug","terms":["siteground"],"operator":"NOT IN"}}},"related-bb-template":18035,"related-elementor-template":17988,"related-gutenberg-template":48050,"related_ecommerce_template":"","ecommerce_parent_template":""},"id-58716":{"title":"Love Nature","id":58716,"publish-date":1637954772,"featured-image-url":"https:\/\/websitedemos.net\/wp-content\/uploads\/2021\/11\/love-nature-02.jpg","thumbnail-image-url":"https:\/\/websitedemos.net\/wp-content\/uploads\/2021\/11\/love-nature-02-600x1449.jpg","fullpage-thumbnail-image-url":"https:\/\/websitedemos.net\/wp-content\/uploads\/2021\/11\/love-nature-02-400x966.jpg","astra-site-url":"\/\/websitedemos.net\/love-nature-02","astra-site-parent-id":2470,"astra-sites-tag":{"3416":"elementor","538":"forest","2456":"generic","2493":"multipurpose","537":"national-park","535":"nature","534":"nature-park","539":"sanctuary","536":"wilderness"},"astra-sites-type":"free","astra-site-category":{"27":"business","39":"free"},"astra-sites-template-category":{"2777":"business","2860":"multipurpose","2830":"nature","2831":"service","2797":"simple-minimal"},"astra-site-page-builder":"elementor","categories":{"3427":"default","3428":"free","2500":"multipurpose"},"required-plugins":[{"slug":"elementor","init":"elementor\/elementor.php","name":"Elementor"},{"slug":"wpforms-lite","init":"wpforms-lite\/wpforms.php","name":"WPForms Lite"},{"slug":"header-footer-elementor","init":"header-footer-elementor\/header-footer-elementor.php","name":"Ultimate Addons for Elementor Lite"},{"slug":"sureforms","init":"sureforms\/sureforms.php","name":"SureForms"}],"post-status":"publish","post-content":"<!-- wp:paragraph -->\n<p>Looking for a flexible multipurpose website template? Look no further. This serene and tranquil design features elegant graphics and a professional layout. It's perfect for those looking to create a website that offers an escape from the hustle and bustle of everyday life.<\/p>\n<!-- \/wp:paragraph -->\n\n<!-- wp:paragraph -->\n<p>The template features a natural color palette with pops of green and blue, which will be sure to make your website feel like a tranquil escape. The template has been carefully crafted to exhibit your services in the most elegant way possible.<\/p>\n<!-- \/wp:paragraph -->\n\n<!-- wp:heading -->\n<h2>Key features of the Love Nature template<\/h2>\n<!-- \/wp:heading -->\n\n<!-- wp:list -->\n<ul><!-- wp:list-item -->\n<li>Well-designed multipurpose template<\/li>\n<!-- \/wp:list-item -->\n\n<!-- wp:list-item -->\n<li>Elegant and serene design<\/li>\n<!-- \/wp:list-item -->\n\n<!-- wp:list-item -->\n<li>Natural color palette with customization options<\/li>\n<!-- \/wp:list-item -->\n\n<!-- wp:list-item -->\n<li>Professional and flexible layout<\/li>\n<!-- \/wp:list-item -->\n\n<!-- wp:list-item -->\n<li>Compatible with popular page builders<\/li>\n<!-- \/wp:list-item --><\/ul>\n<!-- \/wp:list -->","post-excerpt":"Elegant and serene multipurpose design to build any type of website","pages":{"id-88224":{"title":"Home","featured-image-url":"https:\/\/websitedemos.net\/wp-content\/uploads\/2021\/11\/love-nature-02.jpg","thumbnail-image-url":"https:\/\/websitedemos.net\/wp-content\/uploads\/2021\/11\/love-nature-02-600x1449.jpg","astra-page-api-url":"https:\/\/websitedemos.net\/love-nature-02\/wp-json\/wp\/v2\/pages\/11","dynamic-page":"no","astra-page-url":"\/\/websitedemos.net\/love-nature-02\/","astra-sites-tag":{"423":"home"},"site-pages-type":"free","site-pages-page-builder":"elementor","site-pages-category":[],"site-pages-parent-category":{"60":"business","61":"free"},"required-plugins":[{"slug":"elementor","init":"elementor\/elementor.php","name":"Elementor"},{"slug":"header-footer-elementor","init":"header-footer-elementor\/header-footer-elementor.php","name":"Ultimate Addons for Elementor Lite"}],"spectra-ver":[]},"id-88222":{"title":"About","featured-image-url":"https:\/\/websitedemos.net\/wp-content\/uploads\/2021\/11\/love-nature-02-about-us.jpg","thumbnail-image-url":"https:\/\/websitedemos.net\/wp-content\/uploads\/2021\/11\/love-nature-02-about-us-600x897.jpg","astra-page-api-url":"https:\/\/websitedemos.net\/love-nature-02\/wp-json\/wp\/v2\/pages\/14","dynamic-page":"no","astra-page-url":"\/\/websitedemos.net\/love-nature-02\/about\/","astra-sites-tag":{"352":"about"},"site-pages-type":"free","site-pages-page-builder":"elementor","site-pages-category":[],"site-pages-parent-category":{"60":"business","61":"free"},"required-plugins":[{"slug":"elementor","init":"elementor\/elementor.php","name":"Elementor"},{"slug":"header-footer-elementor","init":"header-footer-elementor\/header-footer-elementor.php","name":"Ultimate Addons for Elementor Lite"}],"spectra-ver":[]},"id-88225":{"title":"Services","featured-image-url":"https:\/\/websitedemos.net\/wp-content\/uploads\/2021\/11\/love-nature-02-services.jpg","thumbnail-image-url":"https:\/\/websitedemos.net\/wp-content\/uploads\/2021\/11\/love-nature-02-services-600x1273.jpg","astra-page-api-url":"https:\/\/websitedemos.net\/love-nature-02\/wp-json\/wp\/v2\/pages\/15","dynamic-page":"no","astra-page-url":"\/\/websitedemos.net\/love-nature-02\/services\/","astra-sites-tag":{"425":"services"},"site-pages-type":"free","site-pages-page-builder":"elementor","site-pages-category":[],"site-pages-parent-category":{"60":"business","61":"free"},"required-plugins":[{"slug":"elementor","init":"elementor\/elementor.php","name":"Elementor"}],"spectra-ver":[]},"id-88223":{"title":"Contact","featured-image-url":"https:\/\/websitedemos.net\/wp-content\/uploads\/2021\/11\/love-nature-02-contact.jpg","thumbnail-image-url":"https:\/\/websitedemos.net\/wp-content\/uploads\/2021\/11\/love-nature-02-contact-600x815.jpg","astra-page-api-url":"https:\/\/websitedemos.net\/love-nature-02\/wp-json\/wp\/v2\/pages\/16","dynamic-page":"no","astra-page-url":"\/\/websitedemos.net\/love-nature-02\/contact\/","astra-sites-tag":{"415":"contact"},"site-pages-type":"free","site-pages-page-builder":"elementor","site-pages-category":[],"site-pages-parent-category":{"60":"business","61":"free"},"required-plugins":[{"slug":"elementor","init":"elementor\/elementor.php","name":"Elementor"},{"slug":"sureforms","init":"sureforms\/sureforms.php","name":"SureForms"}],"spectra-ver":[]}},"spectra-ver":[],"query_args":{"post_type":"astra-sites","post_status":["publish"],"fields":"ids","no_found_rows":true,"paged":6,"posts_per_page":15,"tax_query":{"relation":"AND","0":{"relation":"OR","0":{"taxonomy":"spectra-blocks-ver","field":"slug","terms":["v3"],"operator":"IN"},"1":{"taxonomy":"astra-site-page-builder","field":"slug","terms":"gutenberg","operator":"NOT IN"}},"1":{"taxonomy":"astra-sites-type","field":"slug","terms":["siteground"],"operator":"NOT IN"}}},"related-bb-template":"","related-elementor-template":58716,"related-gutenberg-template":59760,"related_ecommerce_template":"","ecommerce_parent_template":""},"id-94686":{"title":"Agency","id":94686,"publish-date":1748278671,"featured-image-url":"https:\/\/websitedemos.net\/wp-content\/uploads\/2025\/05\/web-agency-04.jpg","thumbnail-image-url":"https:\/\/websitedemos.net\/wp-content\/uploads\/2025\/05\/web-agency-04-600x3516.jpg","fullpage-thumbnail-image-url":"https:\/\/websitedemos.net\/wp-content\/uploads\/2025\/05\/web-agency-04-400x2344.jpg","astra-site-url":"\/\/websitedemos.net\/web-agency-04","astra-site-parent-id":3691,"astra-sites-tag":{"663":"agency","2037":"design-agency","2048":"design-studio","2039":"digital-agency","2036":"digital-marketing-firm","2049":"graphic-design-studio","2038":"it-services","1588":"marketing-agency","1762":"software-company","3692":"web-agency"},"astra-sites-type":"premium-2","astra-site-category":{"27":"business"},"astra-sites-template-category":{"2777":"business","2812":"digital-agency","2796":"digital-marketing","2831":"service"},"astra-site-page-builder":"elementor","categories":{"2487":"agency","3435":"business"},"required-plugins":[{"slug":"astra-addon","init":"astra-addon\/astra-addon.php","name":"Astra Pro"},{"slug":"elementor","init":"elementor\/elementor.php","name":"Elementor"},{"slug":"latepoint","init":"latepoint\/latepoint.php","name":"LatePoint"},{"slug":"sureforms","init":"sureforms\/sureforms.php","name":"SureForms"},{"slug":"ultimate-elementor","init":"ultimate-elementor\/ultimate-elementor.php","name":"Ultimate Addons for Elementor Pro"},{"slug":"header-footer-elementor","init":"header-footer-elementor\/header-footer-elementor.php","name":"Ultimate Addons for Elementor Lite"}],"post-status":"publish","post-content":"<!-- wp:paragraph -->\n<p>The Agency Signature template is a visionary design ideal for digital agencies of all shapes and sizes. It\u2019s thoroughly modern, with bold typography and contrasting colors, ready to attract attention.<\/p>\n<!-- \/wp:paragraph -->\n\n<!-- wp:paragraph -->\n<p>All pages have been thoughtfully designed to deliver all the elements a visitor looks for, with something to engage everywhere you look. The design is crisp and modern and can be fully customized using built-in tools or your favorite page builder. It\u2019s a superb choice for any type of digital agency.<\/p>\n<!-- \/wp:paragraph -->\n\n<!-- wp:heading -->\n<h2 class=\"wp-block-heading\"><strong>Key features of the Agency template<\/strong><\/h2>\n<!-- \/wp:heading -->\n\n<!-- wp:list -->\n<ul class=\"wp-block-list\"><!-- wp:list-item -->\n<li>Stylish modern design inspires confidence.<\/li>\n<!-- \/wp:list-item -->\n\n<!-- wp:list-item -->\n<li>Purposeful color-font pairing evokes an emotional response<\/li>\n<!-- \/wp:list-item -->\n\n<!-- wp:list-item -->\n<li>Prebuilt pages to streamline setup.<a href=\"https:\/\/staging.websitedemos.net\/teach-04\/templates\/agency-04\/\">&nbsp;<\/a><\/li>\n<!-- \/wp:list-item -->\n\n<!-- wp:list-item -->\n<li>SEO friendly and fully responsive<\/li>\n<!-- \/wp:list-item -->\n\n<!-- wp:list-item -->\n<li>Full compatibility with popular page builders<\/li>\n<!-- \/wp:list-item --><\/ul>\n<!-- \/wp:list -->","post-excerpt":"The Agency Signature template is a visionary design ideal for digital agencies of all shapes and sizes. It\u2019s thoroughly modern, with bold typography and contrasting colors, ready to attract attention. All pages have been thoughtfully designed to deliver all the elements a visitor looks for, with something to engage everywhere you look. The design is [&hellip;]","pages":{"id-94694":{"title":"Portfolio","featured-image-url":"https:\/\/websitedemos.net\/wp-content\/uploads\/2025\/05\/web-agency-04-portfolio.jpg","thumbnail-image-url":"https:\/\/websitedemos.net\/wp-content\/uploads\/2025\/05\/web-agency-04-portfolio-600x1397.jpg","astra-page-api-url":"https:\/\/websitedemos.net\/web-agency-04\/wp-json\/wp\/v2\/pages\/1483","dynamic-page":"no","astra-page-url":"\/\/websitedemos.net\/web-agency-04\/portfolio\/","astra-sites-tag":{"444":"portfolio"},"site-pages-type":[],"site-pages-page-builder":"elementor","site-pages-category":[],"site-pages-parent-category":{"60":"business"},"required-plugins":[{"slug":"elementor","init":"elementor\/elementor.php","name":"Elementor"},{"slug":"sureforms","init":"sureforms\/sureforms.php","name":"SureForms"},{"slug":"header-footer-elementor","init":"header-footer-elementor\/header-footer-elementor.php","name":"Ultimate Addons for Elementor Lite"},{"slug":"ultimate-elementor","init":"ultimate-elementor\/ultimate-elementor.php","name":"Ultimate Addons for Elementor Pro"}],"spectra-ver":[]},"id-94695":{"title":"UI\/UX Design","featured-image-url":"https:\/\/websitedemos.net\/wp-content\/uploads\/2025\/05\/web-agency-04-ui-ux-design.jpg","thumbnail-image-url":"https:\/\/websitedemos.net\/wp-content\/uploads\/2025\/05\/web-agency-04-ui-ux-design-600x2053.jpg","astra-page-api-url":"https:\/\/websitedemos.net\/web-agency-04\/wp-json\/wp\/v2\/pages\/724","dynamic-page":"no","astra-page-url":"\/\/websitedemos.net\/web-agency-04\/ui-ux-design\/","astra-sites-tag":{"425":"services"},"site-pages-type":[],"site-pages-page-builder":"elementor","site-pages-category":[],"site-pages-parent-category":{"60":"business"},"required-plugins":[{"slug":"elementor","init":"elementor\/elementor.php","name":"Elementor"},{"slug":"sureforms","init":"sureforms\/sureforms.php","name":"SureForms"},{"slug":"header-footer-elementor","init":"header-footer-elementor\/header-footer-elementor.php","name":"Ultimate Addons for Elementor Lite"},{"slug":"ultimate-elementor","init":"ultimate-elementor\/ultimate-elementor.php","name":"Ultimate Addons for Elementor Pro"}],"spectra-ver":[]},"id-94696":{"title":"Webflow Development","featured-image-url":"https:\/\/websitedemos.net\/wp-content\/uploads\/2025\/05\/web-agency-04-webflow.jpg","thumbnail-image-url":"https:\/\/websitedemos.net\/wp-content\/uploads\/2025\/05\/web-agency-04-webflow-600x2046.jpg","astra-page-api-url":"https:\/\/websitedemos.net\/web-agency-04\/wp-json\/wp\/v2\/pages\/765","dynamic-page":"no","astra-page-url":"\/\/websitedemos.net\/web-agency-04\/webflow-development\/","astra-sites-tag":{"425":"services"},"site-pages-type":[],"site-pages-page-builder":"elementor","site-pages-category":[],"site-pages-parent-category":{"60":"business"},"required-plugins":[{"slug":"elementor","init":"elementor\/elementor.php","name":"Elementor"},{"slug":"sureforms","init":"sureforms\/sureforms.php","name":"SureForms"},{"slug":"header-footer-elementor","init":"header-footer-elementor\/header-footer-elementor.php","name":"Ultimate Addons for Elementor Lite"},{"slug":"ultimate-elementor","init":"ultimate-elementor\/ultimate-elementor.php","name":"Ultimate Addons for Elementor Pro"}],"spectra-ver":[]},"id-94687":{"title":"About","featured-image-url":"https:\/\/websitedemos.net\/wp-content\/uploads\/2025\/05\/web-agency-04-about.jpg","thumbnail-image-url":"https:\/\/websitedemos.net\/wp-content\/uploads\/2025\/05\/web-agency-04-about-600x2377.jpg","astra-page-api-url":"https:\/\/websitedemos.net\/web-agency-04\/wp-json\/wp\/v2\/pages\/15","dynamic-page":"no","astra-page-url":"\/\/websitedemos.net\/web-agency-04\/about\/","astra-sites-tag":{"352":"about"},"site-pages-type":[],"site-pages-page-builder":"elementor","site-pages-category":[],"site-pages-parent-category":{"60":"business"},"required-plugins":[{"slug":"elementor","init":"elementor\/elementor.php","name":"Elementor"},{"slug":"sureforms","init":"sureforms\/sureforms.php","name":"SureForms"},{"slug":"header-footer-elementor","init":"header-footer-elementor\/header-footer-elementor.php","name":"Ultimate Addons for Elementor Lite"},{"slug":"ultimate-elementor","init":"ultimate-elementor\/ultimate-elementor.php","name":"Ultimate Addons for Elementor Pro"}],"spectra-ver":[]},"id-94688":{"title":"Brand Design","featured-image-url":"https:\/\/websitedemos.net\/wp-content\/uploads\/2025\/05\/web-agency-04-brand-design.jpg","thumbnail-image-url":"https:\/\/websitedemos.net\/wp-content\/uploads\/2025\/05\/web-agency-04-brand-design-600x2046.jpg","astra-page-api-url":"https:\/\/websitedemos.net\/web-agency-04\/wp-json\/wp\/v2\/pages\/762","dynamic-page":"no","astra-page-url":"\/\/websitedemos.net\/web-agency-04\/brand-design\/","astra-sites-tag":{"425":"services"},"site-pages-type":[],"site-pages-page-builder":"elementor","site-pages-category":[],"site-pages-parent-category":{"60":"business"},"required-plugins":[{"slug":"elementor","init":"elementor\/elementor.php","name":"Elementor"},{"slug":"sureforms","init":"sureforms\/sureforms.php","name":"SureForms"},{"slug":"header-footer-elementor","init":"header-footer-elementor\/header-footer-elementor.php","name":"Ultimate Addons for Elementor Lite"},{"slug":"ultimate-elementor","init":"ultimate-elementor\/ultimate-elementor.php","name":"Ultimate Addons for Elementor Pro"}],"spectra-ver":[]},"id-94689":{"title":"Careers","featured-image-url":"https:\/\/websitedemos.net\/wp-content\/uploads\/2025\/05\/web-agency-04-career.jpg","thumbnail-image-url":"https:\/\/websitedemos.net\/wp-content\/uploads\/2025\/05\/web-agency-04-career-600x2236.jpg","astra-page-api-url":"https:\/\/websitedemos.net\/web-agency-04\/wp-json\/wp\/v2\/pages\/21","dynamic-page":"no","astra-page-url":"\/\/websitedemos.net\/web-agency-04\/careers\/","astra-sites-tag":{"3093":"careers"},"site-pages-type":[],"site-pages-page-builder":"elementor","site-pages-category":[],"site-pages-parent-category":{"60":"business"},"required-plugins":[{"slug":"elementor","init":"elementor\/elementor.php","name":"Elementor"},{"slug":"sureforms","init":"sureforms\/sureforms.php","name":"SureForms"},{"slug":"header-footer-elementor","init":"header-footer-elementor\/header-footer-elementor.php","name":"Ultimate Addons for Elementor Lite"},{"slug":"ultimate-elementor","init":"ultimate-elementor\/ultimate-elementor.php","name":"Ultimate Addons for Elementor Pro"}],"spectra-ver":[]},"id-94690":{"title":"Contact","featured-image-url":"https:\/\/websitedemos.net\/wp-content\/uploads\/2025\/05\/web-agency-04-contact.jpg","thumbnail-image-url":"https:\/\/websitedemos.net\/wp-content\/uploads\/2025\/05\/web-agency-04-contact-600x1400.jpg","astra-page-api-url":"https:\/\/websitedemos.net\/web-agency-04\/wp-json\/wp\/v2\/pages\/23","dynamic-page":"no","astra-page-url":"\/\/websitedemos.net\/web-agency-04\/contact\/","astra-sites-tag":{"415":"contact"},"site-pages-type":[],"site-pages-page-builder":"elementor","site-pages-category":[],"site-pages-parent-category":{"60":"business"},"required-plugins":[{"slug":"elementor","init":"elementor\/elementor.php","name":"Elementor"},{"slug":"sureforms","init":"sureforms\/sureforms.php","name":"SureForms"},{"slug":"header-footer-elementor","init":"header-footer-elementor\/header-footer-elementor.php","name":"Ultimate Addons for Elementor Lite"},{"slug":"ultimate-elementor","init":"ultimate-elementor\/ultimate-elementor.php","name":"Ultimate Addons for Elementor Pro"}],"spectra-ver":[]},"id-94691":{"title":"Get a Quote","featured-image-url":"https:\/\/websitedemos.net\/wp-content\/uploads\/2025\/05\/web-agency-04-get-a-quote.jpg","thumbnail-image-url":"https:\/\/websitedemos.net\/wp-content\/uploads\/2025\/05\/web-agency-04-get-a-quote-600x1453.jpg","astra-page-api-url":"https:\/\/websitedemos.net\/web-agency-04\/wp-json\/wp\/v2\/pages\/1549","dynamic-page":"no","astra-page-url":"\/\/websitedemos.net\/web-agency-04\/get-a-quote\/","astra-sites-tag":{"3693":"get-a-quote"},"site-pages-type":[],"site-pages-page-builder":"elementor","site-pages-category":[],"site-pages-parent-category":{"60":"business"},"required-plugins":[{"slug":"elementor","init":"elementor\/elementor.php","name":"Elementor"},{"slug":"sureforms","init":"sureforms\/sureforms.php","name":"SureForms"},{"slug":"header-footer-elementor","init":"header-footer-elementor\/header-footer-elementor.php","name":"Ultimate Addons for Elementor Lite"},{"slug":"ultimate-elementor","init":"ultimate-elementor\/ultimate-elementor.php","name":"Ultimate Addons for Elementor Pro"}],"spectra-ver":[]},"id-94692":{"title":"Home","featured-image-url":"https:\/\/websitedemos.net\/wp-content\/uploads\/2025\/05\/web-agency-04.jpg","thumbnail-image-url":"https:\/\/websitedemos.net\/wp-content\/uploads\/2025\/05\/web-agency-04-600x3516.jpg","astra-page-api-url":"https:\/\/websitedemos.net\/web-agency-04\/wp-json\/wp\/v2\/pages\/12","dynamic-page":"no","astra-page-url":"\/\/websitedemos.net\/web-agency-04\/","astra-sites-tag":{"423":"home"},"site-pages-type":[],"site-pages-page-builder":"elementor","site-pages-category":[],"site-pages-parent-category":{"60":"business"},"required-plugins":[{"slug":"astra-addon","init":"astra-addon\/astra-addon.php","name":"Astra Pro"},{"slug":"elementor","init":"elementor\/elementor.php","name":"Elementor"},{"slug":"latepoint","init":"latepoint\/latepoint.php","name":"LatePoint"},{"slug":"sureforms","init":"sureforms\/sureforms.php","name":"SureForms"},{"slug":"header-footer-elementor","init":"header-footer-elementor\/header-footer-elementor.php","name":"Ultimate Addons for Elementor Lite"},{"slug":"ultimate-elementor","init":"ultimate-elementor\/ultimate-elementor.php","name":"Ultimate Addons for Elementor Pro"}],"spectra-ver":[]},"id-94693":{"title":"No-Code Development","featured-image-url":"https:\/\/websitedemos.net\/wp-content\/uploads\/2025\/05\/web-agency-04-no-code.jpg","thumbnail-image-url":"https:\/\/websitedemos.net\/wp-content\/uploads\/2025\/05\/web-agency-04-no-code-600x2055.jpg","astra-page-api-url":"https:\/\/websitedemos.net\/web-agency-04\/wp-json\/wp\/v2\/pages\/766","dynamic-page":"no","astra-page-url":"\/\/websitedemos.net\/web-agency-04\/no-code-development\/","astra-sites-tag":{"425":"services"},"site-pages-type":[],"site-pages-page-builder":"elementor","site-pages-category":[],"site-pages-parent-category":{"60":"business"},"required-plugins":[{"slug":"elementor","init":"elementor\/elementor.php","name":"Elementor"},{"slug":"sureforms","init":"sureforms\/sureforms.php","name":"SureForms"},{"slug":"header-footer-elementor","init":"header-footer-elementor\/header-footer-elementor.php","name":"Ultimate Addons for Elementor Lite"},{"slug":"ultimate-elementor","init":"ultimate-elementor\/ultimate-elementor.php","name":"Ultimate Addons for Elementor Pro"}],"spectra-ver":[]}},"spectra-ver":[],"query_args":{"post_type":"astra-sites","post_status":["publish"],"fields":"ids","no_found_rows":true,"paged":6,"posts_per_page":15,"tax_query":{"relation":"AND","0":{"relation":"OR","0":{"taxonomy":"spectra-blocks-ver","field":"slug","terms":["v3"],"operator":"IN"},"1":{"taxonomy":"astra-site-page-builder","field":"slug","terms":"gutenberg","operator":"NOT IN"}},"1":{"taxonomy":"astra-sites-type","field":"slug","terms":["siteground"],"operator":"NOT IN"}}},"related-bb-template":"","related-elementor-template":"","related-gutenberg-template":94611,"related_ecommerce_template":"","ecommerce_parent_template":""},"id-19808":{"title":"Outdoor Adventure","id":19808,"publish-date":1543500721,"featured-image-url":"https:\/\/websitedemos.net\/wp-content\/uploads\/2019\/07\/outdoor-adventure-02-home.jpg","thumbnail-image-url":"https:\/\/websitedemos.net\/wp-content\/uploads\/2019\/07\/outdoor-adventure-02-home.jpg","fullpage-thumbnail-image-url":"https:\/\/websitedemos.net\/wp-content\/uploads\/2019\/07\/outdoor-adventure-02-home.jpg","astra-site-url":"\/\/websitedemos.net\/outdoor-adventure-02","astra-site-parent-id":186,"astra-sites-tag":{"544":"adventure","545":"camping","3416":"elementor","543":"extreme-sports","541":"mountains","542":"park","546":"sports"},"astra-sites-type":"free","astra-site-category":{"27":"business","39":"free"},"astra-sites-template-category":{"2860":"multipurpose","2797":"simple-minimal","2826":"sports","2775":"travel-tourism"},"astra-site-page-builder":"elementor","categories":{"3427":"default","3428":"free","2500":"multipurpose"},"required-plugins":[{"slug":"elementor","init":"elementor\/elementor.php","name":"Elementor"},{"slug":"wpforms-lite","init":"wpforms-lite\/wpforms.php","name":"WPForms Lite"},{"slug":"header-footer-elementor","init":"header-footer-elementor\/header-footer-elementor.php","name":"Ultimate Addons for Elementor Lite"},{"slug":"sureforms","init":"sureforms\/sureforms.php","name":"SureForms"}],"post-status":"publish","post-content":"<!-- wp:paragraph -->\n<p>If you're looking for a multipurpose website template that will be the perfect match for your business, this is it. This outdoor adventure website template is perfect for those who&nbsp; want to share their passion with the world.<\/p>\n<!-- \/wp:paragraph -->\n\n<!-- wp:paragraph -->\n<p>A clean and professional design delivers the foundations of an amazing website. A variety of pages and features will help you create an informative, interactive, and visually stunning site that is sure to capture your audience's attention.<\/p>\n<!-- \/wp:paragraph -->\n\n<!-- wp:heading {\"UAGDay\":[]} -->\n<h2 class=\"wp-block-heading\">Key features of the Outdoor Adventure template<\/h2>\n<!-- \/wp:heading -->\n\n<!-- wp:list -->\n<ul><!-- wp:list-item -->\n<li>Professionally designed multipurpose template<\/li>\n<!-- \/wp:list-item -->\n\n<!-- wp:list-item -->\n<li>Attractive design that\u2019s visually appealing<\/li>\n<!-- \/wp:list-item -->\n\n<!-- wp:list-item -->\n<li>Fully customizable and flexible layout<\/li>\n<!-- \/wp:list-item -->\n\n<!-- wp:list-item -->\n<li>Includes all the correct elements to build an engaging site<\/li>\n<!-- \/wp:list-item -->\n\n<!-- wp:list-item -->\n<li>Page builder ready<\/li>\n<!-- \/wp:list-item --><\/ul>\n<!-- \/wp:list -->","post-excerpt":"Multipurpose template perfect for anyone looking to build a stylish website","pages":{"id-23830":{"title":"Home","featured-image-url":"https:\/\/websitedemos.net\/wp-content\/uploads\/2019\/07\/outdoor-adventure-02-home.jpg","thumbnail-image-url":"https:\/\/websitedemos.net\/wp-content\/uploads\/2019\/07\/outdoor-adventure-02-home.jpg","astra-page-api-url":"https:\/\/websitedemos.net\/outdoor-adventure-02\/wp-json\/wp\/v2\/pages\/4","dynamic-page":"no","astra-page-url":"\/\/websitedemos.net\/outdoor-adventure-02\/","astra-sites-tag":{"423":"home"},"site-pages-type":"free","site-pages-page-builder":"elementor","site-pages-category":[],"site-pages-parent-category":{"60":"business","61":"free"},"required-plugins":[{"slug":"elementor","init":"elementor\/elementor.php","name":"Elementor"},{"slug":"header-footer-elementor","init":"header-footer-elementor\/header-footer-elementor.php","name":"Ultimate Addons for Elementor Lite"}],"spectra-ver":[]},"id-23827":{"title":"About","featured-image-url":"https:\/\/websitedemos.net\/wp-content\/uploads\/2019\/07\/outdoor-adventure-02-about.jpg","thumbnail-image-url":"https:\/\/websitedemos.net\/wp-content\/uploads\/2019\/07\/outdoor-adventure-02-about.jpg","astra-page-api-url":"https:\/\/websitedemos.net\/outdoor-adventure-02\/wp-json\/wp\/v2\/pages\/5","dynamic-page":"no","astra-page-url":"\/\/websitedemos.net\/outdoor-adventure-02\/about\/","astra-sites-tag":{"352":"about"},"site-pages-type":"free","site-pages-page-builder":"elementor","site-pages-category":[],"site-pages-parent-category":{"60":"business","61":"free"},"required-plugins":[{"slug":"elementor","init":"elementor\/elementor.php","name":"Elementor"}],"spectra-ver":[]},"id-23832":{"title":"Services","featured-image-url":"https:\/\/websitedemos.net\/wp-content\/uploads\/2019\/07\/outdoor-adventure-02-services.jpg","thumbnail-image-url":"https:\/\/websitedemos.net\/wp-content\/uploads\/2019\/07\/outdoor-adventure-02-services.jpg","astra-page-api-url":"https:\/\/websitedemos.net\/outdoor-adventure-02\/wp-json\/wp\/v2\/pages\/6","dynamic-page":"no","astra-page-url":"\/\/websitedemos.net\/outdoor-adventure-02\/services\/","astra-sites-tag":{"425":"services"},"site-pages-type":"free","site-pages-page-builder":"elementor","site-pages-category":[],"site-pages-parent-category":{"60":"business","61":"free"},"required-plugins":[{"slug":"elementor","init":"elementor\/elementor.php","name":"Elementor"},{"slug":"header-footer-elementor","init":"header-footer-elementor\/header-footer-elementor.php","name":"Ultimate Addons for Elementor Lite"}],"spectra-ver":[]},"id-23831":{"title":"Projects","featured-image-url":"https:\/\/websitedemos.net\/wp-content\/uploads\/2019\/07\/outdoor-adventure-02-our-projects.jpg","thumbnail-image-url":"https:\/\/websitedemos.net\/wp-content\/uploads\/2019\/07\/outdoor-adventure-02-our-projects.jpg","astra-page-api-url":"https:\/\/websitedemos.net\/outdoor-adventure-02\/wp-json\/wp\/v2\/pages\/7","dynamic-page":"no","astra-page-url":"\/\/websitedemos.net\/outdoor-adventure-02\/projects\/","astra-sites-tag":{"424":"project"},"site-pages-type":"free","site-pages-page-builder":"elementor","site-pages-category":[],"site-pages-parent-category":{"60":"business","61":"free"},"required-plugins":[{"slug":"elementor","init":"elementor\/elementor.php","name":"Elementor"},{"slug":"header-footer-elementor","init":"header-footer-elementor\/header-footer-elementor.php","name":"Ultimate Addons for Elementor Lite"}],"spectra-ver":[]},"id-23829":{"title":"Contact","featured-image-url":"https:\/\/websitedemos.net\/wp-content\/uploads\/2019\/07\/outdoor-adventure-02-contact.jpg","thumbnail-image-url":"https:\/\/websitedemos.net\/wp-content\/uploads\/2019\/07\/id-23829-outdoor-adventure-contact-resize.jpg","astra-page-api-url":"https:\/\/websitedemos.net\/outdoor-adventure-02\/wp-json\/wp\/v2\/pages\/8","dynamic-page":"no","astra-page-url":"\/\/websitedemos.net\/outdoor-adventure-02\/contact\/","astra-sites-tag":{"415":"contact"},"site-pages-type":"free","site-pages-page-builder":"elementor","site-pages-category":[],"site-pages-parent-category":{"60":"business","61":"free"},"required-plugins":[{"slug":"elementor","init":"elementor\/elementor.php","name":"Elementor"},{"slug":"sureforms","init":"sureforms\/sureforms.php","name":"SureForms"}],"spectra-ver":[]}},"spectra-ver":[],"query_args":{"post_type":"astra-sites","post_status":["publish"],"fields":"ids","no_found_rows":true,"paged":6,"posts_per_page":15,"tax_query":{"relation":"AND","0":{"relation":"OR","0":{"taxonomy":"spectra-blocks-ver","field":"slug","terms":["v3"],"operator":"IN"},"1":{"taxonomy":"astra-site-page-builder","field":"slug","terms":"gutenberg","operator":"NOT IN"}},"1":{"taxonomy":"astra-sites-type","field":"slug","terms":["siteground"],"operator":"NOT IN"}}},"related-bb-template":19884,"related-elementor-template":19808,"related-gutenberg-template":48078,"related_ecommerce_template":"","ecommerce_parent_template":""}}