{"id-41763":{"title":"Hero 7B","featured-image-url":"https:\/\/websitedemos.net\/wp-content\/uploads\/2020\/01\/hero-7b-1.jpg","thumbnail-image-url":"https:\/\/websitedemos.net\/wp-content\/uploads\/2020\/01\/hero-7b-1.jpg","url":"https:\/\/websitedemos.net\/astra-blocks\/hero-7b\/","tag":{"817":"hero"},"category":831,"wireframe":[],"page-builder":"elementor","astra-sites-type":[],"filter":"dark","required-plugins":[],"spectra-ver":[]},"id-38880":{"title":"Hero 7W","featured-image-url":"https:\/\/websitedemos.net\/wp-content\/uploads\/2020\/01\/hero-7w-1.jpg","thumbnail-image-url":"https:\/\/websitedemos.net\/wp-content\/uploads\/2020\/01\/hero-7w-1.jpg","url":"https:\/\/websitedemos.net\/astra-blocks\/hero-7w\/","tag":{"817":"hero"},"category":831,"wireframe":[],"page-builder":"elementor","astra-sites-type":[],"filter":"light","required-plugins":[],"spectra-ver":[]},"id-37688":{"title":"Features 1B","featured-image-url":"https:\/\/websitedemos.net\/wp-content\/uploads\/2020\/01\/feature-1b-2020.jpg","thumbnail-image-url":"https:\/\/websitedemos.net\/wp-content\/uploads\/2020\/01\/feature-1b-2020.jpg","url":"https:\/\/websitedemos.net\/astra-blocks\/features-1b\/","tag":{"920":"features"},"category":919,"wireframe":[],"page-builder":"elementor","astra-sites-type":[],"filter":"dark","required-plugins":[],"spectra-ver":[]},"id-37686":{"title":"Features 1W","featured-image-url":"https:\/\/websitedemos.net\/wp-content\/uploads\/2020\/01\/feature-1w-2020.jpg","thumbnail-image-url":"https:\/\/websitedemos.net\/wp-content\/uploads\/2020\/01\/feature-1w-2020.jpg","url":"https:\/\/websitedemos.net\/astra-blocks\/features-1w\/","tag":{"920":"features"},"category":919,"wireframe":[],"page-builder":"elementor","astra-sites-type":[],"filter":"light","required-plugins":[],"spectra-ver":[]},"id-37697":{"title":"Features 2B","featured-image-url":"https:\/\/websitedemos.net\/wp-content\/uploads\/2020\/01\/features-2b-2020.jpg","thumbnail-image-url":"https:\/\/websitedemos.net\/wp-content\/uploads\/2020\/01\/features-2b-2020.jpg","url":"https:\/\/websitedemos.net\/astra-blocks\/features-2b\/","tag":{"920":"features"},"category":919,"wireframe":[],"page-builder":"elementor","astra-sites-type":[],"filter":"dark","required-plugins":[],"spectra-ver":[]},"id-37695":{"title":"Features 2W","featured-image-url":"https:\/\/websitedemos.net\/wp-content\/uploads\/2020\/01\/features-2w-2020.jpg","thumbnail-image-url":"https:\/\/websitedemos.net\/wp-content\/uploads\/2020\/01\/features-2w-2020.jpg","url":"https:\/\/websitedemos.net\/astra-blocks\/features-2w\/","tag":{"920":"features"},"category":919,"wireframe":[],"page-builder":"elementor","astra-sites-type":[],"filter":"light","required-plugins":[],"spectra-ver":[]},"id-37705":{"title":"Features 3B","featured-image-url":"https:\/\/websitedemos.net\/wp-content\/uploads\/2020\/01\/features-3b-2020.jpg","thumbnail-image-url":"https:\/\/websitedemos.net\/wp-content\/uploads\/2020\/01\/features-3b-2020.jpg","url":"https:\/\/websitedemos.net\/astra-blocks\/features-3b\/","tag":{"920":"features"},"category":919,"wireframe":[],"page-builder":"elementor","astra-sites-type":[],"filter":"dark","required-plugins":[],"spectra-ver":[]},"id-37704":{"title":"Features 3W","featured-image-url":"https:\/\/websitedemos.net\/wp-content\/uploads\/2020\/01\/features-3w-2020.jpg","thumbnail-image-url":"https:\/\/websitedemos.net\/wp-content\/uploads\/2020\/01\/features-3w-2020.jpg","url":"https:\/\/websitedemos.net\/astra-blocks\/features-3w\/","tag":{"920":"features"},"category":919,"wireframe":[],"page-builder":"elementor","astra-sites-type":[],"filter":"light","required-plugins":[],"spectra-ver":[]},"id-41937":{"title":"Features 5B","featured-image-url":"https:\/\/websitedemos.net\/wp-content\/uploads\/2020\/01\/features-5b.jpg","thumbnail-image-url":"https:\/\/websitedemos.net\/wp-content\/uploads\/2020\/01\/features-5b.jpg","url":"https:\/\/websitedemos.net\/astra-blocks\/features-5b\/","tag":{"920":"features"},"category":919,"wireframe":[],"page-builder":"elementor","astra-sites-type":[],"filter":"dark","required-plugins":[],"spectra-ver":[]},"id-38863":{"title":"Features 5W","featured-image-url":"https:\/\/websitedemos.net\/wp-content\/uploads\/2020\/01\/features-5w.jpg","thumbnail-image-url":"https:\/\/websitedemos.net\/wp-content\/uploads\/2020\/01\/features-5w.jpg","url":"https:\/\/websitedemos.net\/astra-blocks\/features-5w\/","tag":{"920":"features"},"category":919,"wireframe":[],"page-builder":"elementor","astra-sites-type":[],"filter":"light","required-plugins":[],"spectra-ver":[]},"id-41938":{"title":"Features 6B","featured-image-url":"https:\/\/websitedemos.net\/wp-content\/uploads\/2020\/01\/features-6b.jpg","thumbnail-image-url":"https:\/\/websitedemos.net\/wp-content\/uploads\/2020\/01\/features-6b.jpg","url":"https:\/\/websitedemos.net\/astra-blocks\/features-6b\/","tag":{"920":"features"},"category":919,"wireframe":[],"page-builder":"elementor","astra-sites-type":[],"filter":"dark","required-plugins":[],"spectra-ver":[]},"id-38876":{"title":"Features 6W","featured-image-url":"https:\/\/websitedemos.net\/wp-content\/uploads\/2020\/01\/features-6w.jpg","thumbnail-image-url":"https:\/\/websitedemos.net\/wp-content\/uploads\/2020\/01\/features-6w.jpg","url":"https:\/\/websitedemos.net\/astra-blocks\/features-6w\/","tag":{"920":"features"},"category":919,"wireframe":[],"page-builder":"elementor","astra-sites-type":[],"filter":"light","required-plugins":[],"spectra-ver":[]},"id-44869":{"title":"Features 10B","featured-image-url":"https:\/\/websitedemos.net\/wp-content\/uploads\/2020\/02\/features-10b.jpg","thumbnail-image-url":"https:\/\/websitedemos.net\/wp-content\/uploads\/2020\/02\/features-10b.jpg","url":"https:\/\/websitedemos.net\/astra-blocks\/features-10b\/","tag":{"920":"features"},"category":919,"wireframe":[],"page-builder":"elementor","astra-sites-type":[],"filter":"dark","required-plugins":[],"spectra-ver":[]},"id-44862":{"title":"Features 10W","featured-image-url":"https:\/\/websitedemos.net\/wp-content\/uploads\/2020\/02\/features-10w.jpg","thumbnail-image-url":"https:\/\/websitedemos.net\/wp-content\/uploads\/2020\/02\/features-10w.jpg","url":"https:\/\/websitedemos.net\/astra-blocks\/features-10w\/","tag":{"920":"features"},"category":919,"wireframe":[],"page-builder":"elementor","astra-sites-type":[],"filter":"light","required-plugins":[],"spectra-ver":[]},"id-37099":{"title":"FAQ 2B","featured-image-url":"https:\/\/websitedemos.net\/wp-content\/uploads\/2020\/01\/faq-2b.jpg","thumbnail-image-url":"https:\/\/websitedemos.net\/wp-content\/uploads\/2020\/01\/faq-2b.jpg","url":"https:\/\/websitedemos.net\/astra-blocks\/faq-2b\/","tag":{"822":"faq","821":"frequently-asked-questions"},"category":1001,"wireframe":[],"page-builder":"elementor","astra-sites-type":[],"filter":"dark","required-plugins":[],"spectra-ver":[]},"id-37096":{"title":"FAQ 2W","featured-image-url":"https:\/\/websitedemos.net\/wp-content\/uploads\/2020\/01\/faq-2w.jpg","thumbnail-image-url":"https:\/\/websitedemos.net\/wp-content\/uploads\/2020\/01\/faq-2w.jpg","url":"https:\/\/websitedemos.net\/astra-blocks\/faq-2w\/","tag":{"822":"faq","821":"frequently-asked-questions"},"category":1001,"wireframe":[],"page-builder":"elementor","astra-sites-type":[],"filter":"light","required-plugins":[],"spectra-ver":[]},"id-37111":{"title":"FAQ 4B","featured-image-url":"https:\/\/websitedemos.net\/wp-content\/uploads\/2020\/01\/faq-4b.jpg","thumbnail-image-url":"https:\/\/websitedemos.net\/wp-content\/uploads\/2020\/01\/faq-4b.jpg","url":"https:\/\/websitedemos.net\/astra-blocks\/faq-4b\/","tag":{"822":"faq","821":"frequently-asked-questions"},"category":1001,"wireframe":[],"page-builder":"elementor","astra-sites-type":[],"filter":"dark","required-plugins":[],"spectra-ver":[]},"id-37108":{"title":"FAQ 4W","featured-image-url":"https:\/\/websitedemos.net\/wp-content\/uploads\/2020\/01\/faq-4w.jpg","thumbnail-image-url":"https:\/\/websitedemos.net\/wp-content\/uploads\/2020\/01\/faq-4w.jpg","url":"https:\/\/websitedemos.net\/astra-blocks\/faq-4w\/","tag":{"822":"faq","821":"frequently-asked-questions"},"category":1001,"wireframe":[],"page-builder":"elementor","astra-sites-type":[],"filter":"light","required-plugins":[],"spectra-ver":[]},"id-39838":{"title":"FAQ 5B","featured-image-url":"https:\/\/websitedemos.net\/wp-content\/uploads\/2020\/01\/faq-5b.jpg","thumbnail-image-url":"https:\/\/websitedemos.net\/wp-content\/uploads\/2020\/01\/faq-5b.jpg","url":"https:\/\/websitedemos.net\/astra-blocks\/faq-5b\/","tag":{"822":"faq","821":"frequently-asked-questions"},"category":1001,"wireframe":[],"page-builder":"elementor","astra-sites-type":[],"filter":"dark","required-plugins":[],"spectra-ver":[]},"id-38917":{"title":"FAQ 5W","featured-image-url":"https:\/\/websitedemos.net\/wp-content\/uploads\/2020\/01\/faq-5w.jpg","thumbnail-image-url":"https:\/\/websitedemos.net\/wp-content\/uploads\/2020\/01\/faq-5w.jpg","url":"https:\/\/websitedemos.net\/astra-blocks\/faq-5w\/","tag":{"822":"faq","821":"frequently-asked-questions"},"category":1001,"wireframe":[],"page-builder":"elementor","astra-sites-type":[],"filter":"light","required-plugins":[],"spectra-ver":[]},"id-39839":{"title":"FAQ 6B","featured-image-url":"https:\/\/websitedemos.net\/wp-content\/uploads\/2020\/01\/faq-6b.jpg","thumbnail-image-url":"https:\/\/websitedemos.net\/wp-content\/uploads\/2020\/01\/faq-6b.jpg","url":"https:\/\/websitedemos.net\/astra-blocks\/faq-6b\/","tag":{"822":"faq","821":"frequently-asked-questions"},"category":1001,"wireframe":[],"page-builder":"elementor","astra-sites-type":[],"filter":"dark","required-plugins":[],"spectra-ver":[]},"id-38926":{"title":"FAQ 6W","featured-image-url":"https:\/\/websitedemos.net\/wp-content\/uploads\/2020\/01\/faq-6w.jpg","thumbnail-image-url":"https:\/\/websitedemos.net\/wp-content\/uploads\/2020\/01\/faq-6w.jpg","url":"https:\/\/websitedemos.net\/astra-blocks\/faq-6w\/","tag":{"822":"faq","821":"frequently-asked-questions"},"category":1001,"wireframe":[],"page-builder":"elementor","astra-sites-type":[],"filter":"light","required-plugins":[],"spectra-ver":[]},"id-44840":{"title":"FAQ 9B","featured-image-url":"https:\/\/websitedemos.net\/wp-content\/uploads\/2020\/02\/faq-9b.jpg","thumbnail-image-url":"https:\/\/websitedemos.net\/wp-content\/uploads\/2020\/02\/faq-9b.jpg","url":"https:\/\/websitedemos.net\/astra-blocks\/faq-9b\/","tag":{"822":"faq","821":"frequently-asked-questions"},"category":1001,"wireframe":[],"page-builder":"elementor","astra-sites-type":[],"filter":"dark","required-plugins":[],"spectra-ver":[]},"id-44831":{"title":"FAQ 9W","featured-image-url":"https:\/\/websitedemos.net\/wp-content\/uploads\/2020\/02\/faq-9w.jpg","thumbnail-image-url":"https:\/\/websitedemos.net\/wp-content\/uploads\/2020\/02\/faq-9w.jpg","url":"https:\/\/websitedemos.net\/astra-blocks\/faq-9w\/","tag":{"822":"faq","821":"frequently-asked-questions"},"category":1001,"wireframe":[],"page-builder":"elementor","astra-sites-type":[],"filter":"light","required-plugins":[],"spectra-ver":[]},"id-37549":{"title":"Clients 5B","featured-image-url":"https:\/\/websitedemos.net\/wp-content\/uploads\/2020\/01\/clients-5b-el.jpg","thumbnail-image-url":"https:\/\/websitedemos.net\/wp-content\/uploads\/2020\/01\/clients-5b-el.jpg","url":"https:\/\/websitedemos.net\/astra-blocks\/clients-5b\/","tag":{"1090":"clients"},"category":1091,"wireframe":[],"page-builder":"elementor","astra-sites-type":[],"filter":"dark","required-plugins":[],"spectra-ver":[]},"id-37550":{"title":"Clients 5W","featured-image-url":"https:\/\/websitedemos.net\/wp-content\/uploads\/2020\/01\/clients-5w-el.jpg","thumbnail-image-url":"https:\/\/websitedemos.net\/wp-content\/uploads\/2020\/01\/clients-5w-el.jpg","url":"https:\/\/websitedemos.net\/astra-blocks\/clients-5w\/","tag":{"1090":"clients"},"category":1091,"wireframe":[],"page-builder":"elementor","astra-sites-type":[],"filter":"light","required-plugins":[],"spectra-ver":[]},"id-37558":{"title":"Clients 6B","featured-image-url":"https:\/\/websitedemos.net\/wp-content\/uploads\/2020\/01\/clients-6b-el.jpg","thumbnail-image-url":"https:\/\/websitedemos.net\/wp-content\/uploads\/2020\/01\/clients-6b-el.jpg","url":"https:\/\/websitedemos.net\/astra-blocks\/clients-6b\/","tag":{"1090":"clients"},"category":1091,"wireframe":[],"page-builder":"elementor","astra-sites-type":[],"filter":"dark","required-plugins":[],"spectra-ver":[]},"id-37557":{"title":"Clients 6W","featured-image-url":"https:\/\/websitedemos.net\/wp-content\/uploads\/2020\/01\/clients-6w-el.jpg","thumbnail-image-url":"https:\/\/websitedemos.net\/wp-content\/uploads\/2020\/01\/clients-6w-el.jpg","url":"https:\/\/websitedemos.net\/astra-blocks\/clients-6w\/","tag":{"1090":"clients"},"category":1091,"wireframe":[],"page-builder":"elementor","astra-sites-type":[],"filter":"light","required-plugins":[],"spectra-ver":[]},"id-39812":{"title":"Clients 7B","featured-image-url":"https:\/\/websitedemos.net\/wp-content\/uploads\/2020\/01\/clients-7b-el.jpg","thumbnail-image-url":"https:\/\/websitedemos.net\/wp-content\/uploads\/2020\/01\/clients-7b-el.jpg","url":"https:\/\/websitedemos.net\/astra-blocks\/clients-7b\/","tag":{"1090":"clients"},"category":1091,"wireframe":[],"page-builder":"elementor","astra-sites-type":[],"filter":"dark","required-plugins":[],"spectra-ver":[]},"id-39787":{"title":"Clients 7W","featured-image-url":"https:\/\/websitedemos.net\/wp-content\/uploads\/2020\/01\/clients-7w-el.jpg","thumbnail-image-url":"https:\/\/websitedemos.net\/wp-content\/uploads\/2020\/01\/clients-7w-el.jpg","url":"https:\/\/websitedemos.net\/astra-blocks\/clients-7w\/","tag":{"1090":"clients"},"category":1091,"wireframe":[],"page-builder":"elementor","astra-sites-type":[],"filter":"light","required-plugins":[],"spectra-ver":[]},"id-37122":{"title":"Call To Action 2B","featured-image-url":"https:\/\/websitedemos.net\/wp-content\/uploads\/2020\/01\/call-to-action-2b.jpg","thumbnail-image-url":"https:\/\/websitedemos.net\/wp-content\/uploads\/2020\/01\/call-to-action-2b.jpg","url":"https:\/\/websitedemos.net\/astra-blocks\/call-to-action-2b\/","tag":{"819":"call-to-action"},"category":832,"wireframe":[],"page-builder":"elementor","astra-sites-type":[],"filter":"dark","required-plugins":[],"spectra-ver":[]},"id-37120":{"title":"Call To Action 2W","featured-image-url":"https:\/\/websitedemos.net\/wp-content\/uploads\/2020\/01\/call-to-action-2w.jpg","thumbnail-image-url":"https:\/\/websitedemos.net\/wp-content\/uploads\/2020\/01\/call-to-action-2w.jpg","url":"https:\/\/websitedemos.net\/astra-blocks\/call-to-action-2w\/","tag":{"819":"call-to-action"},"category":832,"wireframe":[],"page-builder":"elementor","astra-sites-type":[],"filter":"light","required-plugins":[],"spectra-ver":[]},"id-37136":{"title":"Call To Action 4B","featured-image-url":"https:\/\/websitedemos.net\/wp-content\/uploads\/2020\/01\/call-to-action-4b.jpg","thumbnail-image-url":"https:\/\/websitedemos.net\/wp-content\/uploads\/2020\/01\/call-to-action-4b.jpg","url":"https:\/\/websitedemos.net\/astra-blocks\/call-to-action-4b\/","tag":{"819":"call-to-action"},"category":832,"wireframe":[],"page-builder":"elementor","astra-sites-type":[],"filter":"dark","required-plugins":[],"spectra-ver":[]},"id-37132":{"title":"Call To Action 4W","featured-image-url":"https:\/\/websitedemos.net\/wp-content\/uploads\/2020\/01\/call-to-action-4w.jpg","thumbnail-image-url":"https:\/\/websitedemos.net\/wp-content\/uploads\/2020\/01\/call-to-action-4w.jpg","url":"https:\/\/websitedemos.net\/astra-blocks\/call-to-action-4w\/","tag":{"819":"call-to-action"},"category":832,"wireframe":[],"page-builder":"elementor","astra-sites-type":[],"filter":"light","required-plugins":[],"spectra-ver":[]},"id-37150":{"title":"Call To Action 6B","featured-image-url":"https:\/\/websitedemos.net\/wp-content\/uploads\/2020\/01\/call-to-action-6b.jpg","thumbnail-image-url":"https:\/\/websitedemos.net\/wp-content\/uploads\/2020\/01\/call-to-action-6b.jpg","url":"https:\/\/websitedemos.net\/astra-blocks\/call-to-action-6b\/","tag":{"819":"call-to-action"},"category":832,"wireframe":[],"page-builder":"elementor","astra-sites-type":[],"filter":"dark","required-plugins":[],"spectra-ver":[]},"id-37147":{"title":"Call To Action 6W","featured-image-url":"https:\/\/websitedemos.net\/wp-content\/uploads\/2020\/01\/call-to-action-6w.jpg","thumbnail-image-url":"https:\/\/websitedemos.net\/wp-content\/uploads\/2020\/01\/call-to-action-6w.jpg","url":"https:\/\/websitedemos.net\/astra-blocks\/call-to-action-6w\/","tag":{"819":"call-to-action"},"category":832,"wireframe":[],"page-builder":"elementor","astra-sites-type":[],"filter":"light","required-plugins":[],"spectra-ver":[]},"id-39763":{"title":"Call To Action 7B","featured-image-url":"https:\/\/websitedemos.net\/wp-content\/uploads\/2020\/01\/call-to-action-10b.jpg","thumbnail-image-url":"https:\/\/websitedemos.net\/wp-content\/uploads\/2020\/01\/call-to-action-10b.jpg","url":"https:\/\/websitedemos.net\/astra-blocks\/call-to-action-7b\/","tag":{"819":"call-to-action"},"category":832,"wireframe":[],"page-builder":"elementor","astra-sites-type":[],"filter":"dark","required-plugins":[],"spectra-ver":[]},"id-39761":{"title":"Call To Action 7W","featured-image-url":"https:\/\/websitedemos.net\/wp-content\/uploads\/2020\/01\/call-to-action-10w.jpg","thumbnail-image-url":"https:\/\/websitedemos.net\/wp-content\/uploads\/2020\/01\/call-to-action-10w.jpg","url":"https:\/\/websitedemos.net\/astra-blocks\/call-to-action-7w\/","tag":{"819":"call-to-action"},"category":832,"wireframe":[],"page-builder":"elementor","astra-sites-type":[],"filter":"light","required-plugins":[],"spectra-ver":[]},"id-42960":{"title":"Call To Action 8B","featured-image-url":"https:\/\/websitedemos.net\/wp-content\/uploads\/2020\/01\/call-to-action-11b.jpg","thumbnail-image-url":"https:\/\/websitedemos.net\/wp-content\/uploads\/2020\/01\/call-to-action-11b.jpg","url":"https:\/\/websitedemos.net\/astra-blocks\/call-to-action-8b\/","tag":{"819":"call-to-action"},"category":832,"wireframe":[],"page-builder":"elementor","astra-sites-type":[],"filter":"dark","required-plugins":[],"spectra-ver":[]},"id-28634":{"title":"Call To Action 8W","featured-image-url":"https:\/\/websitedemos.net\/wp-content\/uploads\/2020\/01\/call-to-action-11w.jpg","thumbnail-image-url":"https:\/\/websitedemos.net\/wp-content\/uploads\/2020\/01\/call-to-action-11w.jpg","url":"https:\/\/websitedemos.net\/astra-blocks\/call-to-action-8w\/","tag":{"819":"call-to-action"},"category":832,"wireframe":[],"page-builder":"elementor","astra-sites-type":[],"filter":"light","required-plugins":[],"spectra-ver":[]},"id-39771":{"title":"Call To Action 9B","featured-image-url":"https:\/\/websitedemos.net\/wp-content\/uploads\/2020\/01\/call-to-action-9b.jpg","thumbnail-image-url":"https:\/\/websitedemos.net\/wp-content\/uploads\/2020\/01\/call-to-action-9b.jpg","url":"https:\/\/websitedemos.net\/astra-blocks\/call-to-action-9b\/","tag":{"819":"call-to-action"},"category":832,"wireframe":[],"page-builder":"elementor","astra-sites-type":[],"filter":"dark","required-plugins":[],"spectra-ver":[]},"id-39755":{"title":"Call To Action 9W","featured-image-url":"https:\/\/websitedemos.net\/wp-content\/uploads\/2020\/01\/call-to-action-9w.jpg","thumbnail-image-url":"https:\/\/websitedemos.net\/wp-content\/uploads\/2020\/01\/call-to-action-9w.jpg","url":"https:\/\/websitedemos.net\/astra-blocks\/call-to-action-9w\/","tag":{"819":"call-to-action"},"category":832,"wireframe":[],"page-builder":"elementor","astra-sites-type":[],"filter":"light","required-plugins":[],"spectra-ver":[]},"id-43883":{"title":"Contact 1B","featured-image-url":"https:\/\/websitedemos.net\/wp-content\/uploads\/2020\/02\/contact-1b.jpg","thumbnail-image-url":"https:\/\/websitedemos.net\/wp-content\/uploads\/2020\/02\/contact-1b.jpg","url":"https:\/\/websitedemos.net\/astra-blocks\/contact-1b\/","tag":{"823":"contact"},"category":1416,"wireframe":[],"page-builder":"elementor","astra-sites-type":[],"filter":"dark","required-plugins":[],"spectra-ver":[]},"id-43873":{"title":"Contact 1W","featured-image-url":"https:\/\/websitedemos.net\/wp-content\/uploads\/2020\/02\/contact-1w.jpg","thumbnail-image-url":"https:\/\/websitedemos.net\/wp-content\/uploads\/2020\/02\/contact-1w.jpg","url":"https:\/\/websitedemos.net\/astra-blocks\/contact-1w\/","tag":{"823":"contact"},"category":1416,"wireframe":[],"page-builder":"elementor","astra-sites-type":[],"filter":"light","required-plugins":[],"spectra-ver":[]},"id-43930":{"title":"Contact 3B","featured-image-url":"https:\/\/websitedemos.net\/wp-content\/uploads\/2020\/02\/contact-3b.jpg","thumbnail-image-url":"https:\/\/websitedemos.net\/wp-content\/uploads\/2020\/02\/contact-3b.jpg","url":"https:\/\/websitedemos.net\/astra-blocks\/contact-3b\/","tag":{"823":"contact"},"category":1416,"wireframe":[],"page-builder":"elementor","astra-sites-type":[],"filter":"dark","required-plugins":[{"slug":"wpforms-lite","init":"wpforms-lite\/wpforms.php","name":"WPForms Lite"}],"spectra-ver":[]},"id-43906":{"title":"Contact 3W","featured-image-url":"https:\/\/websitedemos.net\/wp-content\/uploads\/2020\/02\/contact-3w.jpg","thumbnail-image-url":"https:\/\/websitedemos.net\/wp-content\/uploads\/2020\/02\/contact-3w.jpg","url":"https:\/\/websitedemos.net\/astra-blocks\/contact-3w\/","tag":{"823":"contact"},"category":1416,"wireframe":[],"page-builder":"elementor","astra-sites-type":[],"filter":"light","required-plugins":[{"slug":"wpforms-lite","init":"wpforms-lite\/wpforms.php","name":"WPForms Lite"}],"spectra-ver":[]},"id-43964":{"title":"Contact 5B","featured-image-url":"https:\/\/websitedemos.net\/wp-content\/uploads\/2020\/02\/contact-5b.jpg","thumbnail-image-url":"https:\/\/websitedemos.net\/wp-content\/uploads\/2020\/02\/contact-5b.jpg","url":"https:\/\/websitedemos.net\/astra-blocks\/contact-5b\/","tag":{"823":"contact"},"category":1416,"wireframe":[],"page-builder":"elementor","astra-sites-type":[],"filter":"dark","required-plugins":[{"slug":"wpforms-lite","init":"wpforms-lite\/wpforms.php","name":"WPForms Lite"}],"spectra-ver":[]},"id-43951":{"title":"Contact 5W","featured-image-url":"https:\/\/websitedemos.net\/wp-content\/uploads\/2020\/02\/contact-5w.jpg","thumbnail-image-url":"https:\/\/websitedemos.net\/wp-content\/uploads\/2020\/02\/contact-5w.jpg","url":"https:\/\/websitedemos.net\/astra-blocks\/contact-5w\/","tag":{"823":"contact"},"category":1416,"wireframe":[],"page-builder":"elementor","astra-sites-type":[],"filter":"light","required-plugins":[{"slug":"wpforms-lite","init":"wpforms-lite\/wpforms.php","name":"WPForms Lite"}],"spectra-ver":[]},"id-44803":{"title":"Contact 7B","featured-image-url":"https:\/\/websitedemos.net\/wp-content\/uploads\/2020\/02\/contact-7b.jpg","thumbnail-image-url":"https:\/\/websitedemos.net\/wp-content\/uploads\/2020\/02\/contact-7b.jpg","url":"https:\/\/websitedemos.net\/astra-blocks\/contact-7b\/","tag":{"823":"contact"},"category":1416,"wireframe":[],"page-builder":"elementor","astra-sites-type":[],"filter":"dark","required-plugins":[],"spectra-ver":[]},"id-43990":{"title":"Contact 7W","featured-image-url":"https:\/\/websitedemos.net\/wp-content\/uploads\/2020\/02\/contact-7w.jpg","thumbnail-image-url":"https:\/\/websitedemos.net\/wp-content\/uploads\/2020\/02\/contact-7w.jpg","url":"https:\/\/websitedemos.net\/astra-blocks\/contact-7w\/","tag":{"823":"contact"},"category":1416,"wireframe":[],"page-builder":"elementor","astra-sites-type":[],"filter":"light","required-plugins":[],"spectra-ver":[]},"id-44286":{"title":"Contact 8B","featured-image-url":"https:\/\/websitedemos.net\/wp-content\/uploads\/2020\/02\/contact-8b.jpg","thumbnail-image-url":"https:\/\/websitedemos.net\/wp-content\/uploads\/2020\/02\/contact-8b.jpg","url":"https:\/\/websitedemos.net\/astra-blocks\/contact-8b\/","tag":{"823":"contact"},"category":1416,"wireframe":[],"page-builder":"elementor","astra-sites-type":[],"filter":"dark","required-plugins":[],"spectra-ver":[]},"id-44123":{"title":"Contact 8W","featured-image-url":"https:\/\/websitedemos.net\/wp-content\/uploads\/2020\/02\/contact-8w.jpg","thumbnail-image-url":"https:\/\/websitedemos.net\/wp-content\/uploads\/2020\/02\/contact-8w.jpg","url":"https:\/\/websitedemos.net\/astra-blocks\/contact-8w\/","tag":{"823":"contact"},"category":1416,"wireframe":[],"page-builder":"elementor","astra-sites-type":[],"filter":"light","required-plugins":[],"spectra-ver":[]},"id-44304":{"title":"Contact 9B","featured-image-url":"https:\/\/websitedemos.net\/wp-content\/uploads\/2020\/02\/contact-9b.jpg","thumbnail-image-url":"https:\/\/websitedemos.net\/wp-content\/uploads\/2020\/02\/contact-9b.jpg","url":"https:\/\/websitedemos.net\/astra-blocks\/contact-9b\/","tag":{"823":"contact"},"category":1416,"wireframe":[],"page-builder":"elementor","astra-sites-type":[],"filter":"dark","required-plugins":[],"spectra-ver":[]},"id-44189":{"title":"Contact 9W","featured-image-url":"https:\/\/websitedemos.net\/wp-content\/uploads\/2020\/02\/contact-9w.jpg","thumbnail-image-url":"https:\/\/websitedemos.net\/wp-content\/uploads\/2020\/02\/contact-9w.jpg","url":"https:\/\/websitedemos.net\/astra-blocks\/contact-9w\/","tag":{"823":"contact"},"category":1416,"wireframe":[],"page-builder":"elementor","astra-sites-type":[],"filter":"light","required-plugins":[],"spectra-ver":[]},"id-44821":{"title":"Contact 10B","featured-image-url":"https:\/\/websitedemos.net\/wp-content\/uploads\/2020\/02\/contact-10b.jpg","thumbnail-image-url":"https:\/\/websitedemos.net\/wp-content\/uploads\/2020\/02\/contact-10b.jpg","url":"https:\/\/websitedemos.net\/astra-blocks\/contact-10b\/","tag":{"823":"contact"},"category":1416,"wireframe":[],"page-builder":"elementor","astra-sites-type":[],"filter":"dark","required-plugins":[],"spectra-ver":[]},"id-44819":{"title":"Contact 10W","featured-image-url":"https:\/\/websitedemos.net\/wp-content\/uploads\/2020\/02\/contact-10w.jpg","thumbnail-image-url":"https:\/\/websitedemos.net\/wp-content\/uploads\/2020\/02\/contact-10w.jpg","url":"https:\/\/websitedemos.net\/astra-blocks\/contact-10w\/","tag":{"823":"contact"},"category":1416,"wireframe":[],"page-builder":"elementor","astra-sites-type":[],"filter":"light","required-plugins":[],"spectra-ver":[]},"id-36983":{"title":"About 1B","featured-image-url":"https:\/\/websitedemos.net\/wp-content\/uploads\/2020\/01\/About-1B-1.jpg","thumbnail-image-url":"https:\/\/websitedemos.net\/wp-content\/uploads\/2020\/01\/About-1B-1.jpg","url":"https:\/\/websitedemos.net\/astra-blocks\/about-1b\/","tag":{"818":"about"},"category":825,"wireframe":[],"page-builder":"elementor","astra-sites-type":[],"filter":"dark","required-plugins":[],"spectra-ver":[]},"id-36980":{"title":"About 1W","featured-image-url":"https:\/\/websitedemos.net\/wp-content\/uploads\/2020\/01\/About-1W-1.jpg","thumbnail-image-url":"https:\/\/websitedemos.net\/wp-content\/uploads\/2020\/01\/About-1W-1.jpg","url":"https:\/\/websitedemos.net\/astra-blocks\/about-1w\/","tag":{"818":"about"},"category":825,"wireframe":[],"page-builder":"elementor","astra-sites-type":[],"filter":"light","required-plugins":[],"spectra-ver":[]},"id-37019":{"title":"About 2B","featured-image-url":"https:\/\/websitedemos.net\/wp-content\/uploads\/2020\/01\/About-2B-1.jpg","thumbnail-image-url":"https:\/\/websitedemos.net\/wp-content\/uploads\/2020\/01\/About-2B-1.jpg","url":"https:\/\/websitedemos.net\/astra-blocks\/about-2b\/","tag":{"818":"about"},"category":825,"wireframe":[],"page-builder":"elementor","astra-sites-type":[],"filter":"dark","required-plugins":[],"spectra-ver":[]},"id-37015":{"title":"About 2W","featured-image-url":"https:\/\/websitedemos.net\/wp-content\/uploads\/2020\/01\/About-2W-1.jpg","thumbnail-image-url":"https:\/\/websitedemos.net\/wp-content\/uploads\/2020\/01\/About-2W-1.jpg","url":"https:\/\/websitedemos.net\/astra-blocks\/about-2w\/","tag":{"818":"about"},"category":825,"wireframe":[],"page-builder":"elementor","astra-sites-type":[],"filter":"light","required-plugins":[],"spectra-ver":[]},"id-37043":{"title":"About 4B","featured-image-url":"https:\/\/websitedemos.net\/wp-content\/uploads\/2020\/01\/about-4b-2.jpg","thumbnail-image-url":"https:\/\/websitedemos.net\/wp-content\/uploads\/2020\/01\/about-4b-2.jpg","url":"https:\/\/websitedemos.net\/astra-blocks\/about-4b\/","tag":{"818":"about"},"category":825,"wireframe":[],"page-builder":"elementor","astra-sites-type":[],"filter":"dark","required-plugins":[],"spectra-ver":[]},"id-37040":{"title":"About 4W","featured-image-url":"https:\/\/websitedemos.net\/wp-content\/uploads\/2020\/01\/about-4w-2.jpg","thumbnail-image-url":"https:\/\/websitedemos.net\/wp-content\/uploads\/2020\/01\/about-4w-2.jpg","url":"https:\/\/websitedemos.net\/astra-blocks\/about-4w\/","tag":{"818":"about"},"category":825,"wireframe":[],"page-builder":"elementor","astra-sites-type":[],"filter":"light","required-plugins":[],"spectra-ver":[]},"id-38180":{"title":"About 6B","featured-image-url":"https:\/\/websitedemos.net\/wp-content\/uploads\/2020\/01\/about-6b.jpg","thumbnail-image-url":"https:\/\/websitedemos.net\/wp-content\/uploads\/2020\/01\/about-6b.jpg","url":"https:\/\/websitedemos.net\/astra-blocks\/about-6b\/","tag":{"818":"about"},"category":825,"wireframe":[],"page-builder":"elementor","astra-sites-type":[],"filter":"dark","required-plugins":[],"spectra-ver":[]},"id-38147":{"title":"About 6W","featured-image-url":"https:\/\/websitedemos.net\/wp-content\/uploads\/2020\/01\/about-6w.jpg","thumbnail-image-url":"https:\/\/websitedemos.net\/wp-content\/uploads\/2020\/01\/about-6w.jpg","url":"https:\/\/websitedemos.net\/astra-blocks\/about-6w\/","tag":{"818":"about"},"category":825,"wireframe":[],"page-builder":"elementor","astra-sites-type":[],"filter":"light","required-plugins":[],"spectra-ver":[]},"id-42723":{"title":"About 8B","featured-image-url":"https:\/\/websitedemos.net\/wp-content\/uploads\/2020\/01\/about-8b-1.jpg","thumbnail-image-url":"https:\/\/websitedemos.net\/wp-content\/uploads\/2020\/01\/about-8b-1.jpg","url":"https:\/\/websitedemos.net\/astra-blocks\/about-8b\/","tag":{"818":"about"},"category":825,"wireframe":[],"page-builder":"elementor","astra-sites-type":[],"filter":"dark","required-plugins":[],"spectra-ver":[]},"id-42709":{"title":"About 8W","featured-image-url":"https:\/\/websitedemos.net\/wp-content\/uploads\/2020\/01\/about-8w-1.jpg","thumbnail-image-url":"https:\/\/websitedemos.net\/wp-content\/uploads\/2020\/01\/about-8w-1.jpg","url":"https:\/\/websitedemos.net\/astra-blocks\/about-8w\/","tag":{"818":"about"},"category":825,"wireframe":[],"page-builder":"elementor","astra-sites-type":[],"filter":"light","required-plugins":[],"spectra-ver":[]},"id-42950":{"title":"About 9B","featured-image-url":"https:\/\/websitedemos.net\/wp-content\/uploads\/2020\/01\/about-9b.jpg","thumbnail-image-url":"https:\/\/websitedemos.net\/wp-content\/uploads\/2020\/01\/about-9b.jpg","url":"https:\/\/websitedemos.net\/astra-blocks\/about-9b\/","tag":{"818":"about"},"category":825,"wireframe":[],"page-builder":"elementor","astra-sites-type":[],"filter":"dark","required-plugins":[],"spectra-ver":[]},"id-28474":{"title":"About 9W","featured-image-url":"https:\/\/websitedemos.net\/wp-content\/uploads\/2020\/01\/about-9w.jpg","thumbnail-image-url":"https:\/\/websitedemos.net\/wp-content\/uploads\/2020\/01\/about-9w.jpg","url":"https:\/\/websitedemos.net\/astra-blocks\/about-9w\/","tag":{"818":"about"},"category":825,"wireframe":[],"page-builder":"elementor","astra-sites-type":[],"filter":"light","required-plugins":[],"spectra-ver":[]},"id-42169":{"title":"Statistics 2B","featured-image-url":"https:\/\/websitedemos.net\/wp-content\/uploads\/2020\/01\/statistics-2b.jpg","thumbnail-image-url":"https:\/\/websitedemos.net\/wp-content\/uploads\/2020\/01\/statistics-2b.jpg","url":"https:\/\/websitedemos.net\/astra-blocks\/statistics-2b\/","tag":{"924":"statistics","921":"stats"},"category":1096,"wireframe":[],"page-builder":"elementor","astra-sites-type":[],"filter":"dark","required-plugins":[],"spectra-ver":[]},"id-42166":{"title":"Statistics 2W","featured-image-url":"https:\/\/websitedemos.net\/wp-content\/uploads\/2020\/01\/statistics-2w-1.jpg","thumbnail-image-url":"https:\/\/websitedemos.net\/wp-content\/uploads\/2020\/01\/statistics-2w-1.jpg","url":"https:\/\/websitedemos.net\/astra-blocks\/statistics-2w\/","tag":{"924":"statistics","921":"stats"},"category":1096,"wireframe":[],"page-builder":"elementor","astra-sites-type":[],"filter":"light","required-plugins":[],"spectra-ver":[]},"id-42236":{"title":"Statistics 4B","featured-image-url":"https:\/\/websitedemos.net\/wp-content\/uploads\/2020\/01\/statistics-4b.jpg","thumbnail-image-url":"https:\/\/websitedemos.net\/wp-content\/uploads\/2020\/01\/statistics-4b.jpg","url":"https:\/\/websitedemos.net\/astra-blocks\/statistics-4b\/","tag":{"924":"statistics","921":"stats"},"category":1096,"wireframe":[],"page-builder":"elementor","astra-sites-type":[],"filter":"dark","required-plugins":[],"spectra-ver":[]},"id-42219":{"title":"Statistics 4W","featured-image-url":"https:\/\/websitedemos.net\/wp-content\/uploads\/2020\/01\/statistics-4w.jpg","thumbnail-image-url":"https:\/\/websitedemos.net\/wp-content\/uploads\/2020\/01\/statistics-4w.jpg","url":"https:\/\/websitedemos.net\/astra-blocks\/statistics-4w\/","tag":{"924":"statistics","921":"stats"},"category":1096,"wireframe":[],"page-builder":"elementor","astra-sites-type":[],"filter":"light","required-plugins":[],"spectra-ver":[]},"id-42259":{"title":"Statistics 5B","featured-image-url":"https:\/\/websitedemos.net\/wp-content\/uploads\/2020\/01\/statistics-5d.jpg","thumbnail-image-url":"https:\/\/websitedemos.net\/wp-content\/uploads\/2020\/01\/statistics-5d.jpg","url":"https:\/\/websitedemos.net\/astra-blocks\/statistics-5b\/","tag":{"924":"statistics","921":"stats"},"category":1096,"wireframe":[],"page-builder":"elementor","astra-sites-type":[],"filter":"dark","required-plugins":[],"spectra-ver":[]},"id-42251":{"title":"Statistics 5W","featured-image-url":"https:\/\/websitedemos.net\/wp-content\/uploads\/2020\/01\/statistics-5w-1.jpg","thumbnail-image-url":"https:\/\/websitedemos.net\/wp-content\/uploads\/2020\/01\/statistics-5w-1.jpg","url":"https:\/\/websitedemos.net\/astra-blocks\/statistics-5w\/","tag":{"924":"statistics","921":"stats"},"category":1096,"wireframe":[],"page-builder":"elementor","astra-sites-type":[],"filter":"light","required-plugins":[],"spectra-ver":[]},"id-42295":{"title":"Statistics 7B","featured-image-url":"https:\/\/websitedemos.net\/wp-content\/uploads\/2020\/01\/statistics-7b.jpg","thumbnail-image-url":"https:\/\/websitedemos.net\/wp-content\/uploads\/2020\/01\/statistics-7b.jpg","url":"https:\/\/websitedemos.net\/astra-blocks\/statistics-7b\/","tag":{"924":"statistics","921":"stats"},"category":1096,"wireframe":[],"page-builder":"elementor","astra-sites-type":[],"filter":"dark","required-plugins":[],"spectra-ver":[]},"id-42292":{"title":"Statistics 7W","featured-image-url":"https:\/\/websitedemos.net\/wp-content\/uploads\/2020\/01\/statistics-7w.jpg","thumbnail-image-url":"https:\/\/websitedemos.net\/wp-content\/uploads\/2020\/01\/statistics-7w.jpg","url":"https:\/\/websitedemos.net\/astra-blocks\/statistics-7w\/","tag":{"924":"statistics","921":"stats"},"category":1096,"wireframe":[],"page-builder":"elementor","astra-sites-type":[],"filter":"light","required-plugins":[],"spectra-ver":[]},"id-42304":{"title":"Statistics 8B","featured-image-url":"https:\/\/websitedemos.net\/wp-content\/uploads\/2020\/01\/statistics-8b.jpg","thumbnail-image-url":"https:\/\/websitedemos.net\/wp-content\/uploads\/2020\/01\/statistics-8b.jpg","url":"https:\/\/websitedemos.net\/astra-blocks\/statistics-8b\/","tag":{"924":"statistics","921":"stats"},"category":1096,"wireframe":[],"page-builder":"elementor","astra-sites-type":[],"filter":"dark","required-plugins":[],"spectra-ver":[]},"id-42298":{"title":"Statistics 8W","featured-image-url":"https:\/\/websitedemos.net\/wp-content\/uploads\/2020\/01\/statistics-8w.jpg","thumbnail-image-url":"https:\/\/websitedemos.net\/wp-content\/uploads\/2020\/01\/statistics-8w.jpg","url":"https:\/\/websitedemos.net\/astra-blocks\/statistics-8w\/","tag":{"924":"statistics","921":"stats"},"category":1096,"wireframe":[],"page-builder":"elementor","astra-sites-type":[],"filter":"light","required-plugins":[],"spectra-ver":[]},"id-44883":{"title":"Statistics 10B","featured-image-url":"https:\/\/websitedemos.net\/wp-content\/uploads\/2020\/02\/statistics-10b.jpg","thumbnail-image-url":"https:\/\/websitedemos.net\/wp-content\/uploads\/2020\/02\/statistics-10b.jpg","url":"https:\/\/websitedemos.net\/astra-blocks\/statistics-10b\/","tag":{"924":"statistics","921":"stats"},"category":1096,"wireframe":[],"page-builder":"elementor","astra-sites-type":[],"filter":"dark","required-plugins":[],"spectra-ver":[]},"id-44878":{"title":"Statistics 10W","featured-image-url":"https:\/\/websitedemos.net\/wp-content\/uploads\/2020\/02\/statistics-10w.jpg","thumbnail-image-url":"https:\/\/websitedemos.net\/wp-content\/uploads\/2020\/02\/statistics-10w.jpg","url":"https:\/\/websitedemos.net\/astra-blocks\/statistics-10w\/","tag":{"924":"statistics","921":"stats"},"category":1096,"wireframe":[],"page-builder":"elementor","astra-sites-type":[],"filter":"light","required-plugins":[],"spectra-ver":[]},"id-37726":{"title":"Services 1W","featured-image-url":"https:\/\/websitedemos.net\/wp-content\/uploads\/2020\/01\/services-1w-2020.jpg","thumbnail-image-url":"https:\/\/websitedemos.net\/wp-content\/uploads\/2020\/01\/services-1w-2020.jpg","url":"https:\/\/websitedemos.net\/astra-blocks\/services-1w\/","tag":{"953":"services"},"category":952,"wireframe":[],"page-builder":"elementor","astra-sites-type":[],"filter":"light","required-plugins":[],"spectra-ver":[]},"id-37739":{"title":"Services 1B","featured-image-url":"https:\/\/websitedemos.net\/wp-content\/uploads\/2020\/01\/services-1b-2020.jpg","thumbnail-image-url":"https:\/\/websitedemos.net\/wp-content\/uploads\/2020\/01\/services-1b-2020.jpg","url":"https:\/\/websitedemos.net\/astra-blocks\/services-1b\/","tag":{"953":"services"},"category":952,"wireframe":[],"page-builder":"elementor","astra-sites-type":[],"filter":"dark","required-plugins":[],"spectra-ver":[]},"id-37747":{"title":"Services 2B","featured-image-url":"https:\/\/websitedemos.net\/wp-content\/uploads\/2020\/01\/services-2b-2020.jpg","thumbnail-image-url":"https:\/\/websitedemos.net\/wp-content\/uploads\/2020\/01\/services-2b-2020.jpg","url":"https:\/\/websitedemos.net\/astra-blocks\/services-2b\/","tag":{"953":"services"},"category":952,"wireframe":[],"page-builder":"elementor","astra-sites-type":[],"filter":"dark","required-plugins":[],"spectra-ver":[]},"id-37748":{"title":"Services 2W","featured-image-url":"https:\/\/websitedemos.net\/wp-content\/uploads\/2020\/01\/services-2w-2020.jpg","thumbnail-image-url":"https:\/\/websitedemos.net\/wp-content\/uploads\/2020\/01\/services-2w-2020.jpg","url":"https:\/\/websitedemos.net\/astra-blocks\/services-2w\/","tag":{"953":"services"},"category":952,"wireframe":[],"page-builder":"elementor","astra-sites-type":[],"filter":"light","required-plugins":[],"spectra-ver":[]},"id-37754":{"title":"Services 3B","featured-image-url":"https:\/\/websitedemos.net\/wp-content\/uploads\/2020\/01\/services-3b-2020.jpg","thumbnail-image-url":"https:\/\/websitedemos.net\/wp-content\/uploads\/2020\/01\/services-3b-2020.jpg","url":"https:\/\/websitedemos.net\/astra-blocks\/services-3b\/","tag":{"953":"services"},"category":952,"wireframe":[],"page-builder":"elementor","astra-sites-type":[],"filter":"dark","required-plugins":[],"spectra-ver":[]},"id-37755":{"title":"Services 3W","featured-image-url":"https:\/\/websitedemos.net\/wp-content\/uploads\/2020\/01\/services-3w.jpg","thumbnail-image-url":"https:\/\/websitedemos.net\/wp-content\/uploads\/2020\/01\/services-3w.jpg","url":"https:\/\/websitedemos.net\/astra-blocks\/services-3w\/","tag":{"953":"services"},"category":952,"wireframe":[],"page-builder":"elementor","astra-sites-type":[],"filter":"light","required-plugins":[],"spectra-ver":[]},"id-42227":{"title":"Services 6B","featured-image-url":"https:\/\/websitedemos.net\/wp-content\/uploads\/2020\/01\/services-6b.jpg","thumbnail-image-url":"https:\/\/websitedemos.net\/wp-content\/uploads\/2020\/01\/services-6b.jpg","url":"https:\/\/websitedemos.net\/astra-blocks\/services-6b\/","tag":{"953":"services"},"category":952,"wireframe":[],"page-builder":"elementor","astra-sites-type":[],"filter":"dark","required-plugins":[],"spectra-ver":[]},"id-38930":{"title":"Services 6W","featured-image-url":"https:\/\/websitedemos.net\/wp-content\/uploads\/2020\/01\/services-6w.jpg","thumbnail-image-url":"https:\/\/websitedemos.net\/wp-content\/uploads\/2020\/01\/services-6w.jpg","url":"https:\/\/websitedemos.net\/astra-blocks\/services-6w\/","tag":{"953":"services"},"category":952,"wireframe":[],"page-builder":"elementor","astra-sites-type":[],"filter":"light","required-plugins":[],"spectra-ver":[]},"id-42231":{"title":"Services 9B","featured-image-url":"https:\/\/websitedemos.net\/wp-content\/uploads\/2020\/01\/services-9b.jpg","thumbnail-image-url":"https:\/\/websitedemos.net\/wp-content\/uploads\/2020\/01\/services-9b.jpg","url":"https:\/\/websitedemos.net\/astra-blocks\/services-9b\/","tag":{"953":"services"},"category":952,"wireframe":[],"page-builder":"elementor","astra-sites-type":[],"filter":"dark","required-plugins":[],"spectra-ver":[]},"id-41054":{"title":"Services 9W","featured-image-url":"https:\/\/websitedemos.net\/wp-content\/uploads\/2020\/01\/services-9w.jpg","thumbnail-image-url":"https:\/\/websitedemos.net\/wp-content\/uploads\/2020\/01\/services-9w.jpg","url":"https:\/\/websitedemos.net\/astra-blocks\/services-9w\/","tag":{"953":"services"},"category":952,"wireframe":[],"page-builder":"elementor","astra-sites-type":[],"filter":"light","required-plugins":[],"spectra-ver":[]},"id-43013":{"title":"Services 12B","featured-image-url":"https:\/\/websitedemos.net\/wp-content\/uploads\/2020\/01\/services-12b.jpg","thumbnail-image-url":"https:\/\/websitedemos.net\/wp-content\/uploads\/2020\/01\/services-12b.jpg","url":"https:\/\/websitedemos.net\/astra-blocks\/services-12b\/","tag":{"953":"services"},"category":952,"wireframe":[],"page-builder":"elementor","astra-sites-type":[],"filter":"dark","required-plugins":[],"spectra-ver":[]},"id-43009":{"title":"Services 12W","featured-image-url":"https:\/\/websitedemos.net\/wp-content\/uploads\/2020\/01\/services-12w.jpg","thumbnail-image-url":"https:\/\/websitedemos.net\/wp-content\/uploads\/2020\/01\/services-12w.jpg","url":"https:\/\/websitedemos.net\/astra-blocks\/services-12w\/","tag":{"953":"services"},"category":952,"wireframe":[],"page-builder":"elementor","astra-sites-type":[],"filter":"light","required-plugins":[],"spectra-ver":[]},"id-37890":{"title":"Testimonial 1B","featured-image-url":"https:\/\/websitedemos.net\/wp-content\/uploads\/2020\/01\/Testimonial-1B.jpg","thumbnail-image-url":"https:\/\/websitedemos.net\/wp-content\/uploads\/2020\/01\/Testimonial-1B.jpg","url":"https:\/\/websitedemos.net\/astra-blocks\/testimonial-1b\/","tag":{"1095":"reviews","844":"testimonial"},"category":830,"wireframe":[],"page-builder":"elementor","astra-sites-type":[],"filter":"dark","required-plugins":[],"spectra-ver":[]},"id-37889":{"title":"Testimonial 1W","featured-image-url":"https:\/\/websitedemos.net\/wp-content\/uploads\/2020\/01\/Testimonial-1W.jpg","thumbnail-image-url":"https:\/\/websitedemos.net\/wp-content\/uploads\/2020\/01\/Testimonial-1W.jpg","url":"https:\/\/websitedemos.net\/astra-blocks\/testimonial-1w\/","tag":{"1095":"reviews","844":"testimonial"},"category":830,"wireframe":[],"page-builder":"elementor","astra-sites-type":[],"filter":"light","required-plugins":[],"spectra-ver":[]},"id-37898":{"title":"Testimonial 2B","featured-image-url":"https:\/\/websitedemos.net\/wp-content\/uploads\/2020\/01\/Testimonial-2B.jpg","thumbnail-image-url":"https:\/\/websitedemos.net\/wp-content\/uploads\/2020\/01\/Testimonial-2B.jpg","url":"https:\/\/websitedemos.net\/astra-blocks\/testimonial-2b\/","tag":{"1095":"reviews","844":"testimonial"},"category":830,"wireframe":[],"page-builder":"elementor","astra-sites-type":[],"filter":"dark","required-plugins":[],"spectra-ver":[]},"id-37899":{"title":"Testimonial 2W","featured-image-url":"https:\/\/websitedemos.net\/wp-content\/uploads\/2020\/01\/Testimonial-2w.jpg","thumbnail-image-url":"https:\/\/websitedemos.net\/wp-content\/uploads\/2020\/01\/Testimonial-2w.jpg","url":"https:\/\/websitedemos.net\/astra-blocks\/testimonial-2w\/","tag":{"1095":"reviews","844":"testimonial"},"category":830,"wireframe":[],"page-builder":"elementor","astra-sites-type":[],"filter":"light","required-plugins":[],"spectra-ver":[]},"id-37905":{"title":"Testimonial 3B","featured-image-url":"https:\/\/websitedemos.net\/wp-content\/uploads\/2020\/01\/Testimonial-3B.jpg","thumbnail-image-url":"https:\/\/websitedemos.net\/wp-content\/uploads\/2020\/01\/Testimonial-3B.jpg","url":"https:\/\/websitedemos.net\/astra-blocks\/testimonial-3b\/","tag":{"1095":"reviews","844":"testimonial"},"category":830,"wireframe":[],"page-builder":"elementor","astra-sites-type":[],"filter":"dark","required-plugins":[],"spectra-ver":[]},"id-37904":{"title":"Testimonial 3W","featured-image-url":"https:\/\/websitedemos.net\/wp-content\/uploads\/2020\/01\/Testimonial-3w.jpg","thumbnail-image-url":"https:\/\/websitedemos.net\/wp-content\/uploads\/2020\/01\/Testimonial-3w.jpg","url":"https:\/\/websitedemos.net\/astra-blocks\/testimonial-3w\/","tag":{"1095":"reviews","844":"testimonial"},"category":830,"wireframe":[],"page-builder":"elementor","astra-sites-type":[],"filter":"light","required-plugins":[],"spectra-ver":[]},"id-38536":{"title":"Testimonial 5B","featured-image-url":"https:\/\/websitedemos.net\/wp-content\/uploads\/2020\/01\/testimonial-5b.jpg","thumbnail-image-url":"https:\/\/websitedemos.net\/wp-content\/uploads\/2020\/01\/testimonial-5b.jpg","url":"https:\/\/websitedemos.net\/astra-blocks\/testimonial-5b\/","tag":{"1095":"reviews","844":"testimonial"},"category":830,"wireframe":[],"page-builder":"elementor","astra-sites-type":[],"filter":"dark","required-plugins":[],"spectra-ver":[]},"id-38471":{"title":"Testimonial 5W","featured-image-url":"https:\/\/websitedemos.net\/wp-content\/uploads\/2020\/01\/testimonial-5w.jpg","thumbnail-image-url":"https:\/\/websitedemos.net\/wp-content\/uploads\/2020\/01\/testimonial-5w.jpg","url":"https:\/\/websitedemos.net\/astra-blocks\/testimonial-5w\/","tag":{"1095":"reviews","844":"testimonial"},"category":830,"wireframe":[],"page-builder":"elementor","astra-sites-type":[],"filter":"light","required-plugins":[],"spectra-ver":[]}}