{"id-52593":{"title":"About 6","featured-image-url":"https:\/\/websitedemos.net\/wp-content\/uploads\/2021\/05\/about-6e.jpg","thumbnail-image-url":"https:\/\/websitedemos.net\/wp-content\/uploads\/2021\/05\/about-6e.jpg","url":"https:\/\/websitedemos.net\/astra-blocks\/about-6e\/","tag":{"818":"about"},"category":825,"wireframe":[],"page-builder":"elementor","astra-sites-type":[],"filter":"light","required-plugins":[],"spectra-ver":[]},"id-52592":{"title":"About 5","featured-image-url":"https:\/\/websitedemos.net\/wp-content\/uploads\/2021\/05\/about-5e.jpg","thumbnail-image-url":"https:\/\/websitedemos.net\/wp-content\/uploads\/2021\/05\/about-5e.jpg","url":"https:\/\/websitedemos.net\/astra-blocks\/about-5e\/","tag":{"818":"about"},"category":825,"wireframe":[],"page-builder":"elementor","astra-sites-type":[],"filter":"light","required-plugins":[],"spectra-ver":[]},"id-52591":{"title":"About 4","featured-image-url":"https:\/\/websitedemos.net\/wp-content\/uploads\/2021\/05\/about-4e.jpg","thumbnail-image-url":"https:\/\/websitedemos.net\/wp-content\/uploads\/2021\/05\/about-4e.jpg","url":"https:\/\/websitedemos.net\/astra-blocks\/about-4e\/","tag":{"818":"about"},"category":825,"wireframe":[],"page-builder":"elementor","astra-sites-type":[],"filter":"light","required-plugins":[],"spectra-ver":[]},"id-52583":{"title":"Services 1","featured-image-url":"https:\/\/websitedemos.net\/wp-content\/uploads\/2021\/05\/services-1e.jpg","thumbnail-image-url":"https:\/\/websitedemos.net\/wp-content\/uploads\/2021\/05\/services-1e.jpg","url":"https:\/\/websitedemos.net\/astra-blocks\/services-1e\/","tag":{"953":"services"},"category":952,"wireframe":[],"page-builder":"elementor","astra-sites-type":[],"filter":"light","required-plugins":[],"spectra-ver":[]},"id-52590":{"title":"About 3","featured-image-url":"https:\/\/websitedemos.net\/wp-content\/uploads\/2021\/05\/about-3-ele.jpg","thumbnail-image-url":"https:\/\/websitedemos.net\/wp-content\/uploads\/2021\/05\/about-3-ele.jpg","url":"https:\/\/websitedemos.net\/astra-blocks\/about-3e\/","tag":{"818":"about"},"category":825,"wireframe":[],"page-builder":"elementor","astra-sites-type":[],"filter":"light","required-plugins":[],"spectra-ver":[]},"id-52588":{"title":"About 2","featured-image-url":"https:\/\/websitedemos.net\/wp-content\/uploads\/2021\/05\/about-2-ele.jpg","thumbnail-image-url":"https:\/\/websitedemos.net\/wp-content\/uploads\/2021\/05\/about-2-ele.jpg","url":"https:\/\/websitedemos.net\/astra-blocks\/about-2e\/","tag":{"818":"about"},"category":825,"wireframe":[],"page-builder":"elementor","astra-sites-type":[],"filter":"light","required-plugins":[],"spectra-ver":[]},"id-52587":{"title":"About 1","featured-image-url":"https:\/\/websitedemos.net\/wp-content\/uploads\/2021\/05\/about-1-ele.jpg","thumbnail-image-url":"https:\/\/websitedemos.net\/wp-content\/uploads\/2021\/05\/about-1-ele.jpg","url":"https:\/\/websitedemos.net\/astra-blocks\/about-1e\/","tag":{"818":"about"},"category":825,"wireframe":[],"page-builder":"elementor","astra-sites-type":[],"filter":"light","required-plugins":[],"spectra-ver":[]},"id-52528":{"title":"Image and Text 10","featured-image-url":"https:\/\/websitedemos.net\/wp-content\/uploads\/2021\/05\/image-and-text-10ele.jpg","thumbnail-image-url":"https:\/\/websitedemos.net\/wp-content\/uploads\/2021\/05\/image-and-text-10ele.jpg","url":"https:\/\/websitedemos.net\/astra-blocks\/image-and-text-10e\/","tag":{"1949":"image-and-text"},"category":1948,"wireframe":[],"page-builder":"elementor","astra-sites-type":[],"filter":"light","required-plugins":[],"spectra-ver":[]},"id-52529":{"title":"Image and Text 9","featured-image-url":"https:\/\/websitedemos.net\/wp-content\/uploads\/2021\/05\/image-and-text-9ele.jpg","thumbnail-image-url":"https:\/\/websitedemos.net\/wp-content\/uploads\/2021\/05\/image-and-text-9ele.jpg","url":"https:\/\/websitedemos.net\/astra-blocks\/image-and-text-9e\/","tag":{"1949":"image-and-text"},"category":1948,"wireframe":[],"page-builder":"elementor","astra-sites-type":[],"filter":"light","required-plugins":[],"spectra-ver":[]},"id-52526":{"title":"Image and Text 8","featured-image-url":"https:\/\/websitedemos.net\/wp-content\/uploads\/2021\/05\/image-and-text-8el.jpg","thumbnail-image-url":"https:\/\/websitedemos.net\/wp-content\/uploads\/2021\/05\/image-and-text-8el.jpg","url":"https:\/\/websitedemos.net\/astra-blocks\/image-and-text-8e\/","tag":{"1949":"image-and-text"},"category":1948,"wireframe":[],"page-builder":"elementor","astra-sites-type":[],"filter":"light","required-plugins":[],"spectra-ver":[]},"id-52524":{"title":"Image and Text 7","featured-image-url":"https:\/\/websitedemos.net\/wp-content\/uploads\/2021\/05\/image-and-text-7el.jpg","thumbnail-image-url":"https:\/\/websitedemos.net\/wp-content\/uploads\/2021\/05\/image-and-text-7el.jpg","url":"https:\/\/websitedemos.net\/astra-blocks\/image-and-text-7e\/","tag":{"1949":"image-and-text"},"category":1948,"wireframe":[],"page-builder":"elementor","astra-sites-type":[],"filter":"light","required-plugins":[],"spectra-ver":[]},"id-52527":{"title":"Image and Text 6","featured-image-url":"https:\/\/websitedemos.net\/wp-content\/uploads\/2021\/05\/image-and-text-6el.jpg","thumbnail-image-url":"https:\/\/websitedemos.net\/wp-content\/uploads\/2021\/05\/image-and-text-6el.jpg","url":"https:\/\/websitedemos.net\/astra-blocks\/image-and-text-6e\/","tag":{"1949":"image-and-text"},"category":1948,"wireframe":[],"page-builder":"elementor","astra-sites-type":[],"filter":"light","required-plugins":[],"spectra-ver":[]},"id-52525":{"title":"Image and Text 5","featured-image-url":"https:\/\/websitedemos.net\/wp-content\/uploads\/2021\/05\/image-and-text-5ele.jpg","thumbnail-image-url":"https:\/\/websitedemos.net\/wp-content\/uploads\/2021\/05\/image-and-text-5ele.jpg","url":"https:\/\/websitedemos.net\/astra-blocks\/image-and-text-5e\/","tag":{"1949":"image-and-text"},"category":1948,"wireframe":[],"page-builder":"elementor","astra-sites-type":[],"filter":"light","required-plugins":[],"spectra-ver":[]},"id-52523":{"title":"Image and Text 4","featured-image-url":"https:\/\/websitedemos.net\/wp-content\/uploads\/2021\/05\/image-and-text-4-ele.jpg","thumbnail-image-url":"https:\/\/websitedemos.net\/wp-content\/uploads\/2021\/05\/image-and-text-4-ele.jpg","url":"https:\/\/websitedemos.net\/astra-blocks\/image-and-text-4e\/","tag":{"1949":"image-and-text"},"category":1948,"wireframe":[],"page-builder":"elementor","astra-sites-type":[],"filter":"light","required-plugins":[],"spectra-ver":[]},"id-52530":{"title":"Image and Text 3","featured-image-url":"https:\/\/websitedemos.net\/wp-content\/uploads\/2021\/05\/image-and-text-3el.jpg","thumbnail-image-url":"https:\/\/websitedemos.net\/wp-content\/uploads\/2021\/05\/image-and-text-3el.jpg","url":"https:\/\/websitedemos.net\/astra-blocks\/image-and-text-3e\/","tag":{"1949":"image-and-text"},"category":1948,"wireframe":[],"page-builder":"elementor","astra-sites-type":[],"filter":"light","required-plugins":[],"spectra-ver":[]},"id-52521":{"title":"Image and Text 2","featured-image-url":"https:\/\/websitedemos.net\/wp-content\/uploads\/2021\/05\/image-and-text-2-ele.jpg","thumbnail-image-url":"https:\/\/websitedemos.net\/wp-content\/uploads\/2021\/05\/image-and-text-2-ele.jpg","url":"https:\/\/websitedemos.net\/astra-blocks\/image-and-text-2e\/","tag":{"1949":"image-and-text"},"category":1948,"wireframe":[],"page-builder":"elementor","astra-sites-type":[],"filter":"light","required-plugins":[],"spectra-ver":[]},"id-52519":{"title":"Image and Text 1","featured-image-url":"https:\/\/websitedemos.net\/wp-content\/uploads\/2021\/05\/image-and-text-1el.jpg","thumbnail-image-url":"https:\/\/websitedemos.net\/wp-content\/uploads\/2021\/05\/image-and-text-1el.jpg","url":"https:\/\/websitedemos.net\/astra-blocks\/image-and-text-1e\/","tag":{"1949":"image-and-text"},"category":1948,"wireframe":[],"page-builder":"elementor","astra-sites-type":[],"filter":"light","required-plugins":[],"spectra-ver":[]},"id-52457":{"title":"Text 9","featured-image-url":"https:\/\/websitedemos.net\/wp-content\/uploads\/2021\/05\/text-9.jpg","thumbnail-image-url":"https:\/\/websitedemos.net\/wp-content\/uploads\/2021\/05\/text-9.jpg","url":"https:\/\/websitedemos.net\/astra-blocks\/text-9e\/","tag":{"1947":"text"},"category":1946,"wireframe":[],"page-builder":"elementor","astra-sites-type":[],"filter":"light","required-plugins":[],"spectra-ver":[]},"id-52456":{"title":"Text 8","featured-image-url":"https:\/\/websitedemos.net\/wp-content\/uploads\/2021\/05\/text-8.jpg","thumbnail-image-url":"https:\/\/websitedemos.net\/wp-content\/uploads\/2021\/05\/text-8.jpg","url":"https:\/\/websitedemos.net\/astra-blocks\/text-8e\/","tag":{"1947":"text"},"category":1946,"wireframe":[],"page-builder":"elementor","astra-sites-type":[],"filter":"light","required-plugins":[],"spectra-ver":[]},"id-52455":{"title":"Text 7","featured-image-url":"https:\/\/websitedemos.net\/wp-content\/uploads\/2021\/05\/text-7.jpg","thumbnail-image-url":"https:\/\/websitedemos.net\/wp-content\/uploads\/2021\/05\/text-7.jpg","url":"https:\/\/websitedemos.net\/astra-blocks\/text-7e\/","tag":{"1947":"text"},"category":1946,"wireframe":[],"page-builder":"elementor","astra-sites-type":[],"filter":"light","required-plugins":[],"spectra-ver":[]},"id-52454":{"title":"Text 6","featured-image-url":"https:\/\/websitedemos.net\/wp-content\/uploads\/2021\/05\/text-6.jpg","thumbnail-image-url":"https:\/\/websitedemos.net\/wp-content\/uploads\/2021\/05\/text-6.jpg","url":"https:\/\/websitedemos.net\/astra-blocks\/text-6e\/","tag":{"1947":"text"},"category":1946,"wireframe":[],"page-builder":"elementor","astra-sites-type":[],"filter":"light","required-plugins":[],"spectra-ver":[]},"id-52453":{"title":"Text 5","featured-image-url":"https:\/\/websitedemos.net\/wp-content\/uploads\/2021\/05\/text-5.jpg","thumbnail-image-url":"https:\/\/websitedemos.net\/wp-content\/uploads\/2021\/05\/text-5.jpg","url":"https:\/\/websitedemos.net\/astra-blocks\/text-5e\/","tag":{"1947":"text"},"category":1946,"wireframe":[],"page-builder":"elementor","astra-sites-type":[],"filter":"light","required-plugins":[],"spectra-ver":[]},"id-52452":{"title":"Text 4","featured-image-url":"https:\/\/websitedemos.net\/wp-content\/uploads\/2021\/05\/text-4.jpg","thumbnail-image-url":"https:\/\/websitedemos.net\/wp-content\/uploads\/2021\/05\/text-4.jpg","url":"https:\/\/websitedemos.net\/astra-blocks\/text-4e\/","tag":{"1947":"text"},"category":1946,"wireframe":[],"page-builder":"elementor","astra-sites-type":[],"filter":"light","required-plugins":[],"spectra-ver":[]},"id-52451":{"title":"Text 3","featured-image-url":"https:\/\/websitedemos.net\/wp-content\/uploads\/2021\/05\/text-3.jpg","thumbnail-image-url":"https:\/\/websitedemos.net\/wp-content\/uploads\/2021\/05\/text-3.jpg","url":"https:\/\/websitedemos.net\/astra-blocks\/text-3e\/","tag":{"1947":"text"},"category":1946,"wireframe":[],"page-builder":"elementor","astra-sites-type":[],"filter":"light","required-plugins":[],"spectra-ver":[]},"id-52450":{"title":"Text 2","featured-image-url":"https:\/\/websitedemos.net\/wp-content\/uploads\/2021\/05\/text-2.jpg","thumbnail-image-url":"https:\/\/websitedemos.net\/wp-content\/uploads\/2021\/05\/text-2.jpg","url":"https:\/\/websitedemos.net\/astra-blocks\/text-2e\/","tag":{"1947":"text"},"category":1946,"wireframe":[],"page-builder":"elementor","astra-sites-type":[],"filter":"light","required-plugins":[],"spectra-ver":[]},"id-52449":{"title":"Text 1","featured-image-url":"https:\/\/websitedemos.net\/wp-content\/uploads\/2021\/05\/text-1.jpg","thumbnail-image-url":"https:\/\/websitedemos.net\/wp-content\/uploads\/2021\/05\/text-1.jpg","url":"https:\/\/websitedemos.net\/astra-blocks\/text-1e\/","tag":{"1947":"text"},"category":1946,"wireframe":[],"page-builder":"elementor","astra-sites-type":[],"filter":"light","required-plugins":[],"spectra-ver":[]},"id-45025":{"title":"Single Quote 3B","featured-image-url":"https:\/\/websitedemos.net\/wp-content\/uploads\/2020\/03\/single-quote-3b.jpg","thumbnail-image-url":"https:\/\/websitedemos.net\/wp-content\/uploads\/2020\/03\/single-quote-3b.jpg","url":"https:\/\/websitedemos.net\/astra-blocks\/single-quote-3b\/","tag":{"1423":"single-quote"},"category":1424,"wireframe":[],"page-builder":"elementor","astra-sites-type":[],"filter":"dark","required-plugins":[],"spectra-ver":[]},"id-45020":{"title":"Single Quote 3W","featured-image-url":"https:\/\/websitedemos.net\/wp-content\/uploads\/2020\/03\/single-quote-3w.jpg","thumbnail-image-url":"https:\/\/websitedemos.net\/wp-content\/uploads\/2020\/03\/single-quote-3w.jpg","url":"https:\/\/websitedemos.net\/astra-blocks\/single-quote-3w\/","tag":{"1423":"single-quote"},"category":1424,"wireframe":[],"page-builder":"elementor","astra-sites-type":[],"filter":"light","required-plugins":[],"spectra-ver":[]},"id-37051":{"title":"About 5W","featured-image-url":"https:\/\/websitedemos.net\/wp-content\/uploads\/2020\/01\/about-5w-1.jpg","thumbnail-image-url":"https:\/\/websitedemos.net\/wp-content\/uploads\/2020\/01\/about-5w-1.jpg","url":"https:\/\/websitedemos.net\/astra-blocks\/about-5w\/","tag":{"818":"about"},"category":825,"wireframe":[],"page-builder":"elementor","astra-sites-type":[],"filter":"light","required-plugins":[],"spectra-ver":[]},"id-44974":{"title":"Portfolio 6B","featured-image-url":"https:\/\/websitedemos.net\/wp-content\/uploads\/2020\/02\/portfolio-6b.jpg","thumbnail-image-url":"https:\/\/websitedemos.net\/wp-content\/uploads\/2020\/02\/portfolio-6b.jpg","url":"https:\/\/websitedemos.net\/astra-blocks\/portfolio-6b\/","tag":{"1426":"portfolio"},"category":1425,"wireframe":[],"page-builder":"elementor","astra-sites-type":[],"filter":"dark","required-plugins":[],"spectra-ver":[]},"id-44858":{"title":"Features 9B","featured-image-url":"https:\/\/websitedemos.net\/wp-content\/uploads\/2020\/02\/features-9b.jpg","thumbnail-image-url":"https:\/\/websitedemos.net\/wp-content\/uploads\/2020\/02\/features-9b.jpg","url":"https:\/\/websitedemos.net\/astra-blocks\/features-9b\/","tag":{"920":"features"},"category":919,"wireframe":[],"page-builder":"elementor","astra-sites-type":[],"filter":"dark","required-plugins":[],"spectra-ver":[]},"id-53974":{"title":"Features 2","featured-image-url":"https:\/\/websitedemos.net\/wp-content\/uploads\/2021\/05\/feature-2-ele.jpg","thumbnail-image-url":"https:\/\/websitedemos.net\/wp-content\/uploads\/2021\/05\/feature-2-ele.jpg","url":"https:\/\/websitedemos.net\/astra-blocks\/features-2e\/","tag":{"920":"features"},"category":919,"wireframe":[],"page-builder":"elementor","astra-sites-type":[],"filter":"light","required-plugins":[],"spectra-ver":[]},"id-44853":{"title":"Features 9W","featured-image-url":"https:\/\/websitedemos.net\/wp-content\/uploads\/2020\/02\/features-9w.jpg","thumbnail-image-url":"https:\/\/websitedemos.net\/wp-content\/uploads\/2020\/02\/features-9w.jpg","url":"https:\/\/websitedemos.net\/astra-blocks\/features-9w\/","tag":{"920":"features"},"category":919,"wireframe":[],"page-builder":"elementor","astra-sites-type":[],"filter":"light","required-plugins":[],"spectra-ver":[]},"id-38225":{"title":"About 7B","featured-image-url":"https:\/\/websitedemos.net\/wp-content\/uploads\/2020\/01\/about-7b.jpg","thumbnail-image-url":"https:\/\/websitedemos.net\/wp-content\/uploads\/2020\/01\/about-7b.jpg","url":"https:\/\/websitedemos.net\/astra-blocks\/about-7b\/","tag":{"818":"about"},"category":825,"wireframe":[],"page-builder":"elementor","astra-sites-type":[],"filter":"dark","required-plugins":[],"spectra-ver":[]},"id-53975":{"title":"Features 3","featured-image-url":"https:\/\/websitedemos.net\/wp-content\/uploads\/2021\/05\/feature-3-ele.jpg","thumbnail-image-url":"https:\/\/websitedemos.net\/wp-content\/uploads\/2021\/05\/feature-3-ele.jpg","url":"https:\/\/websitedemos.net\/astra-blocks\/features-3e\/","tag":{"920":"features"},"category":919,"wireframe":[],"page-builder":"elementor","astra-sites-type":[],"filter":"light","required-plugins":[],"spectra-ver":[]},"id-38155":{"title":"About 7W","featured-image-url":"https:\/\/websitedemos.net\/wp-content\/uploads\/2020\/01\/about-7w.jpg","thumbnail-image-url":"https:\/\/websitedemos.net\/wp-content\/uploads\/2020\/01\/about-7w.jpg","url":"https:\/\/websitedemos.net\/astra-blocks\/about-7w\/","tag":{"818":"about"},"category":825,"wireframe":[],"page-builder":"elementor","astra-sites-type":[],"filter":"light","required-plugins":[],"spectra-ver":[]},"id-44734":{"title":"About 10B","featured-image-url":"https:\/\/websitedemos.net\/wp-content\/uploads\/2020\/02\/about-10b.jpg","thumbnail-image-url":"https:\/\/websitedemos.net\/wp-content\/uploads\/2020\/02\/about-10b.jpg","url":"https:\/\/websitedemos.net\/astra-blocks\/about-10b\/","tag":{"818":"about"},"category":825,"wireframe":[],"page-builder":"elementor","astra-sites-type":[],"filter":"dark","required-plugins":[],"spectra-ver":[]},"id-53976":{"title":"Features 4","featured-image-url":"https:\/\/websitedemos.net\/wp-content\/uploads\/2021\/05\/feature-4el.jpg","thumbnail-image-url":"https:\/\/websitedemos.net\/wp-content\/uploads\/2021\/05\/feature-4el.jpg","url":"https:\/\/websitedemos.net\/astra-blocks\/features-4e\/","tag":{"920":"features"},"category":919,"wireframe":[],"page-builder":"elementor","astra-sites-type":[],"filter":"light","required-plugins":[],"spectra-ver":[]},"id-44699":{"title":"About 10W","featured-image-url":"https:\/\/websitedemos.net\/wp-content\/uploads\/2020\/02\/about-10w.jpg","thumbnail-image-url":"https:\/\/websitedemos.net\/wp-content\/uploads\/2020\/02\/about-10w.jpg","url":"https:\/\/websitedemos.net\/astra-blocks\/about-10w\/","tag":{"818":"about"},"category":825,"wireframe":[],"page-builder":"elementor","astra-sites-type":[],"filter":"light","required-plugins":[],"spectra-ver":[]},"id-44634":{"title":"Portfolio 6W","featured-image-url":"https:\/\/websitedemos.net\/wp-content\/uploads\/2020\/02\/portfolio-6w.jpg","thumbnail-image-url":"https:\/\/websitedemos.net\/wp-content\/uploads\/2020\/02\/portfolio-6w.jpg","url":"https:\/\/websitedemos.net\/astra-blocks\/portfolio-6w\/","tag":{"1426":"portfolio"},"category":1425,"wireframe":[],"page-builder":"elementor","astra-sites-type":[],"filter":"light","required-plugins":[],"spectra-ver":[]},"id-38937":{"title":"Services 7W","featured-image-url":"https:\/\/websitedemos.net\/wp-content\/uploads\/2020\/01\/services-7w.jpg","thumbnail-image-url":"https:\/\/websitedemos.net\/wp-content\/uploads\/2020\/01\/services-7w.jpg","url":"https:\/\/websitedemos.net\/astra-blocks\/services-7w\/","tag":{"953":"services"},"category":952,"wireframe":[],"page-builder":"elementor","astra-sites-type":[],"filter":"light","required-plugins":[],"spectra-ver":[]},"id-53977":{"title":"Features 5","featured-image-url":"https:\/\/websitedemos.net\/wp-content\/uploads\/2021\/05\/feature-5-ele.jpg","thumbnail-image-url":"https:\/\/websitedemos.net\/wp-content\/uploads\/2021\/05\/feature-5-ele.jpg","url":"https:\/\/websitedemos.net\/astra-blocks\/features-5e\/","tag":{"920":"features"},"category":919,"wireframe":[],"page-builder":"elementor","astra-sites-type":[],"filter":"light","required-plugins":[],"spectra-ver":[]},"id-42228":{"title":"Services 7B","featured-image-url":"https:\/\/websitedemos.net\/wp-content\/uploads\/2020\/01\/services-7b.jpg","thumbnail-image-url":"https:\/\/websitedemos.net\/wp-content\/uploads\/2020\/01\/services-7b.jpg","url":"https:\/\/websitedemos.net\/astra-blocks\/services-7b\/","tag":{"953":"services"},"category":952,"wireframe":[],"page-builder":"elementor","astra-sites-type":[],"filter":"dark","required-plugins":[],"spectra-ver":[]},"id-44957":{"title":"Portfolio 1B","featured-image-url":"https:\/\/websitedemos.net\/wp-content\/uploads\/2020\/02\/portfolio-1b.jpg","thumbnail-image-url":"https:\/\/websitedemos.net\/wp-content\/uploads\/2020\/02\/portfolio-1b.jpg","url":"https:\/\/websitedemos.net\/astra-blocks\/portfolio-1b\/","tag":{"1426":"portfolio"},"category":1425,"wireframe":[],"page-builder":"elementor","astra-sites-type":[],"filter":"dark","required-plugins":[],"spectra-ver":[]},"id-53978":{"title":"Features 6","featured-image-url":"https:\/\/websitedemos.net\/wp-content\/uploads\/2021\/05\/feature-6-ele.jpg","thumbnail-image-url":"https:\/\/websitedemos.net\/wp-content\/uploads\/2021\/05\/feature-6-ele.jpg","url":"https:\/\/websitedemos.net\/astra-blocks\/features-6e\/","tag":{"920":"features"},"category":919,"wireframe":[],"page-builder":"elementor","astra-sites-type":[],"filter":"light","required-plugins":[],"spectra-ver":[]},"id-44337":{"title":"Portfolio 1W","featured-image-url":"https:\/\/websitedemos.net\/wp-content\/uploads\/2020\/02\/portfolio-1w.jpg","thumbnail-image-url":"https:\/\/websitedemos.net\/wp-content\/uploads\/2020\/02\/portfolio-1w.jpg","url":"https:\/\/websitedemos.net\/astra-blocks\/portfolio-1w\/","tag":{"1426":"portfolio"},"category":1425,"wireframe":[],"page-builder":"elementor","astra-sites-type":[],"filter":"light","required-plugins":[],"spectra-ver":[]},"id-41764":{"title":"Hero 9B","featured-image-url":"https:\/\/websitedemos.net\/wp-content\/uploads\/2020\/01\/hero-9b.jpg","thumbnail-image-url":"https:\/\/websitedemos.net\/wp-content\/uploads\/2020\/01\/hero-9b.jpg","url":"https:\/\/websitedemos.net\/astra-blocks\/hero-9b\/","tag":{"817":"hero"},"category":831,"wireframe":[],"page-builder":"elementor","astra-sites-type":[],"filter":"dark","required-plugins":[],"spectra-ver":[]},"id-42232":{"title":"Services 10B","featured-image-url":"https:\/\/websitedemos.net\/wp-content\/uploads\/2020\/01\/services-10b.jpg","thumbnail-image-url":"https:\/\/websitedemos.net\/wp-content\/uploads\/2020\/01\/services-10b.jpg","url":"https:\/\/websitedemos.net\/astra-blocks\/services-10b\/","tag":{"953":"services"},"category":952,"wireframe":[],"page-builder":"elementor","astra-sites-type":[],"filter":"dark","required-plugins":[],"spectra-ver":[]},"id-53979":{"title":"Features 7","featured-image-url":"https:\/\/websitedemos.net\/wp-content\/uploads\/2021\/05\/feature-7-ele.jpg","thumbnail-image-url":"https:\/\/websitedemos.net\/wp-content\/uploads\/2021\/05\/feature-7-ele.jpg","url":"https:\/\/websitedemos.net\/astra-blocks\/features-7e\/","tag":{"920":"features"},"category":919,"wireframe":[],"page-builder":"elementor","astra-sites-type":[],"filter":"light","required-plugins":[],"spectra-ver":[]},"id-41061":{"title":"Services 10W","featured-image-url":"https:\/\/websitedemos.net\/wp-content\/uploads\/2020\/01\/services-10w.jpg","thumbnail-image-url":"https:\/\/websitedemos.net\/wp-content\/uploads\/2020\/01\/services-10w.jpg","url":"https:\/\/websitedemos.net\/astra-blocks\/services-10w\/","tag":{"953":"services"},"category":952,"wireframe":[],"page-builder":"elementor","astra-sites-type":[],"filter":"light","required-plugins":[],"spectra-ver":[]},"id-45012":{"title":"Single Quote 1B","featured-image-url":"https:\/\/websitedemos.net\/wp-content\/uploads\/2020\/03\/single-quote-1b.jpg","thumbnail-image-url":"https:\/\/websitedemos.net\/wp-content\/uploads\/2020\/03\/single-quote-1b.jpg","url":"https:\/\/websitedemos.net\/astra-blocks\/single-quote-1b\/","tag":{"1423":"single-quote"},"category":1424,"wireframe":[],"page-builder":"elementor","astra-sites-type":[],"filter":"dark","required-plugins":[],"spectra-ver":[]},"id-38906":{"title":"Hero 9W","featured-image-url":"https:\/\/websitedemos.net\/wp-content\/uploads\/2020\/01\/hero-9w.jpg","thumbnail-image-url":"https:\/\/websitedemos.net\/wp-content\/uploads\/2020\/01\/hero-9w.jpg","url":"https:\/\/websitedemos.net\/astra-blocks\/hero-9w\/","tag":{"817":"hero"},"category":831,"wireframe":[],"page-builder":"elementor","astra-sites-type":[],"filter":"light","required-plugins":[],"spectra-ver":[]},"id-53973":{"title":"Statistics 4","featured-image-url":"https:\/\/websitedemos.net\/wp-content\/uploads\/2021\/05\/statistics-1e.jpg","thumbnail-image-url":"https:\/\/websitedemos.net\/wp-content\/uploads\/2021\/05\/statistics-1e.jpg","url":"https:\/\/websitedemos.net\/astra-blocks\/statistics-4e\/","tag":{"924":"statistics"},"category":1096,"wireframe":[],"page-builder":"elementor","astra-sites-type":[],"filter":"light","required-plugins":[],"spectra-ver":[]},"id-44309":{"title":"Single Quote 1W","featured-image-url":"https:\/\/websitedemos.net\/wp-content\/uploads\/2020\/03\/single-quote-1w.jpg","thumbnail-image-url":"https:\/\/websitedemos.net\/wp-content\/uploads\/2020\/03\/single-quote-1w.jpg","url":"https:\/\/websitedemos.net\/astra-blocks\/single-quote-1w\/","tag":{"1423":"single-quote"},"category":1424,"wireframe":[],"page-builder":"elementor","astra-sites-type":[],"filter":"light","required-plugins":[],"spectra-ver":[]},"id-45013":{"title":"Single Quote 2B","featured-image-url":"https:\/\/websitedemos.net\/wp-content\/uploads\/2020\/03\/single-quote-2b.jpg","thumbnail-image-url":"https:\/\/websitedemos.net\/wp-content\/uploads\/2020\/03\/single-quote-2b.jpg","url":"https:\/\/websitedemos.net\/astra-blocks\/single-quote-2b\/","tag":{"1423":"single-quote"},"category":1424,"wireframe":[],"page-builder":"elementor","astra-sites-type":[],"filter":"dark","required-plugins":[],"spectra-ver":[]},"id-53971":{"title":"Statistics 3","featured-image-url":"https:\/\/websitedemos.net\/wp-content\/uploads\/2021\/05\/statistics-3e.jpg","thumbnail-image-url":"https:\/\/websitedemos.net\/wp-content\/uploads\/2021\/05\/statistics-3e.jpg","url":"https:\/\/websitedemos.net\/astra-blocks\/statistics-3e\/","tag":{"924":"statistics"},"category":1096,"wireframe":[],"page-builder":"elementor","astra-sites-type":[],"filter":"light","required-plugins":[],"spectra-ver":[]},"id-44334":{"title":"Single Quote 2W","featured-image-url":"https:\/\/websitedemos.net\/wp-content\/uploads\/2020\/03\/single-quote-2w.jpg","thumbnail-image-url":"https:\/\/websitedemos.net\/wp-content\/uploads\/2020\/03\/single-quote-2w.jpg","url":"https:\/\/websitedemos.net\/astra-blocks\/single-quote-2w\/","tag":{"1423":"single-quote"},"category":1424,"wireframe":[],"page-builder":"elementor","astra-sites-type":[],"filter":"light","required-plugins":[],"spectra-ver":[]},"id-45035":{"title":"Single Quote 4B","featured-image-url":"https:\/\/websitedemos.net\/wp-content\/uploads\/2020\/03\/single-quote-4b.jpg","thumbnail-image-url":"https:\/\/websitedemos.net\/wp-content\/uploads\/2020\/03\/single-quote-4b.jpg","url":"https:\/\/websitedemos.net\/astra-blocks\/single-quote-4b\/","tag":{"1423":"single-quote"},"category":1424,"wireframe":[],"page-builder":"elementor","astra-sites-type":[],"filter":"dark","required-plugins":[],"spectra-ver":[]},"id-42229":{"title":"Services 8B","featured-image-url":"https:\/\/websitedemos.net\/wp-content\/uploads\/2020\/01\/services-8b.jpg","thumbnail-image-url":"https:\/\/websitedemos.net\/wp-content\/uploads\/2020\/01\/services-8b.jpg","url":"https:\/\/websitedemos.net\/astra-blocks\/services-8b\/","tag":{"953":"services"},"category":952,"wireframe":[],"page-builder":"elementor","astra-sites-type":[],"filter":"dark","required-plugins":[],"spectra-ver":[]},"id-53970":{"title":"Statistics 2","featured-image-url":"https:\/\/websitedemos.net\/wp-content\/uploads\/2021\/05\/statistics-2e.jpg","thumbnail-image-url":"https:\/\/websitedemos.net\/wp-content\/uploads\/2021\/05\/statistics-2e.jpg","url":"https:\/\/websitedemos.net\/astra-blocks\/statistics-2e\/","tag":{"924":"statistics"},"category":1096,"wireframe":[],"page-builder":"elementor","astra-sites-type":[],"filter":"light","required-plugins":[],"spectra-ver":[]},"id-45030":{"title":"Single Quote 4W","featured-image-url":"https:\/\/websitedemos.net\/wp-content\/uploads\/2020\/03\/single-quote-4w.jpg","thumbnail-image-url":"https:\/\/websitedemos.net\/wp-content\/uploads\/2020\/03\/single-quote-4w.jpg","url":"https:\/\/websitedemos.net\/astra-blocks\/single-quote-4w\/","tag":{"1423":"single-quote"},"category":1424,"wireframe":[],"page-builder":"elementor","astra-sites-type":[],"filter":"light","required-plugins":[],"spectra-ver":[]},"id-45074":{"title":"Single Quote 8B","featured-image-url":"https:\/\/websitedemos.net\/wp-content\/uploads\/2020\/03\/single-quote-8b.jpg","thumbnail-image-url":"https:\/\/websitedemos.net\/wp-content\/uploads\/2020\/03\/single-quote-8b.jpg","url":"https:\/\/websitedemos.net\/astra-blocks\/single-quote-8b\/","tag":{"1423":"single-quote"},"category":1424,"wireframe":[],"page-builder":"elementor","astra-sites-type":[],"filter":"dark","required-plugins":[],"spectra-ver":[]},"id-41045":{"title":"Services 8W","featured-image-url":"https:\/\/websitedemos.net\/wp-content\/uploads\/2020\/01\/services-8w.jpg","thumbnail-image-url":"https:\/\/websitedemos.net\/wp-content\/uploads\/2020\/01\/services-8w.jpg","url":"https:\/\/websitedemos.net\/astra-blocks\/services-8w\/","tag":{"953":"services"},"category":952,"wireframe":[],"page-builder":"elementor","astra-sites-type":[],"filter":"light","required-plugins":[],"spectra-ver":[]},"id-53969":{"title":"Statistics 1","featured-image-url":"https:\/\/websitedemos.net\/wp-content\/uploads\/2021\/05\/statistics-4e.jpg","thumbnail-image-url":"https:\/\/websitedemos.net\/wp-content\/uploads\/2021\/05\/statistics-4e.jpg","url":"https:\/\/websitedemos.net\/astra-blocks\/statistics-1e\/","tag":{"924":"statistics"},"category":1096,"wireframe":[],"page-builder":"elementor","astra-sites-type":[],"filter":"","required-plugins":[],"spectra-ver":[]},"id-45070":{"title":"Single Quote 8W","featured-image-url":"https:\/\/websitedemos.net\/wp-content\/uploads\/2020\/03\/single-quote-8w.jpg","thumbnail-image-url":"https:\/\/websitedemos.net\/wp-content\/uploads\/2020\/03\/single-quote-8w.jpg","url":"https:\/\/websitedemos.net\/astra-blocks\/single-quote-8w\/","tag":{"1423":"single-quote"},"category":1424,"wireframe":[],"page-builder":"elementor","astra-sites-type":[],"filter":"light","required-plugins":[],"spectra-ver":[]},"id-37184":{"title":"Team 1B","featured-image-url":"https:\/\/websitedemos.net\/wp-content\/uploads\/2020\/01\/team-1b-2020.jpg","thumbnail-image-url":"https:\/\/websitedemos.net\/wp-content\/uploads\/2020\/01\/team-1b-2020.jpg","url":"https:\/\/websitedemos.net\/astra-blocks\/team-1b\/","tag":{"927":"team"},"category":829,"wireframe":[],"page-builder":"elementor","astra-sites-type":[],"filter":"dark","required-plugins":[],"spectra-ver":[]},"id-53931":{"title":"Team 1","featured-image-url":"https:\/\/websitedemos.net\/wp-content\/uploads\/2021\/05\/team-1el.jpg","thumbnail-image-url":"https:\/\/websitedemos.net\/wp-content\/uploads\/2021\/05\/team-1el.jpg","url":"https:\/\/websitedemos.net\/astra-blocks\/team-1e\/","tag":{"927":"team"},"category":829,"wireframe":[],"page-builder":"elementor","astra-sites-type":[],"filter":"light","required-plugins":[],"spectra-ver":[]},"id-43000":{"title":"Services 11B","featured-image-url":"https:\/\/websitedemos.net\/wp-content\/uploads\/2020\/01\/services-11b.jpg","thumbnail-image-url":"https:\/\/websitedemos.net\/wp-content\/uploads\/2020\/01\/services-11b.jpg","url":"https:\/\/websitedemos.net\/astra-blocks\/services-11b\/","tag":{"953":"services"},"category":952,"wireframe":[],"page-builder":"elementor","astra-sites-type":[],"filter":"dark","required-plugins":[],"spectra-ver":[]},"id-37153":{"title":"Team 1W","featured-image-url":"https:\/\/websitedemos.net\/wp-content\/uploads\/2020\/01\/team-1w-2020-new.jpg","thumbnail-image-url":"https:\/\/websitedemos.net\/wp-content\/uploads\/2020\/01\/team-1w-2020-new.jpg","url":"https:\/\/websitedemos.net\/astra-blocks\/team-1w\/","tag":{"927":"team"},"category":829,"wireframe":[],"page-builder":"elementor","astra-sites-type":[],"filter":"light","required-plugins":[],"spectra-ver":[]},"id-38843":{"title":"Team 7B","featured-image-url":"https:\/\/websitedemos.net\/wp-content\/uploads\/2020\/01\/team-7b.jpg","thumbnail-image-url":"https:\/\/websitedemos.net\/wp-content\/uploads\/2020\/01\/team-7b.jpg","url":"https:\/\/websitedemos.net\/astra-blocks\/team-7b\/","tag":{"927":"team"},"category":829,"wireframe":[],"page-builder":"elementor","astra-sites-type":[],"filter":"dark","required-plugins":[],"spectra-ver":[]},"id-53932":{"title":"Team 2","featured-image-url":"https:\/\/websitedemos.net\/wp-content\/uploads\/2021\/05\/team-2-ele.jpg","thumbnail-image-url":"https:\/\/websitedemos.net\/wp-content\/uploads\/2021\/05\/team-2-ele.jpg","url":"https:\/\/websitedemos.net\/astra-blocks\/team-2e\/","tag":{"927":"team"},"category":829,"wireframe":[],"page-builder":"elementor","astra-sites-type":[],"filter":"light","required-plugins":[],"spectra-ver":[]},"id-52865":{"title":"Contact Form 1","featured-image-url":"https:\/\/websitedemos.net\/wp-content\/uploads\/2021\/05\/contact-form-1e.jpg","thumbnail-image-url":"https:\/\/websitedemos.net\/wp-content\/uploads\/2021\/05\/contact-form-1e.jpg","url":"https:\/\/websitedemos.net\/astra-blocks\/contact-form-1e\/","tag":{"823":"contact","1955":"contact-form"},"category":1416,"wireframe":[],"page-builder":"elementor","astra-sites-type":[],"filter":"light","required-plugins":[{"slug":"wpforms-lite","init":"wpforms-lite\/wpforms.php","name":"WPForms Lite"}],"spectra-ver":[]},"id-38833":{"title":"Team 7W","featured-image-url":"https:\/\/websitedemos.net\/wp-content\/uploads\/2020\/01\/team-7w.jpg","thumbnail-image-url":"https:\/\/websitedemos.net\/wp-content\/uploads\/2020\/01\/team-7w.jpg","url":"https:\/\/websitedemos.net\/astra-blocks\/team-7w\/","tag":{"927":"team"},"category":829,"wireframe":[],"page-builder":"elementor","astra-sites-type":[],"filter":"light","required-plugins":[],"spectra-ver":[]},"id-52866":{"title":"Contact Form 2","featured-image-url":"https:\/\/websitedemos.net\/wp-content\/uploads\/2021\/05\/contact-form-2e.jpg","thumbnail-image-url":"https:\/\/websitedemos.net\/wp-content\/uploads\/2021\/05\/contact-form-2e.jpg","url":"https:\/\/websitedemos.net\/astra-blocks\/contact-form-2e\/","tag":{"823":"contact","1955":"contact-form"},"category":1416,"wireframe":[],"page-builder":"elementor","astra-sites-type":[],"filter":"light","required-plugins":[{"slug":"wpforms-lite","init":"wpforms-lite\/wpforms.php","name":"WPForms Lite"}],"spectra-ver":[]},"id-42974":{"title":"Services 11W","featured-image-url":"https:\/\/websitedemos.net\/wp-content\/uploads\/2020\/01\/services-11w.jpg","thumbnail-image-url":"https:\/\/websitedemos.net\/wp-content\/uploads\/2020\/01\/services-11w.jpg","url":"https:\/\/websitedemos.net\/astra-blocks\/services-11w\/","tag":{"953":"services"},"category":952,"wireframe":[],"page-builder":"elementor","astra-sites-type":[],"filter":"light","required-plugins":[],"spectra-ver":[]},"id-41033":{"title":"Team 9B","featured-image-url":"https:\/\/websitedemos.net\/wp-content\/uploads\/2020\/01\/team-9b.jpg","thumbnail-image-url":"https:\/\/websitedemos.net\/wp-content\/uploads\/2020\/01\/team-9b.jpg","url":"https:\/\/websitedemos.net\/astra-blocks\/team-9b\/","tag":{"927":"team"},"category":829,"wireframe":[],"page-builder":"elementor","astra-sites-type":[],"filter":"dark","required-plugins":[],"spectra-ver":[]},"id-52867":{"title":"Contact Form 3","featured-image-url":"https:\/\/websitedemos.net\/wp-content\/uploads\/2021\/05\/contact-form-3e.jpg","thumbnail-image-url":"https:\/\/websitedemos.net\/wp-content\/uploads\/2021\/05\/contact-form-3e.jpg","url":"https:\/\/websitedemos.net\/astra-blocks\/contact-form-3e\/","tag":{"823":"contact","1955":"contact-form"},"category":1416,"wireframe":[],"page-builder":"elementor","astra-sites-type":[],"filter":"light","required-plugins":[{"slug":"wpforms-lite","init":"wpforms-lite\/wpforms.php","name":"WPForms Lite"}],"spectra-ver":[]},"id-40097":{"title":"Team 9W","featured-image-url":"https:\/\/websitedemos.net\/wp-content\/uploads\/2020\/01\/team-9w.jpg","thumbnail-image-url":"https:\/\/websitedemos.net\/wp-content\/uploads\/2020\/01\/team-9w.jpg","url":"https:\/\/websitedemos.net\/astra-blocks\/team-9w\/","tag":{"927":"team"},"category":829,"wireframe":[],"page-builder":"elementor","astra-sites-type":[],"filter":"light","required-plugins":[],"spectra-ver":[]},"id-53933":{"title":"Team 3","featured-image-url":"https:\/\/websitedemos.net\/wp-content\/uploads\/2021\/05\/team-3el.jpg","thumbnail-image-url":"https:\/\/websitedemos.net\/wp-content\/uploads\/2021\/05\/team-3el.jpg","url":"https:\/\/websitedemos.net\/astra-blocks\/team-3e\/","tag":{"927":"team"},"category":829,"wireframe":[],"page-builder":"elementor","astra-sites-type":[],"filter":"light","required-plugins":[],"spectra-ver":[]},"id-37911":{"title":"Testimonial 4B","featured-image-url":"https:\/\/websitedemos.net\/wp-content\/uploads\/2020\/01\/Testimonial-4B.jpg","thumbnail-image-url":"https:\/\/websitedemos.net\/wp-content\/uploads\/2020\/01\/Testimonial-4B.jpg","url":"https:\/\/websitedemos.net\/astra-blocks\/testimonial-4b\/","tag":{"1095":"reviews","844":"testimonial"},"category":830,"wireframe":[],"page-builder":"elementor","astra-sites-type":[],"filter":"dark","required-plugins":[],"spectra-ver":[]},"id-53934":{"title":"Team 4","featured-image-url":"https:\/\/websitedemos.net\/wp-content\/uploads\/2021\/05\/team-4el.jpg","thumbnail-image-url":"https:\/\/websitedemos.net\/wp-content\/uploads\/2021\/05\/team-4el.jpg","url":"https:\/\/websitedemos.net\/astra-blocks\/team-4e\/","tag":{"927":"team"},"category":829,"wireframe":[],"page-builder":"elementor","astra-sites-type":[],"filter":"light","required-plugins":[],"spectra-ver":[]},"id-52868":{"title":"Contact Form 4","featured-image-url":"https:\/\/websitedemos.net\/wp-content\/uploads\/2021\/05\/contact-form-4e.jpg","thumbnail-image-url":"https:\/\/websitedemos.net\/wp-content\/uploads\/2021\/05\/contact-form-4e.jpg","url":"https:\/\/websitedemos.net\/astra-blocks\/contact-form-4e\/","tag":{"823":"contact","1955":"contact-form"},"category":1416,"wireframe":[],"page-builder":"elementor","astra-sites-type":[],"filter":"light","required-plugins":[{"slug":"wpforms-lite","init":"wpforms-lite\/wpforms.php","name":"WPForms Lite"}],"spectra-ver":[]},"id-44962":{"title":"Portfolio 2B","featured-image-url":"https:\/\/websitedemos.net\/wp-content\/uploads\/2020\/02\/portfolio-2b.jpg","thumbnail-image-url":"https:\/\/websitedemos.net\/wp-content\/uploads\/2020\/02\/portfolio-2b.jpg","url":"https:\/\/websitedemos.net\/astra-blocks\/portfolio-2b\/","tag":{"1426":"portfolio"},"category":1425,"wireframe":[],"page-builder":"elementor","astra-sites-type":[],"filter":"dark","required-plugins":[],"spectra-ver":[]},"id-37910":{"title":"Testimonial 4W","featured-image-url":"https:\/\/websitedemos.net\/wp-content\/uploads\/2020\/01\/Testimonial-4W.jpg","thumbnail-image-url":"https:\/\/websitedemos.net\/wp-content\/uploads\/2020\/01\/Testimonial-4W.jpg","url":"https:\/\/websitedemos.net\/astra-blocks\/testimonial-4w\/","tag":{"1095":"reviews","844":"testimonial"},"category":830,"wireframe":[],"page-builder":"elementor","astra-sites-type":[],"filter":"light","required-plugins":[],"spectra-ver":[]},"id-52857":{"title":"Subscribe Form 6","featured-image-url":"https:\/\/websitedemos.net\/wp-content\/uploads\/2021\/05\/subscribe-form-6el.jpg","thumbnail-image-url":"https:\/\/websitedemos.net\/wp-content\/uploads\/2021\/05\/subscribe-form-6el.jpg","url":"https:\/\/websitedemos.net\/astra-blocks\/subscribe-form-6e\/","tag":{"1956":"subscribe-form"},"category":1953,"wireframe":[],"page-builder":"elementor","astra-sites-type":[],"filter":"light","required-plugins":[{"slug":"wpforms-lite","init":"wpforms-lite\/wpforms.php","name":"WPForms Lite"}],"spectra-ver":[]},"id-38585":{"title":"Testimonial 6B","featured-image-url":"https:\/\/websitedemos.net\/wp-content\/uploads\/2020\/01\/testimonial-6b.jpg","thumbnail-image-url":"https:\/\/websitedemos.net\/wp-content\/uploads\/2020\/01\/testimonial-6b.jpg","url":"https:\/\/websitedemos.net\/astra-blocks\/testimonial-6b\/","tag":{"1095":"reviews","844":"testimonial"},"category":830,"wireframe":[],"page-builder":"elementor","astra-sites-type":[],"filter":"dark","required-plugins":[],"spectra-ver":[]},"id-53926":{"title":"Clients 1","featured-image-url":"https:\/\/websitedemos.net\/wp-content\/uploads\/2021\/05\/clients-1e.jpg","thumbnail-image-url":"https:\/\/websitedemos.net\/wp-content\/uploads\/2021\/05\/clients-1e.jpg","url":"https:\/\/websitedemos.net\/astra-blocks\/clients-1e\/","tag":{"1090":"clients"},"category":1091,"wireframe":[],"page-builder":"elementor","astra-sites-type":[],"filter":"","required-plugins":[],"spectra-ver":[]},"id-52808":{"title":"Subscribe Form 2","featured-image-url":"https:\/\/websitedemos.net\/wp-content\/uploads\/2021\/05\/subscribe-form-2el.jpg","thumbnail-image-url":"https:\/\/websitedemos.net\/wp-content\/uploads\/2021\/05\/subscribe-form-2el.jpg","url":"https:\/\/websitedemos.net\/astra-blocks\/subscribe-form-2e\/","tag":{"1956":"subscribe-form"},"category":1953,"wireframe":[],"page-builder":"elementor","astra-sites-type":[],"filter":"light","required-plugins":[{"slug":"wpforms-lite","init":"wpforms-lite\/wpforms.php","name":"WPForms Lite"}],"spectra-ver":[]},"id-38551":{"title":"Testimonial 6W","featured-image-url":"https:\/\/websitedemos.net\/wp-content\/uploads\/2020\/01\/testimonial-6w.jpg","thumbnail-image-url":"https:\/\/websitedemos.net\/wp-content\/uploads\/2020\/01\/testimonial-6w.jpg","url":"https:\/\/websitedemos.net\/astra-blocks\/testimonial-6w\/","tag":{"1095":"reviews","844":"testimonial"},"category":830,"wireframe":[],"page-builder":"elementor","astra-sites-type":[],"filter":"light","required-plugins":[],"spectra-ver":[]},"id-52809":{"title":"Subscribe Form 3","featured-image-url":"https:\/\/websitedemos.net\/wp-content\/uploads\/2021\/05\/subscribe-form-3el.jpg","thumbnail-image-url":"https:\/\/websitedemos.net\/wp-content\/uploads\/2021\/05\/subscribe-form-3el.jpg","url":"https:\/\/websitedemos.net\/astra-blocks\/subscribe-form-3e\/","tag":{"1956":"subscribe-form"},"category":1953,"wireframe":[],"page-builder":"elementor","astra-sites-type":[],"filter":"light","required-plugins":[{"slug":"wpforms-lite","init":"wpforms-lite\/wpforms.php","name":"WPForms Lite"}],"spectra-ver":[]},"id-44359":{"title":"Portfolio 2W","featured-image-url":"https:\/\/websitedemos.net\/wp-content\/uploads\/2020\/02\/portfolio-2w.jpg","thumbnail-image-url":"https:\/\/websitedemos.net\/wp-content\/uploads\/2020\/02\/portfolio-2w.jpg","url":"https:\/\/websitedemos.net\/astra-blocks\/portfolio-2w\/","tag":{"1426":"portfolio"},"category":1425,"wireframe":[],"page-builder":"elementor","astra-sites-type":[],"filter":"light","required-plugins":[],"spectra-ver":[]},"id-43056":{"title":"Testimonial 10B","featured-image-url":"https:\/\/websitedemos.net\/wp-content\/uploads\/2020\/01\/testimonial-10b.jpg","thumbnail-image-url":"https:\/\/websitedemos.net\/wp-content\/uploads\/2020\/01\/testimonial-10b.jpg","url":"https:\/\/websitedemos.net\/astra-blocks\/testimonial-10b\/","tag":{"1095":"reviews","844":"testimonial"},"category":830,"wireframe":[],"page-builder":"elementor","astra-sites-type":[],"filter":"dark","required-plugins":[],"spectra-ver":[]},"id-53927":{"title":"Clients 2","featured-image-url":"https:\/\/websitedemos.net\/wp-content\/uploads\/2021\/05\/clients-2e.jpg","thumbnail-image-url":"https:\/\/websitedemos.net\/wp-content\/uploads\/2021\/05\/clients-2e.jpg","url":"https:\/\/websitedemos.net\/astra-blocks\/clients-2e\/","tag":{"1090":"clients"},"category":1091,"wireframe":[],"page-builder":"elementor","astra-sites-type":[],"filter":"","required-plugins":[],"spectra-ver":[]},"id-52810":{"title":"Subscribe Form 4","featured-image-url":"https:\/\/websitedemos.net\/wp-content\/uploads\/2021\/05\/subscribe-form-4e.jpg","thumbnail-image-url":"https:\/\/websitedemos.net\/wp-content\/uploads\/2021\/05\/subscribe-form-4e.jpg","url":"https:\/\/websitedemos.net\/astra-blocks\/subscribe-form-4e\/","tag":{"1956":"subscribe-form"},"category":1953,"wireframe":[],"page-builder":"elementor","astra-sites-type":[],"filter":"light","required-plugins":[{"slug":"wpforms-lite","init":"wpforms-lite\/wpforms.php","name":"WPForms Lite"}],"spectra-ver":[]},"id-35365":{"title":"Testimonial 10W","featured-image-url":"https:\/\/websitedemos.net\/wp-content\/uploads\/2020\/01\/testimonial-10w.jpg","thumbnail-image-url":"https:\/\/websitedemos.net\/wp-content\/uploads\/2020\/01\/testimonial-10w.jpg","url":"https:\/\/websitedemos.net\/astra-blocks\/testimonial-10w\/","tag":{"1095":"reviews","844":"testimonial"},"category":830,"wireframe":[],"page-builder":"elementor","astra-sites-type":[],"filter":"light","required-plugins":[],"spectra-ver":[]},"id-52811":{"title":"Subscribe Form 5","featured-image-url":"https:\/\/websitedemos.net\/wp-content\/uploads\/2021\/05\/subscribe-form-5e.jpg","thumbnail-image-url":"https:\/\/websitedemos.net\/wp-content\/uploads\/2021\/05\/subscribe-form-5e.jpg","url":"https:\/\/websitedemos.net\/astra-blocks\/subscribe-form-5e\/","tag":{"1956":"subscribe-form"},"category":1953,"wireframe":[],"page-builder":"elementor","astra-sites-type":[],"filter":"light","required-plugins":[{"slug":"wpforms-lite","init":"wpforms-lite\/wpforms.php","name":"WPForms Lite"}],"spectra-ver":[]},"id-53928":{"title":"Clients 3","featured-image-url":"https:\/\/websitedemos.net\/wp-content\/uploads\/2021\/05\/clients-3e.jpg","thumbnail-image-url":"https:\/\/websitedemos.net\/wp-content\/uploads\/2021\/05\/clients-3e.jpg","url":"https:\/\/websitedemos.net\/astra-blocks\/clients-3e\/","tag":{"1090":"clients"},"category":1091,"wireframe":[],"page-builder":"elementor","astra-sites-type":[],"filter":"","required-plugins":[],"spectra-ver":[]},"id-52797":{"title":"Subscribe Form 1","featured-image-url":"https:\/\/websitedemos.net\/wp-content\/uploads\/2021\/05\/subscribe-form-1e.jpg","thumbnail-image-url":"https:\/\/websitedemos.net\/wp-content\/uploads\/2021\/05\/subscribe-form-1e.jpg","url":"https:\/\/websitedemos.net\/astra-blocks\/subscribe-form-1e\/","tag":{"1956":"subscribe-form"},"category":1953,"wireframe":[],"page-builder":"elementor","astra-sites-type":[],"filter":"light","required-plugins":[{"slug":"wpforms-lite","init":"wpforms-lite\/wpforms.php","name":"WPForms Lite"}],"spectra-ver":[]},"id-43983":{"title":"Contact 6W","featured-image-url":"https:\/\/websitedemos.net\/wp-content\/uploads\/2020\/02\/contact-6w.jpg","thumbnail-image-url":"https:\/\/websitedemos.net\/wp-content\/uploads\/2020\/02\/contact-6w.jpg","url":"https:\/\/websitedemos.net\/astra-blocks\/contact-6w\/","tag":{"823":"contact"},"category":1416,"wireframe":[],"page-builder":"elementor","astra-sites-type":[],"filter":"light","required-plugins":[{"slug":"wpforms-lite","init":"wpforms-lite\/wpforms.php","name":"WPForms Lite"}],"spectra-ver":[]},"id-52796":{"title":"Call to Action 5","featured-image-url":"https:\/\/websitedemos.net\/wp-content\/uploads\/2021\/05\/call-to-action-5e.jpg","thumbnail-image-url":"https:\/\/websitedemos.net\/wp-content\/uploads\/2021\/05\/call-to-action-5e.jpg","url":"https:\/\/websitedemos.net\/astra-blocks\/call-to-action-5e\/","tag":{"819":"call-to-action"},"category":832,"wireframe":[],"page-builder":"elementor","astra-sites-type":[],"filter":"light","required-plugins":[],"spectra-ver":[]}}