{"id-151030":{"title":"Furniture Shop","id":151030,"publish-date":1767633223,"featured-image-url":"https:\/\/websitedemos.net\/wp-content\/uploads\/2025\/12\/furnitures-shop-10.jpg","thumbnail-image-url":"https:\/\/websitedemos.net\/wp-content\/uploads\/2025\/12\/furnitures-shop-10-600x2303.jpg","fullpage-thumbnail-image-url":"https:\/\/websitedemos.net\/wp-content\/uploads\/2025\/12\/furnitures-shop-10-400x1535.jpg","astra-site-url":"\/\/websitedemos.net\/furniture-shop-10","astra-site-parent-id":3815,"astra-sites-tag":[],"astra-sites-type":"agency-mini","astra-site-category":{"27":"business","38":"ecommerce"},"astra-sites-template-category":[],"astra-site-page-builder":"gutenberg","categories":[],"required-plugins":[{"slug":"astra-addon","init":"astra-addon\/astra-addon.php","name":"Astra Pro"},{"slug":"woo-cart-abandonment-recovery","init":"woo-cart-abandonment-recovery\/woo-cart-abandonment-recovery.php","name":"Cart Abandonment Recovery for WooCommerce"},{"slug":"ultimate-addons-for-gutenberg","init":"ultimate-addons-for-gutenberg\/ultimate-addons-for-gutenberg.php","name":"Spectra"},{"slug":"spectra-pro","init":"spectra-pro\/spectra-pro.php","name":"Spectra Pro"},{"slug":"sureforms","init":"sureforms\/sureforms.php","name":"SureForms"},{"slug":"variation-swatches-woo","init":"variation-swatches-woo\/variation-swatches-woo.php","name":"Variation Swatches for WooCommerce"},{"slug":"woocommerce","init":"woocommerce\/woocommerce.php","name":"WooCommerce"},{"slug":"woocommerce-payments","init":"woocommerce-payments\/woocommerce-payments.php","name":"WooPayments"}],"post-status":"publish","post-content":"","post-excerpt":"","pages":{"id-151031":{"title":"Contact","featured-image-url":"https:\/\/websitedemos.net\/wp-content\/uploads\/2025\/12\/furnitures-shop-10-contact.jpg","thumbnail-image-url":"https:\/\/websitedemos.net\/wp-content\/uploads\/2025\/12\/furnitures-shop-10-contact-600x1022.jpg","astra-page-api-url":"https:\/\/websitedemos.net\/furniture-shop-10\/wp-json\/wp\/v2\/pages\/848","dynamic-page":"no","astra-page-url":"\/\/websitedemos.net\/furniture-shop-10\/contact\/","astra-sites-tag":{"415":"contact"},"site-pages-type":"agency-mini","site-pages-page-builder":"gutenberg","site-pages-category":[],"site-pages-parent-category":{"60":"business","64":"ecommerce"},"required-plugins":[{"slug":"astra-addon","init":"astra-addon\/astra-addon.php","name":"Astra Pro"},{"slug":"ultimate-addons-for-gutenberg","init":"ultimate-addons-for-gutenberg\/ultimate-addons-for-gutenberg.php","name":"Spectra"},{"slug":"sureforms","init":"sureforms\/sureforms.php","name":"SureForms"}],"spectra-ver":"v3"},"id-151032":{"title":"Help","featured-image-url":"https:\/\/websitedemos.net\/wp-content\/uploads\/2025\/12\/furnitures-shop-10-help.jpg","thumbnail-image-url":"https:\/\/websitedemos.net\/wp-content\/uploads\/2025\/12\/furnitures-shop-10-help-600x1157.jpg","astra-page-api-url":"https:\/\/websitedemos.net\/furniture-shop-10\/wp-json\/wp\/v2\/pages\/850","dynamic-page":"no","astra-page-url":"\/\/websitedemos.net\/furniture-shop-10\/help\/","astra-sites-tag":{"2909":"help"},"site-pages-type":"agency-mini","site-pages-page-builder":"gutenberg","site-pages-category":[],"site-pages-parent-category":{"60":"business","64":"ecommerce"},"required-plugins":[{"slug":"astra-addon","init":"astra-addon\/astra-addon.php","name":"Astra Pro"},{"slug":"ultimate-addons-for-gutenberg","init":"ultimate-addons-for-gutenberg\/ultimate-addons-for-gutenberg.php","name":"Spectra"}],"spectra-ver":"v3"},"id-151033":{"title":"Home","featured-image-url":"https:\/\/websitedemos.net\/wp-content\/uploads\/2025\/12\/furnitures-shop-10.jpg","thumbnail-image-url":"https:\/\/websitedemos.net\/wp-content\/uploads\/2025\/12\/furnitures-shop-10-600x2303.jpg","astra-page-api-url":"https:\/\/websitedemos.net\/furniture-shop-10\/wp-json\/wp\/v2\/pages\/845","dynamic-page":"yes","astra-page-url":"\/\/websitedemos.net\/furniture-shop-10\/","astra-sites-tag":{"423":"home"},"site-pages-type":"agency-mini","site-pages-page-builder":"gutenberg","site-pages-category":[],"site-pages-parent-category":{"60":"business","64":"ecommerce"},"required-plugins":[{"slug":"astra-addon","init":"astra-addon\/astra-addon.php","name":"Astra Pro"},{"slug":"woo-cart-abandonment-recovery","init":"woo-cart-abandonment-recovery\/woo-cart-abandonment-recovery.php","name":"Cart Abandonment Recovery for WooCommerce"},{"slug":"ultimate-addons-for-gutenberg","init":"ultimate-addons-for-gutenberg\/ultimate-addons-for-gutenberg.php","name":"Spectra"},{"slug":"spectra-pro","init":"spectra-pro\/spectra-pro.php","name":"Spectra Pro"},{"slug":"variation-swatches-woo","init":"variation-swatches-woo\/variation-swatches-woo.php","name":"Variation Swatches for WooCommerce"},{"slug":"woocommerce","init":"woocommerce\/woocommerce.php","name":"WooCommerce"},{"slug":"woocommerce-payments","init":"woocommerce-payments\/woocommerce-payments.php","name":"WooPayments"}],"spectra-ver":"v3"},"id-151034":{"title":"Story","featured-image-url":"https:\/\/websitedemos.net\/wp-content\/uploads\/2025\/12\/furnitures-shop-10-story.jpg","thumbnail-image-url":"https:\/\/websitedemos.net\/wp-content\/uploads\/2025\/12\/furnitures-shop-10-story-600x1899.jpg","astra-page-api-url":"https:\/\/websitedemos.net\/furniture-shop-10\/wp-json\/wp\/v2\/pages\/852","dynamic-page":"no","astra-page-url":"\/\/websitedemos.net\/furniture-shop-10\/story\/","astra-sites-tag":{"767":"story"},"site-pages-type":"agency-mini","site-pages-page-builder":"gutenberg","site-pages-category":[],"site-pages-parent-category":{"60":"business","64":"ecommerce"},"required-plugins":[{"slug":"astra-addon","init":"astra-addon\/astra-addon.php","name":"Astra Pro"},{"slug":"ultimate-addons-for-gutenberg","init":"ultimate-addons-for-gutenberg\/ultimate-addons-for-gutenberg.php","name":"Spectra"}],"spectra-ver":"v3"}},"spectra-ver":"v3","query_args":{"post_type":"astra-sites","post_status":["publish"],"fields":"ids","no_found_rows":true,"paged":3,"posts_per_page":15,"tax_query":{"relation":"AND","0":{"relation":"OR","0":{"taxonomy":"spectra-blocks-ver","field":"slug","terms":["v3"],"operator":"IN"},"1":{"taxonomy":"astra-site-page-builder","field":"slug","terms":"gutenberg","operator":"NOT IN"}},"1":{"taxonomy":"astra-sites-type","field":"slug","terms":["siteground"],"operator":"NOT IN"}}},"related-bb-template":"","related-elementor-template":"","related-gutenberg-template":"","related_ecommerce_template":"","ecommerce_parent_template":""},"id-125077":{"title":"Business Coaching &amp; Consulting","id":125077,"publish-date":1762185243,"featured-image-url":"https:\/\/websitedemos.net\/wp-content\/uploads\/2025\/10\/business-consulting-09.jpg","thumbnail-image-url":"https:\/\/websitedemos.net\/wp-content\/uploads\/2025\/10\/business-consulting-09-600x1856.jpg","fullpage-thumbnail-image-url":"https:\/\/websitedemos.net\/wp-content\/uploads\/2025\/10\/business-consulting-09-400x1237.jpg","astra-site-url":"\/\/websitedemos.net\/business-consulting-09","astra-site-parent-id":3750,"astra-sites-tag":{"1878":"business-coach","1620":"business-consultant","1879":"business-guide","854":"coach","1880":"mentor"},"astra-sites-type":"free","astra-site-category":{"27":"business","39":"free"},"astra-sites-template-category":{"2777":"business","2825":"coaching","2794":"consulting","2770":"personal"},"astra-site-page-builder":"gutenberg","categories":{"2483":"expert-services"},"required-plugins":[{"slug":"latepoint","init":"latepoint\/latepoint.php","name":"LatePoint"},{"slug":"ultimate-addons-for-gutenberg","init":"ultimate-addons-for-gutenberg\/ultimate-addons-for-gutenberg.php","name":"Spectra"},{"slug":"sureforms","init":"sureforms\/sureforms.php","name":"SureForms"}],"post-status":"publish","post-content":"","post-excerpt":"","pages":{"id-125078":{"title":"About","featured-image-url":"https:\/\/websitedemos.net\/wp-content\/uploads\/2025\/10\/business-consulting-09-about.jpg","thumbnail-image-url":"https:\/\/websitedemos.net\/wp-content\/uploads\/2025\/10\/business-consulting-09-about-600x1549.jpg","astra-page-api-url":"https:\/\/websitedemos.net\/business-consulting-09\/wp-json\/wp\/v2\/pages\/964","dynamic-page":"no","astra-page-url":"\/\/websitedemos.net\/business-consulting-09\/about\/","astra-sites-tag":{"352":"about"},"site-pages-type":"free","site-pages-page-builder":"gutenberg","site-pages-category":[],"site-pages-parent-category":{"60":"business","61":"free"},"required-plugins":[{"slug":"latepoint","init":"latepoint\/latepoint.php","name":"LatePoint"},{"slug":"ultimate-addons-for-gutenberg","init":"ultimate-addons-for-gutenberg\/ultimate-addons-for-gutenberg.php","name":"Spectra"}],"spectra-ver":"v3"},"id-125079":{"title":"Contact","featured-image-url":"https:\/\/websitedemos.net\/wp-content\/uploads\/2025\/10\/business-consulting-09-contact.jpg","thumbnail-image-url":"https:\/\/websitedemos.net\/wp-content\/uploads\/2025\/10\/business-consulting-09-contact-600x934.jpg","astra-page-api-url":"https:\/\/websitedemos.net\/business-consulting-09\/wp-json\/wp\/v2\/pages\/968","dynamic-page":"no","astra-page-url":"\/\/websitedemos.net\/business-consulting-09\/contact\/","astra-sites-tag":{"415":"contact"},"site-pages-type":"free","site-pages-page-builder":"gutenberg","site-pages-category":[],"site-pages-parent-category":{"60":"business","61":"free"},"required-plugins":[{"slug":"latepoint","init":"latepoint\/latepoint.php","name":"LatePoint"},{"slug":"ultimate-addons-for-gutenberg","init":"ultimate-addons-for-gutenberg\/ultimate-addons-for-gutenberg.php","name":"Spectra"},{"slug":"sureforms","init":"sureforms\/sureforms.php","name":"SureForms"}],"spectra-ver":"v3"},"id-125080":{"title":"Home","featured-image-url":"https:\/\/websitedemos.net\/wp-content\/uploads\/2025\/10\/business-consulting-09.jpg","thumbnail-image-url":"https:\/\/websitedemos.net\/wp-content\/uploads\/2025\/10\/business-consulting-09-600x1856.jpg","astra-page-api-url":"https:\/\/websitedemos.net\/business-consulting-09\/wp-json\/wp\/v2\/pages\/961","dynamic-page":"no","astra-page-url":"\/\/websitedemos.net\/business-consulting-09\/","astra-sites-tag":{"423":"home"},"site-pages-type":"free","site-pages-page-builder":"gutenberg","site-pages-category":[],"site-pages-parent-category":{"60":"business","61":"free"},"required-plugins":[{"slug":"latepoint","init":"latepoint\/latepoint.php","name":"LatePoint"},{"slug":"ultimate-addons-for-gutenberg","init":"ultimate-addons-for-gutenberg\/ultimate-addons-for-gutenberg.php","name":"Spectra"}],"spectra-ver":"v3"},"id-125081":{"title":"Services","featured-image-url":"https:\/\/websitedemos.net\/wp-content\/uploads\/2025\/10\/business-consulting-09-services.jpg","thumbnail-image-url":"https:\/\/websitedemos.net\/wp-content\/uploads\/2025\/10\/business-consulting-09-services-600x1434.jpg","astra-page-api-url":"https:\/\/websitedemos.net\/business-consulting-09\/wp-json\/wp\/v2\/pages\/966","dynamic-page":"no","astra-page-url":"\/\/websitedemos.net\/business-consulting-09\/services\/","astra-sites-tag":{"425":"services"},"site-pages-type":"free","site-pages-page-builder":"gutenberg","site-pages-category":[],"site-pages-parent-category":{"60":"business","61":"free"},"required-plugins":[{"slug":"latepoint","init":"latepoint\/latepoint.php","name":"LatePoint"},{"slug":"ultimate-addons-for-gutenberg","init":"ultimate-addons-for-gutenberg\/ultimate-addons-for-gutenberg.php","name":"Spectra"}],"spectra-ver":"v3"}},"spectra-ver":"v3","query_args":{"post_type":"astra-sites","post_status":["publish"],"fields":"ids","no_found_rows":true,"paged":3,"posts_per_page":15,"tax_query":{"relation":"AND","0":{"relation":"OR","0":{"taxonomy":"spectra-blocks-ver","field":"slug","terms":["v3"],"operator":"IN"},"1":{"taxonomy":"astra-site-page-builder","field":"slug","terms":"gutenberg","operator":"NOT IN"}},"1":{"taxonomy":"astra-sites-type","field":"slug","terms":["siteground"],"operator":"NOT IN"}}},"related-bb-template":"","related-elementor-template":"","related-gutenberg-template":"","related_ecommerce_template":"","ecommerce_parent_template":""},"id-134103":{"title":"Freelance Copywriter","id":134103,"publish-date":1763049007,"featured-image-url":"https:\/\/websitedemos.net\/wp-content\/uploads\/2025\/11\/freelance-copywriter-09.jpg","thumbnail-image-url":"https:\/\/websitedemos.net\/wp-content\/uploads\/2025\/11\/freelance-copywriter-09-600x2282.jpg","fullpage-thumbnail-image-url":"https:\/\/websitedemos.net\/wp-content\/uploads\/2025\/11\/freelance-copywriter-09-400x1521.jpg","astra-site-url":"\/\/websitedemos.net\/freelance-copywriter-09","astra-site-parent-id":3785,"astra-sites-tag":{"1652":"blogger","1654":"content-creator","1649":"content-writer","1650":"copywriter","1648":"freelance-copywriter","669":"freelancer","1651":"marketer","1653":"web-content-creator"},"astra-sites-type":"free","astra-site-category":{"27":"business","39":"free"},"astra-sites-template-category":{"2839":"author-writer","2810":"freelance","2768":"portfolio"},"astra-site-page-builder":"gutenberg","categories":{"2488":"portfolio"},"required-plugins":[{"slug":"ultimate-addons-for-gutenberg","init":"ultimate-addons-for-gutenberg\/ultimate-addons-for-gutenberg.php","name":"Spectra"},{"slug":"sureforms","init":"sureforms\/sureforms.php","name":"SureForms"}],"post-status":"publish","post-content":"","post-excerpt":"","pages":{"id-134104":{"title":"Contact","featured-image-url":"https:\/\/websitedemos.net\/wp-content\/uploads\/2025\/11\/freelance-copywriter-09-contact.jpg","thumbnail-image-url":"https:\/\/websitedemos.net\/wp-content\/uploads\/2025\/11\/freelance-copywriter-09-contact-600x1176.jpg","astra-page-api-url":"https:\/\/websitedemos.net\/freelance-copywriter-09\/wp-json\/wp\/v2\/pages\/264","dynamic-page":"no","astra-page-url":"\/\/websitedemos.net\/freelance-copywriter-09\/contact\/","astra-sites-tag":[],"site-pages-type":"free","site-pages-page-builder":"gutenberg","site-pages-category":[],"site-pages-parent-category":{"60":"business","61":"free"},"required-plugins":[{"slug":"ultimate-addons-for-gutenberg","init":"ultimate-addons-for-gutenberg\/ultimate-addons-for-gutenberg.php","name":"Spectra"},{"slug":"sureforms","init":"sureforms\/sureforms.php","name":"SureForms"}],"spectra-ver":"v3"},"id-134105":{"title":"Home","featured-image-url":"https:\/\/websitedemos.net\/wp-content\/uploads\/2025\/11\/freelance-copywriter-09.jpg","thumbnail-image-url":"https:\/\/websitedemos.net\/wp-content\/uploads\/2025\/11\/freelance-copywriter-09-600x2282.jpg","astra-page-api-url":"https:\/\/websitedemos.net\/freelance-copywriter-09\/wp-json\/wp\/v2\/pages\/257","dynamic-page":"no","astra-page-url":"\/\/websitedemos.net\/freelance-copywriter-09\/","astra-sites-tag":[],"site-pages-type":"free","site-pages-page-builder":"gutenberg","site-pages-category":[],"site-pages-parent-category":{"60":"business","61":"free"},"required-plugins":[{"slug":"ultimate-addons-for-gutenberg","init":"ultimate-addons-for-gutenberg\/ultimate-addons-for-gutenberg.php","name":"Spectra"}],"spectra-ver":"v3"},"id-134106":{"title":"Testimonials","featured-image-url":"https:\/\/websitedemos.net\/wp-content\/uploads\/2025\/11\/freelance-copywriter-09-testimonials.jpg","thumbnail-image-url":"https:\/\/websitedemos.net\/wp-content\/uploads\/2025\/11\/freelance-copywriter-09-testimonials-600x1631.jpg","astra-page-api-url":"https:\/\/websitedemos.net\/freelance-copywriter-09\/wp-json\/wp\/v2\/pages\/262","dynamic-page":"no","astra-page-url":"\/\/websitedemos.net\/freelance-copywriter-09\/testimonials\/","astra-sites-tag":[],"site-pages-type":"free","site-pages-page-builder":"gutenberg","site-pages-category":[],"site-pages-parent-category":{"60":"business","61":"free"},"required-plugins":[{"slug":"ultimate-addons-for-gutenberg","init":"ultimate-addons-for-gutenberg\/ultimate-addons-for-gutenberg.php","name":"Spectra"}],"spectra-ver":"v3"},"id-134107":{"title":"Work","featured-image-url":"https:\/\/websitedemos.net\/wp-content\/uploads\/2025\/11\/freelance-copywriter-09-work.jpg","thumbnail-image-url":"https:\/\/websitedemos.net\/wp-content\/uploads\/2025\/11\/freelance-copywriter-09-work-600x1479.jpg","astra-page-api-url":"https:\/\/websitedemos.net\/freelance-copywriter-09\/wp-json\/wp\/v2\/pages\/260","dynamic-page":"no","astra-page-url":"\/\/websitedemos.net\/freelance-copywriter-09\/work\/","astra-sites-tag":[],"site-pages-type":"free","site-pages-page-builder":"gutenberg","site-pages-category":[],"site-pages-parent-category":{"60":"business","61":"free"},"required-plugins":[{"slug":"ultimate-addons-for-gutenberg","init":"ultimate-addons-for-gutenberg\/ultimate-addons-for-gutenberg.php","name":"Spectra"}],"spectra-ver":"v3"}},"spectra-ver":"v3","query_args":{"post_type":"astra-sites","post_status":["publish"],"fields":"ids","no_found_rows":true,"paged":3,"posts_per_page":15,"tax_query":{"relation":"AND","0":{"relation":"OR","0":{"taxonomy":"spectra-blocks-ver","field":"slug","terms":["v3"],"operator":"IN"},"1":{"taxonomy":"astra-site-page-builder","field":"slug","terms":"gutenberg","operator":"NOT IN"}},"1":{"taxonomy":"astra-sites-type","field":"slug","terms":["siteground"],"operator":"NOT IN"}}},"related-bb-template":"","related-elementor-template":"","related-gutenberg-template":"","related_ecommerce_template":"","ecommerce_parent_template":""},"id-124000":{"title":"Electronic Store","id":124000,"publish-date":1762185266,"featured-image-url":"https:\/\/websitedemos.net\/wp-content\/uploads\/2025\/10\/electronic-store-10.jpg","thumbnail-image-url":"https:\/\/websitedemos.net\/wp-content\/uploads\/2025\/10\/electronic-store-10-600x5001.jpg","fullpage-thumbnail-image-url":"https:\/\/websitedemos.net\/wp-content\/uploads\/2025\/10\/electronic-store-10-400x3334.jpg","astra-site-url":"\/\/websitedemos.net\/electronic-store-10","astra-site-parent-id":3737,"astra-sites-tag":{"2740":"best-buy-electronics","496":"ecommerce","1817":"ecommerce-store","2739":"electronic-devices","2733":"electronic-store","2693":"electronics","2737":"equipments","2689":"gadgets","2734":"home-appliances","2736":"household-appliances","2735":"laptops","2738":"smartphones","2741":"technology-store"},"astra-sites-type":"agency-mini","astra-site-category":{"27":"business","38":"ecommerce"},"astra-sites-template-category":{"2777":"business","2769":"ecommerce","2817":"technology"},"astra-site-page-builder":"gutenberg","categories":{"3435":"business","3427":"default","2495":"ecommerce","3429":"premium","2499":"technology"},"required-plugins":[{"slug":"astra-addon","init":"astra-addon\/astra-addon.php","name":"Astra Pro"},{"slug":"ultimate-addons-for-gutenberg","init":"ultimate-addons-for-gutenberg\/ultimate-addons-for-gutenberg.php","name":"Spectra"},{"slug":"sureforms","init":"sureforms\/sureforms.php","name":"SureForms"},{"slug":"woocommerce","init":"woocommerce\/woocommerce.php","name":"WooCommerce"},{"slug":"woo-cart-abandonment-recovery","init":"woo-cart-abandonment-recovery\/woo-cart-abandonment-recovery.php","name":"WooCommerce Cart Abandonment Recovery"},{"slug":"woocommerce-payments","init":"woocommerce-payments\/woocommerce-payments.php","name":"WooPayments"}],"post-status":"publish","post-content":"","post-excerpt":"","pages":{"id-124002":{"title":"Contact","featured-image-url":"https:\/\/websitedemos.net\/wp-content\/uploads\/2025\/10\/electronic-store-10-contact.jpg","thumbnail-image-url":"https:\/\/websitedemos.net\/wp-content\/uploads\/2025\/10\/electronic-store-10-contact-600x783.jpg","astra-page-api-url":"https:\/\/websitedemos.net\/electronic-store-10\/wp-json\/wp\/v2\/pages\/1646","dynamic-page":"no","astra-page-url":"\/\/websitedemos.net\/electronic-store-10\/contact\/","astra-sites-tag":{"415":"contact"},"site-pages-type":"agency-mini","site-pages-page-builder":"gutenberg","site-pages-category":[],"site-pages-parent-category":{"60":"business","64":"ecommerce"},"required-plugins":[{"slug":"astra-addon","init":"astra-addon\/astra-addon.php","name":"Astra Pro"},{"slug":"ultimate-addons-for-gutenberg","init":"ultimate-addons-for-gutenberg\/ultimate-addons-for-gutenberg.php","name":"Spectra"},{"slug":"sureforms","init":"sureforms\/sureforms.php","name":"SureForms"}],"spectra-ver":"v3"},"id-124019":{"title":"New Arrivals","featured-image-url":"https:\/\/websitedemos.net\/wp-content\/uploads\/2025\/10\/electronic-stores-10-new-arrival.jpg","thumbnail-image-url":"https:\/\/websitedemos.net\/wp-content\/uploads\/2025\/10\/electronic-stores-10-new-arrival-600x2018.jpg","astra-page-api-url":"https:\/\/websitedemos.net\/electronic-store-10\/wp-json\/wp\/v2\/pages\/1648","dynamic-page":"yes","astra-page-url":"\/\/websitedemos.net\/electronic-store-10\/new-arrivals\/","astra-sites-tag":{"2326":"new-arrival"},"site-pages-type":"agency-mini","site-pages-page-builder":"gutenberg","site-pages-category":[],"site-pages-parent-category":{"60":"business","64":"ecommerce"},"required-plugins":"","spectra-ver":"v3"},"id-124020":{"title":"Sale","featured-image-url":"https:\/\/websitedemos.net\/wp-content\/uploads\/2025\/10\/electronic-stores-10-sales.jpg","thumbnail-image-url":"https:\/\/websitedemos.net\/wp-content\/uploads\/2025\/10\/electronic-stores-10-sales-600x1904.jpg","astra-page-api-url":"https:\/\/websitedemos.net\/electronic-store-10\/wp-json\/wp\/v2\/pages\/1650","dynamic-page":"yes","astra-page-url":"\/\/websitedemos.net\/electronic-store-10\/sale\/","astra-sites-tag":{"2743":"sale"},"site-pages-type":"agency-mini","site-pages-page-builder":"gutenberg","site-pages-category":[],"site-pages-parent-category":{"60":"business","64":"ecommerce"},"required-plugins":"","spectra-ver":"v3"},"id-124001":{"title":"About","featured-image-url":"https:\/\/websitedemos.net\/wp-content\/uploads\/2025\/10\/electronic-store-10-about.jpg","thumbnail-image-url":"https:\/\/websitedemos.net\/wp-content\/uploads\/2025\/10\/electronic-store-10-about-600x1504.jpg","astra-page-api-url":"https:\/\/websitedemos.net\/electronic-store-10\/wp-json\/wp\/v2\/pages\/1641","dynamic-page":"no","astra-page-url":"\/\/websitedemos.net\/electronic-store-10\/about\/","astra-sites-tag":{"352":"about"},"site-pages-type":"agency-mini","site-pages-page-builder":"gutenberg","site-pages-category":[],"site-pages-parent-category":{"60":"business","64":"ecommerce"},"required-plugins":[{"slug":"astra-addon","init":"astra-addon\/astra-addon.php","name":"Astra Pro"},{"slug":"ultimate-addons-for-gutenberg","init":"ultimate-addons-for-gutenberg\/ultimate-addons-for-gutenberg.php","name":"Spectra"}],"spectra-ver":"v3"},"id-124003":{"title":"Home","featured-image-url":"https:\/\/websitedemos.net\/wp-content\/uploads\/2025\/10\/electronic-store-10.jpg","thumbnail-image-url":"https:\/\/websitedemos.net\/wp-content\/uploads\/2025\/10\/electronic-store-10-600x5001.jpg","astra-page-api-url":"https:\/\/websitedemos.net\/electronic-store-10\/wp-json\/wp\/v2\/pages\/1644","dynamic-page":"yes","astra-page-url":"\/\/websitedemos.net\/electronic-store-10\/","astra-sites-tag":{"423":"home"},"site-pages-type":"agency-mini","site-pages-page-builder":"gutenberg","site-pages-category":[],"site-pages-parent-category":{"60":"business","64":"ecommerce"},"required-plugins":[{"slug":"astra-addon","init":"astra-addon\/astra-addon.php","name":"Astra Pro"},{"slug":"ultimate-addons-for-gutenberg","init":"ultimate-addons-for-gutenberg\/ultimate-addons-for-gutenberg.php","name":"Spectra"},{"slug":"sureforms","init":"sureforms\/sureforms.php","name":"SureForms"},{"slug":"woocommerce","init":"woocommerce\/woocommerce.php","name":"WooCommerce"},{"slug":"woo-cart-abandonment-recovery","init":"woo-cart-abandonment-recovery\/woo-cart-abandonment-recovery.php","name":"WooCommerce Cart Abandonment Recovery"},{"slug":"woocommerce-payments","init":"woocommerce-payments\/woocommerce-payments.php","name":"WooPayments"}],"spectra-ver":"v3"}},"spectra-ver":"v3","query_args":{"post_type":"astra-sites","post_status":["publish"],"fields":"ids","no_found_rows":true,"paged":3,"posts_per_page":15,"tax_query":{"relation":"AND","0":{"relation":"OR","0":{"taxonomy":"spectra-blocks-ver","field":"slug","terms":["v3"],"operator":"IN"},"1":{"taxonomy":"astra-site-page-builder","field":"slug","terms":"gutenberg","operator":"NOT IN"}},"1":{"taxonomy":"astra-sites-type","field":"slug","terms":["siteground"],"operator":"NOT IN"}}},"related-bb-template":"","related-elementor-template":"","related-gutenberg-template":"","related_ecommerce_template":"","ecommerce_parent_template":""},"id-151694":{"title":"Jewellery","id":151694,"publish-date":1767633217,"featured-image-url":"https:\/\/websitedemos.net\/wp-content\/uploads\/2025\/12\/jewellery-10.jpg","thumbnail-image-url":"https:\/\/websitedemos.net\/wp-content\/uploads\/2025\/12\/jewellery-10-600x1074.jpg","fullpage-thumbnail-image-url":"https:\/\/websitedemos.net\/wp-content\/uploads\/2025\/12\/jewellery-10-400x716.jpg","astra-site-url":"\/\/websitedemos.net\/jewellery-10","astra-site-parent-id":3816,"astra-sites-tag":[],"astra-sites-type":"premium-2","astra-site-category":{"38":"ecommerce"},"astra-sites-template-category":[],"astra-site-page-builder":"gutenberg","categories":[],"required-plugins":[{"slug":"astra-addon","init":"astra-addon\/astra-addon.php","name":"Astra Pro"},{"slug":"ultimate-addons-for-gutenberg","init":"ultimate-addons-for-gutenberg\/ultimate-addons-for-gutenberg.php","name":"Spectra"},{"slug":"woocommerce","init":"woocommerce\/woocommerce.php","name":"WooCommerce"},{"slug":"woocommerce-payments","init":"woocommerce-payments\/woocommerce-payments.php","name":"WooPayments"}],"post-status":"publish","post-content":"","post-excerpt":"","pages":{"id-151695":{"title":"About Us","featured-image-url":"https:\/\/websitedemos.net\/wp-content\/uploads\/2025\/12\/jewellery-10-about-us.jpg","thumbnail-image-url":"https:\/\/websitedemos.net\/wp-content\/uploads\/2025\/12\/jewellery-10-about-us-600x1189.jpg","astra-page-api-url":"https:\/\/websitedemos.net\/jewellery-10\/wp-json\/wp\/v2\/pages\/767","dynamic-page":"no","astra-page-url":"\/\/websitedemos.net\/jewellery-10\/about-us\/","astra-sites-tag":{"352":"about"},"site-pages-type":[],"site-pages-page-builder":"gutenberg","site-pages-category":[],"site-pages-parent-category":{"64":"ecommerce"},"required-plugins":[{"slug":"astra-addon","init":"astra-addon\/astra-addon.php","name":"Astra Pro"},{"slug":"ultimate-addons-for-gutenberg","init":"ultimate-addons-for-gutenberg\/ultimate-addons-for-gutenberg.php","name":"Spectra"}],"spectra-ver":"v3"},"id-151696":{"title":"Contact Us","featured-image-url":"https:\/\/websitedemos.net\/wp-content\/uploads\/2025\/12\/jewellery-10-contact.jpg","thumbnail-image-url":"https:\/\/websitedemos.net\/wp-content\/uploads\/2025\/12\/jewellery-10-contact-600x788.jpg","astra-page-api-url":"https:\/\/websitedemos.net\/jewellery-10\/wp-json\/wp\/v2\/pages\/778","dynamic-page":"no","astra-page-url":"\/\/websitedemos.net\/jewellery-10\/contact-us\/","astra-sites-tag":{"415":"contact"},"site-pages-type":[],"site-pages-page-builder":"gutenberg","site-pages-category":[],"site-pages-parent-category":{"64":"ecommerce"},"required-plugins":[{"slug":"astra-addon","init":"astra-addon\/astra-addon.php","name":"Astra Pro"},{"slug":"ultimate-addons-for-gutenberg","init":"ultimate-addons-for-gutenberg\/ultimate-addons-for-gutenberg.php","name":"Spectra"}],"spectra-ver":"v3"},"id-151697":{"title":"Home","featured-image-url":"https:\/\/websitedemos.net\/wp-content\/uploads\/2025\/12\/jewellery-10.jpg","thumbnail-image-url":"https:\/\/websitedemos.net\/wp-content\/uploads\/2025\/12\/jewellery-10-600x1074.jpg","astra-page-api-url":"https:\/\/websitedemos.net\/jewellery-10\/wp-json\/wp\/v2\/pages\/764","dynamic-page":"yes","astra-page-url":"\/\/websitedemos.net\/jewellery-10\/","astra-sites-tag":{"423":"home"},"site-pages-type":[],"site-pages-page-builder":"gutenberg","site-pages-category":[],"site-pages-parent-category":{"64":"ecommerce"},"required-plugins":[{"slug":"astra-addon","init":"astra-addon\/astra-addon.php","name":"Astra Pro"},{"slug":"ultimate-addons-for-gutenberg","init":"ultimate-addons-for-gutenberg\/ultimate-addons-for-gutenberg.php","name":"Spectra"},{"slug":"woocommerce","init":"woocommerce\/woocommerce.php","name":"WooCommerce"},{"slug":"woocommerce-payments","init":"woocommerce-payments\/woocommerce-payments.php","name":"WooPayments"}],"spectra-ver":"v3"}},"spectra-ver":"v3","query_args":{"post_type":"astra-sites","post_status":["publish"],"fields":"ids","no_found_rows":true,"paged":3,"posts_per_page":15,"tax_query":{"relation":"AND","0":{"relation":"OR","0":{"taxonomy":"spectra-blocks-ver","field":"slug","terms":["v3"],"operator":"IN"},"1":{"taxonomy":"astra-site-page-builder","field":"slug","terms":"gutenberg","operator":"NOT IN"}},"1":{"taxonomy":"astra-sites-type","field":"slug","terms":["siteground"],"operator":"NOT IN"}}},"related-bb-template":"","related-elementor-template":"","related-gutenberg-template":"","related_ecommerce_template":"","ecommerce_parent_template":""},"id-156826":{"title":"Chartered Accountant","id":156826,"publish-date":1768845578,"featured-image-url":"https:\/\/websitedemos.net\/wp-content\/uploads\/2026\/01\/accountant-09.jpg","thumbnail-image-url":"https:\/\/websitedemos.net\/wp-content\/uploads\/2026\/01\/accountant-09-600x2501.jpg","fullpage-thumbnail-image-url":"https:\/\/websitedemos.net\/wp-content\/uploads\/2026\/01\/accountant-09-400x1667.jpg","astra-site-url":"\/\/websitedemos.net\/accountant-09","astra-site-parent-id":3820,"astra-sites-tag":{"447":"accountant","449":"chartered-accountant","2254":"finance-and-accounting"},"astra-sites-type":"free","astra-site-category":{"27":"business","39":"free"},"astra-sites-template-category":[],"astra-site-page-builder":"gutenberg","categories":{"2481":"finance-service"},"required-plugins":[{"slug":"ultimate-addons-for-gutenberg","init":"ultimate-addons-for-gutenberg\/ultimate-addons-for-gutenberg.php","name":"Spectra"},{"slug":"sureforms","init":"sureforms\/sureforms.php","name":"SureForms"}],"post-status":"publish","post-content":"","post-excerpt":"","pages":{"id-156827":{"title":"About","featured-image-url":"https:\/\/websitedemos.net\/wp-content\/uploads\/2026\/01\/accountant-09-about.jpg","thumbnail-image-url":"https:\/\/websitedemos.net\/wp-content\/uploads\/2026\/01\/accountant-09-about-600x1203.jpg","astra-page-api-url":"https:\/\/websitedemos.net\/accountant-09\/wp-json\/wp\/v2\/pages\/7","dynamic-page":"no","astra-page-url":"\/\/websitedemos.net\/accountant-09\/about\/","astra-sites-tag":{"352":"about"},"site-pages-type":"free","site-pages-page-builder":"gutenberg","site-pages-category":[],"site-pages-parent-category":{"60":"business","61":"free"},"required-plugins":[{"slug":"ultimate-addons-for-gutenberg","init":"ultimate-addons-for-gutenberg\/ultimate-addons-for-gutenberg.php","name":"Spectra"}],"spectra-ver":"v3"},"id-156829":{"title":"Home","featured-image-url":"https:\/\/websitedemos.net\/wp-content\/uploads\/2026\/01\/accountant-09.jpg","thumbnail-image-url":"https:\/\/websitedemos.net\/wp-content\/uploads\/2026\/01\/accountant-09-600x2501.jpg","astra-page-api-url":"https:\/\/websitedemos.net\/accountant-09\/wp-json\/wp\/v2\/pages\/858","dynamic-page":"no","astra-page-url":"\/\/websitedemos.net\/accountant-09\/","astra-sites-tag":{"423":"home"},"site-pages-type":"free","site-pages-page-builder":"gutenberg","site-pages-category":[],"site-pages-parent-category":{"60":"business","61":"free"},"required-plugins":[{"slug":"ultimate-addons-for-gutenberg","init":"ultimate-addons-for-gutenberg\/ultimate-addons-for-gutenberg.php","name":"Spectra"}],"spectra-ver":"v3"},"id-156830":{"title":"Services","featured-image-url":"https:\/\/websitedemos.net\/wp-content\/uploads\/2026\/01\/accountant-09-services.jpg","thumbnail-image-url":"https:\/\/websitedemos.net\/wp-content\/uploads\/2026\/01\/accountant-09-services-600x1364.jpg","astra-page-api-url":"https:\/\/websitedemos.net\/accountant-09\/wp-json\/wp\/v2\/pages\/8","dynamic-page":"no","astra-page-url":"\/\/websitedemos.net\/accountant-09\/services\/","astra-sites-tag":[],"site-pages-type":"free","site-pages-page-builder":"gutenberg","site-pages-category":[],"site-pages-parent-category":{"60":"business","61":"free"},"required-plugins":[{"slug":"ultimate-addons-for-gutenberg","init":"ultimate-addons-for-gutenberg\/ultimate-addons-for-gutenberg.php","name":"Spectra"}],"spectra-ver":"v3"},"id-156832":{"title":"Why Choose Me","featured-image-url":"https:\/\/websitedemos.net\/wp-content\/uploads\/2026\/01\/accountant-09-why-choose-me.jpg","thumbnail-image-url":"https:\/\/websitedemos.net\/wp-content\/uploads\/2026\/01\/accountant-09-why-choose-me-600x1040.jpg","astra-page-api-url":"https:\/\/websitedemos.net\/accountant-09\/wp-json\/wp\/v2\/pages\/9","dynamic-page":"no","astra-page-url":"\/\/websitedemos.net\/accountant-09\/why-choose-me\/","astra-sites-tag":[],"site-pages-type":"free","site-pages-page-builder":"gutenberg","site-pages-category":[],"site-pages-parent-category":{"60":"business","61":"free"},"required-plugins":[{"slug":"ultimate-addons-for-gutenberg","init":"ultimate-addons-for-gutenberg\/ultimate-addons-for-gutenberg.php","name":"Spectra"}],"spectra-ver":"v3"},"id-156828":{"title":"Contact","featured-image-url":"https:\/\/websitedemos.net\/wp-content\/uploads\/2026\/01\/accountant-09-contact.jpg","thumbnail-image-url":"https:\/\/websitedemos.net\/wp-content\/uploads\/2026\/01\/accountant-09-contact-600x975.jpg","astra-page-api-url":"https:\/\/websitedemos.net\/accountant-09\/wp-json\/wp\/v2\/pages\/11","dynamic-page":"yes","astra-page-url":"\/\/websitedemos.net\/accountant-09\/contact\/","astra-sites-tag":[],"site-pages-type":"free","site-pages-page-builder":"gutenberg","site-pages-category":[],"site-pages-parent-category":{"60":"business","61":"free"},"required-plugins":[{"slug":"ultimate-addons-for-gutenberg","init":"ultimate-addons-for-gutenberg\/ultimate-addons-for-gutenberg.php","name":"Spectra"},{"slug":"sureforms","init":"sureforms\/sureforms.php","name":"SureForms"}],"spectra-ver":"v3"},"id-156831":{"title":"Testimonials","featured-image-url":"https:\/\/websitedemos.net\/wp-content\/uploads\/2026\/01\/accountant-09-testimonials.jpg","thumbnail-image-url":"https:\/\/websitedemos.net\/wp-content\/uploads\/2026\/01\/accountant-09-testimonials-600x1326.jpg","astra-page-api-url":"https:\/\/websitedemos.net\/accountant-09\/wp-json\/wp\/v2\/pages\/10","dynamic-page":"no","astra-page-url":"\/\/websitedemos.net\/accountant-09\/testimonials\/","astra-sites-tag":[],"site-pages-type":"free","site-pages-page-builder":"gutenberg","site-pages-category":[],"site-pages-parent-category":{"60":"business","61":"free"},"required-plugins":[{"slug":"ultimate-addons-for-gutenberg","init":"ultimate-addons-for-gutenberg\/ultimate-addons-for-gutenberg.php","name":"Spectra"}],"spectra-ver":"v3"}},"spectra-ver":"v3","query_args":{"post_type":"astra-sites","post_status":["publish"],"fields":"ids","no_found_rows":true,"paged":3,"posts_per_page":15,"tax_query":{"relation":"AND","0":{"relation":"OR","0":{"taxonomy":"spectra-blocks-ver","field":"slug","terms":["v3"],"operator":"IN"},"1":{"taxonomy":"astra-site-page-builder","field":"slug","terms":"gutenberg","operator":"NOT IN"}},"1":{"taxonomy":"astra-sites-type","field":"slug","terms":["siteground"],"operator":"NOT IN"}}},"related-bb-template":"","related-elementor-template":"","related-gutenberg-template":"","related_ecommerce_template":"","ecommerce_parent_template":""},"id-147926":{"title":"Vlogger","id":147926,"publish-date":1767633227,"featured-image-url":"https:\/\/websitedemos.net\/wp-content\/uploads\/2025\/12\/vloggers-09.jpg","thumbnail-image-url":"https:\/\/websitedemos.net\/wp-content\/uploads\/2025\/12\/vloggers-09-600x2580.jpg","fullpage-thumbnail-image-url":"https:\/\/websitedemos.net\/wp-content\/uploads\/2025\/12\/vloggers-09-400x1720.jpg","astra-site-url":"\/\/websitedemos.net\/vlogger-09","astra-site-parent-id":3812,"astra-sites-tag":[],"astra-sites-type":[],"astra-site-category":{"27":"business","39":"free"},"astra-sites-template-category":[],"astra-site-page-builder":"gutenberg","categories":[],"required-plugins":[{"slug":"ultimate-addons-for-gutenberg","init":"ultimate-addons-for-gutenberg\/ultimate-addons-for-gutenberg.php","name":"Spectra"},{"slug":"sureforms","init":"sureforms\/sureforms.php","name":"SureForms"}],"post-status":"publish","post-content":"","post-excerpt":"","pages":{"id-147927":{"title":"Home","featured-image-url":"https:\/\/websitedemos.net\/wp-content\/uploads\/2025\/12\/vloggers-09.jpg","thumbnail-image-url":"https:\/\/websitedemos.net\/wp-content\/uploads\/2025\/12\/vloggers-09-600x2580.jpg","astra-page-api-url":"https:\/\/websitedemos.net\/vlogger-09\/wp-json\/wp\/v2\/pages\/28","dynamic-page":"no","astra-page-url":"\/\/websitedemos.net\/vlogger-09\/","astra-sites-tag":{"1837":"vlogger"},"site-pages-type":"free","site-pages-page-builder":"gutenberg","site-pages-category":[],"site-pages-parent-category":{"60":"business","61":"free"},"required-plugins":[{"slug":"ultimate-addons-for-gutenberg","init":"ultimate-addons-for-gutenberg\/ultimate-addons-for-gutenberg.php","name":"Spectra"},{"slug":"sureforms","init":"sureforms\/sureforms.php","name":"SureForms"}],"spectra-ver":"v3"}},"spectra-ver":"v3","query_args":{"post_type":"astra-sites","post_status":["publish"],"fields":"ids","no_found_rows":true,"paged":3,"posts_per_page":15,"tax_query":{"relation":"AND","0":{"relation":"OR","0":{"taxonomy":"spectra-blocks-ver","field":"slug","terms":["v3"],"operator":"IN"},"1":{"taxonomy":"astra-site-page-builder","field":"slug","terms":"gutenberg","operator":"NOT IN"}},"1":{"taxonomy":"astra-sites-type","field":"slug","terms":["siteground"],"operator":"NOT IN"}}},"related-bb-template":"","related-elementor-template":"","related-gutenberg-template":"","related_ecommerce_template":"","ecommerce_parent_template":""},"id-125593":{"title":"Webinar","id":125593,"publish-date":1762185409,"featured-image-url":"https:\/\/websitedemos.net\/wp-content\/uploads\/2025\/10\/webinar-09.jpg","thumbnail-image-url":"https:\/\/websitedemos.net\/wp-content\/uploads\/2025\/10\/webinar-09-600x2107.jpg","fullpage-thumbnail-image-url":"https:\/\/websitedemos.net\/wp-content\/uploads\/2025\/10\/webinar-09-400x1405.jpg","astra-site-url":"\/\/websitedemos.net\/webinar-09","astra-site-parent-id":3758,"astra-sites-tag":{"850":"landing-page","1892":"webinar","1894":"webinar-registration-page"},"astra-sites-type":"free","astra-site-category":{"27":"business","39":"free"},"astra-sites-template-category":{"2777":"business","2811":"conference","2784":"event","2863":"landing-page","2771":"one-page","2801":"video","2870":"vlog"},"astra-site-page-builder":"gutenberg","categories":{"2489":"event-invitation","2927":"one-page"},"required-plugins":[{"slug":"ultimate-addons-for-gutenberg","init":"ultimate-addons-for-gutenberg\/ultimate-addons-for-gutenberg.php","name":"Spectra"},{"slug":"sureforms","init":"sureforms\/sureforms.php","name":"SureForms"}],"post-status":"publish","post-content":"","post-excerpt":"","pages":{"id-126095":{"title":"Home","featured-image-url":"https:\/\/websitedemos.net\/wp-content\/uploads\/2025\/10\/webinar-09.jpg","thumbnail-image-url":"https:\/\/websitedemos.net\/wp-content\/uploads\/2025\/10\/webinar-09-600x2107.jpg","astra-page-api-url":"https:\/\/websitedemos.net\/webinar-09\/wp-json\/wp\/v2\/pages\/592","dynamic-page":"no","astra-page-url":"\/\/websitedemos.net\/webinar-09\/","astra-sites-tag":{"423":"home"},"site-pages-type":"free","site-pages-page-builder":"gutenberg","site-pages-category":[],"site-pages-parent-category":{"60":"business","61":"free"},"required-plugins":[{"slug":"ultimate-addons-for-gutenberg","init":"ultimate-addons-for-gutenberg\/ultimate-addons-for-gutenberg.php","name":"Spectra"},{"slug":"sureforms","init":"sureforms\/sureforms.php","name":"SureForms"}],"spectra-ver":"v3"}},"spectra-ver":"v3","query_args":{"post_type":"astra-sites","post_status":["publish"],"fields":"ids","no_found_rows":true,"paged":3,"posts_per_page":15,"tax_query":{"relation":"AND","0":{"relation":"OR","0":{"taxonomy":"spectra-blocks-ver","field":"slug","terms":["v3"],"operator":"IN"},"1":{"taxonomy":"astra-site-page-builder","field":"slug","terms":"gutenberg","operator":"NOT IN"}},"1":{"taxonomy":"astra-sites-type","field":"slug","terms":["siteground"],"operator":"NOT IN"}}},"related-bb-template":"","related-elementor-template":"","related-gutenberg-template":"","related_ecommerce_template":"","ecommerce_parent_template":""},"id-149299":{"title":"Car Repair","id":149299,"publish-date":1767632207,"featured-image-url":"https:\/\/websitedemos.net\/wp-content\/uploads\/2025\/12\/car-repair-09.jpg","thumbnail-image-url":"https:\/\/websitedemos.net\/wp-content\/uploads\/2025\/12\/car-repair-09-600x2051.jpg","fullpage-thumbnail-image-url":"https:\/\/websitedemos.net\/wp-content\/uploads\/2025\/12\/car-repair-09-400x1367.jpg","astra-site-url":"\/\/websitedemos.net\/car-repair-09","astra-site-parent-id":3813,"astra-sites-tag":[],"astra-sites-type":"free","astra-site-category":{"27":"business","39":"free"},"astra-sites-template-category":[],"astra-site-page-builder":"gutenberg","categories":[],"required-plugins":[{"slug":"ultimate-addons-for-gutenberg","init":"ultimate-addons-for-gutenberg\/ultimate-addons-for-gutenberg.php","name":"Spectra"},{"slug":"sureforms","init":"sureforms\/sureforms.php","name":"SureForms"}],"post-status":"publish","post-content":"","post-excerpt":"","pages":{"id-149302":{"title":"Home","featured-image-url":"https:\/\/websitedemos.net\/wp-content\/uploads\/2025\/12\/car-repair-09.jpg","thumbnail-image-url":"https:\/\/websitedemos.net\/wp-content\/uploads\/2025\/12\/car-repair-09-600x2051.jpg","astra-page-api-url":"https:\/\/websitedemos.net\/car-repair-09\/wp-json\/wp\/v2\/pages\/1847","dynamic-page":"no","astra-page-url":"\/\/websitedemos.net\/car-repair-09\/","astra-sites-tag":{"423":"home"},"site-pages-type":"free","site-pages-page-builder":"gutenberg","site-pages-category":[],"site-pages-parent-category":{"60":"business","61":"free"},"required-plugins":[{"slug":"ultimate-addons-for-gutenberg","init":"ultimate-addons-for-gutenberg\/ultimate-addons-for-gutenberg.php","name":"Spectra"},{"slug":"sureforms","init":"sureforms\/sureforms.php","name":"SureForms"}],"spectra-ver":"v3"},"id-149303":{"title":"Our Staff","featured-image-url":"https:\/\/websitedemos.net\/wp-content\/uploads\/2025\/12\/car-repair-09-our-staff.jpg","thumbnail-image-url":"https:\/\/websitedemos.net\/wp-content\/uploads\/2025\/12\/car-repair-09-our-staff-600x1409.jpg","astra-page-api-url":"https:\/\/websitedemos.net\/car-repair-09\/wp-json\/wp\/v2\/pages\/1813","dynamic-page":"no","astra-page-url":"\/\/websitedemos.net\/car-repair-09\/our-staff\/","astra-sites-tag":{"3057":"our-staff"},"site-pages-type":"free","site-pages-page-builder":"gutenberg","site-pages-category":[],"site-pages-parent-category":{"60":"business","61":"free"},"required-plugins":[{"slug":"ultimate-addons-for-gutenberg","init":"ultimate-addons-for-gutenberg\/ultimate-addons-for-gutenberg.php","name":"Spectra"}],"spectra-ver":"v3"},"id-149304":{"title":"Services","featured-image-url":"https:\/\/websitedemos.net\/wp-content\/uploads\/2025\/12\/car-repair-09-services.jpg","thumbnail-image-url":"https:\/\/websitedemos.net\/wp-content\/uploads\/2025\/12\/car-repair-09-services-600x1878.jpg","astra-page-api-url":"https:\/\/websitedemos.net\/car-repair-09\/wp-json\/wp\/v2\/pages\/1812","dynamic-page":"no","astra-page-url":"\/\/websitedemos.net\/car-repair-09\/services\/","astra-sites-tag":{"425":"services"},"site-pages-type":"free","site-pages-page-builder":"gutenberg","site-pages-category":[],"site-pages-parent-category":{"60":"business","61":"free"},"required-plugins":[{"slug":"ultimate-addons-for-gutenberg","init":"ultimate-addons-for-gutenberg\/ultimate-addons-for-gutenberg.php","name":"Spectra"}],"spectra-ver":"v3"},"id-149300":{"title":"About","featured-image-url":"https:\/\/websitedemos.net\/wp-content\/uploads\/2025\/12\/car-repair-09-about.jpg","thumbnail-image-url":"https:\/\/websitedemos.net\/wp-content\/uploads\/2025\/12\/car-repair-09-about-600x1286.jpg","astra-page-api-url":"https:\/\/websitedemos.net\/car-repair-09\/wp-json\/wp\/v2\/pages\/1811","dynamic-page":"no","astra-page-url":"\/\/websitedemos.net\/car-repair-09\/about\/","astra-sites-tag":{"352":"about"},"site-pages-type":"free","site-pages-page-builder":"gutenberg","site-pages-category":[],"site-pages-parent-category":{"60":"business","61":"free"},"required-plugins":[{"slug":"ultimate-addons-for-gutenberg","init":"ultimate-addons-for-gutenberg\/ultimate-addons-for-gutenberg.php","name":"Spectra"}],"spectra-ver":"v3"},"id-149301":{"title":"Contact","featured-image-url":"https:\/\/websitedemos.net\/wp-content\/uploads\/2025\/12\/car-repair-09-contact.jpg","thumbnail-image-url":"https:\/\/websitedemos.net\/wp-content\/uploads\/2025\/12\/car-repair-09-contact-600x1024.jpg","astra-page-api-url":"https:\/\/websitedemos.net\/car-repair-09\/wp-json\/wp\/v2\/pages\/1814","dynamic-page":"no","astra-page-url":"\/\/websitedemos.net\/car-repair-09\/contact\/","astra-sites-tag":{"415":"contact"},"site-pages-type":"free","site-pages-page-builder":"gutenberg","site-pages-category":[],"site-pages-parent-category":{"60":"business","61":"free"},"required-plugins":[{"slug":"ultimate-addons-for-gutenberg","init":"ultimate-addons-for-gutenberg\/ultimate-addons-for-gutenberg.php","name":"Spectra"},{"slug":"sureforms","init":"sureforms\/sureforms.php","name":"SureForms"}],"spectra-ver":"v3"}},"spectra-ver":"v3","query_args":{"post_type":"astra-sites","post_status":["publish"],"fields":"ids","no_found_rows":true,"paged":3,"posts_per_page":15,"tax_query":{"relation":"AND","0":{"relation":"OR","0":{"taxonomy":"spectra-blocks-ver","field":"slug","terms":["v3"],"operator":"IN"},"1":{"taxonomy":"astra-site-page-builder","field":"slug","terms":"gutenberg","operator":"NOT IN"}},"1":{"taxonomy":"astra-sites-type","field":"slug","terms":["siteground"],"operator":"NOT IN"}}},"related-bb-template":"","related-elementor-template":"","related-gutenberg-template":"","related_ecommerce_template":"","ecommerce_parent_template":""},"id-125736":{"title":"Injury and Accidental Lawyer","id":125736,"publish-date":1760609943,"featured-image-url":"https:\/\/websitedemos.net\/wp-content\/uploads\/2025\/10\/injury-accident-lawyer-09.jpg","thumbnail-image-url":"https:\/\/websitedemos.net\/wp-content\/uploads\/2025\/10\/injury-accident-lawyer-09-600x2475.jpg","fullpage-thumbnail-image-url":"https:\/\/websitedemos.net\/wp-content\/uploads\/2025\/10\/injury-accident-lawyer-09-400x1650.jpg","astra-site-url":"\/\/websitedemos.net\/injury-accident-lawyer-09","astra-site-parent-id":3762,"astra-sites-tag":{"1869":"accident-lawyers","1867":"injury-lawyers","1870":"lawyer-firm","1868":"lawyers"},"astra-sites-type":"free","astra-site-category":{"27":"business","39":"free"},"astra-sites-template-category":[],"astra-site-page-builder":"gutenberg","categories":{"2482":"law"},"required-plugins":[{"slug":"ultimate-addons-for-gutenberg","init":"ultimate-addons-for-gutenberg\/ultimate-addons-for-gutenberg.php","name":"Spectra"},{"slug":"sureforms","init":"sureforms\/sureforms.php","name":"SureForms"}],"post-status":"publish","post-content":"","post-excerpt":"","pages":{"id-126114":{"title":"About","featured-image-url":"https:\/\/websitedemos.net\/wp-content\/uploads\/2025\/10\/injury-accident-lawyer-09-about.jpg","thumbnail-image-url":"https:\/\/websitedemos.net\/wp-content\/uploads\/2025\/10\/injury-accident-lawyer-09-about-600x2370.jpg","astra-page-api-url":"https:\/\/websitedemos.net\/injury-accident-lawyer-09\/wp-json\/wp\/v2\/pages\/1526","dynamic-page":"no","astra-page-url":"\/\/websitedemos.net\/injury-accident-lawyer-09\/about\/","astra-sites-tag":{"352":"about"},"site-pages-type":"free","site-pages-page-builder":"gutenberg","site-pages-category":[],"site-pages-parent-category":{"60":"business","61":"free"},"required-plugins":[{"slug":"ultimate-addons-for-gutenberg","init":"ultimate-addons-for-gutenberg\/ultimate-addons-for-gutenberg.php","name":"Spectra"},{"slug":"sureforms","init":"sureforms\/sureforms.php","name":"SureForms"}],"spectra-ver":"v3"},"id-126117":{"title":"Home","featured-image-url":"https:\/\/websitedemos.net\/wp-content\/uploads\/2025\/10\/injury-accident-lawyer-09.jpg","thumbnail-image-url":"https:\/\/websitedemos.net\/wp-content\/uploads\/2025\/10\/injury-accident-lawyer-09-600x2475.jpg","astra-page-api-url":"https:\/\/websitedemos.net\/injury-accident-lawyer-09\/wp-json\/wp\/v2\/pages\/1503","dynamic-page":"no","astra-page-url":"\/\/websitedemos.net\/injury-accident-lawyer-09\/","astra-sites-tag":{"423":"home","814":"homepage"},"site-pages-type":"free","site-pages-page-builder":"gutenberg","site-pages-category":[],"site-pages-parent-category":{"60":"business","61":"free"},"required-plugins":[{"slug":"ultimate-addons-for-gutenberg","init":"ultimate-addons-for-gutenberg\/ultimate-addons-for-gutenberg.php","name":"Spectra"},{"slug":"sureforms","init":"sureforms\/sureforms.php","name":"SureForms"}],"spectra-ver":"v3"},"id-126118":{"title":"Practice Areas","featured-image-url":"https:\/\/websitedemos.net\/wp-content\/uploads\/2025\/10\/injury-accident-lawyer-09-practice-area.jpg","thumbnail-image-url":"https:\/\/websitedemos.net\/wp-content\/uploads\/2025\/10\/injury-accident-lawyer-09-practice-area-600x2755.jpg","astra-page-api-url":"https:\/\/websitedemos.net\/injury-accident-lawyer-09\/wp-json\/wp\/v2\/pages\/1541","dynamic-page":"no","astra-page-url":"\/\/websitedemos.net\/injury-accident-lawyer-09\/practice-areas\/","astra-sites-tag":{"1863":"practice-areas"},"site-pages-type":"free","site-pages-page-builder":"gutenberg","site-pages-category":[],"site-pages-parent-category":{"60":"business","61":"free"},"required-plugins":[{"slug":"ultimate-addons-for-gutenberg","init":"ultimate-addons-for-gutenberg\/ultimate-addons-for-gutenberg.php","name":"Spectra"},{"slug":"sureforms","init":"sureforms\/sureforms.php","name":"SureForms"}],"spectra-ver":"v3"},"id-126119":{"title":"Results","featured-image-url":"https:\/\/websitedemos.net\/wp-content\/uploads\/2025\/10\/injury-accident-lawyer-09-results.jpg","thumbnail-image-url":"https:\/\/websitedemos.net\/wp-content\/uploads\/2025\/10\/injury-accident-lawyer-09-results-600x1712.jpg","astra-page-api-url":"https:\/\/websitedemos.net\/injury-accident-lawyer-09\/wp-json\/wp\/v2\/pages\/1543","dynamic-page":"no","astra-page-url":"\/\/websitedemos.net\/injury-accident-lawyer-09\/results\/","astra-sites-tag":{"1864":"results"},"site-pages-type":"free","site-pages-page-builder":"gutenberg","site-pages-category":[],"site-pages-parent-category":{"60":"business","61":"free"},"required-plugins":[{"slug":"ultimate-addons-for-gutenberg","init":"ultimate-addons-for-gutenberg\/ultimate-addons-for-gutenberg.php","name":"Spectra"},{"slug":"sureforms","init":"sureforms\/sureforms.php","name":"SureForms"}],"spectra-ver":"v3"},"id-126115":{"title":"Attorneys","featured-image-url":"https:\/\/websitedemos.net\/wp-content\/uploads\/2025\/10\/injury-accident-lawyer-09-attorneys.jpg","thumbnail-image-url":"https:\/\/websitedemos.net\/wp-content\/uploads\/2025\/10\/injury-accident-lawyer-09-attorneys-600x1888.jpg","astra-page-api-url":"https:\/\/websitedemos.net\/injury-accident-lawyer-09\/wp-json\/wp\/v2\/pages\/1539","dynamic-page":"no","astra-page-url":"\/\/websitedemos.net\/injury-accident-lawyer-09\/attorneys\/","astra-sites-tag":{"912":"attorneys"},"site-pages-type":"free","site-pages-page-builder":"gutenberg","site-pages-category":[],"site-pages-parent-category":{"60":"business","61":"free"},"required-plugins":[{"slug":"ultimate-addons-for-gutenberg","init":"ultimate-addons-for-gutenberg\/ultimate-addons-for-gutenberg.php","name":"Spectra"},{"slug":"sureforms","init":"sureforms\/sureforms.php","name":"SureForms"}],"spectra-ver":"v3"},"id-126116":{"title":"Contact","featured-image-url":"https:\/\/websitedemos.net\/wp-content\/uploads\/2025\/10\/injury-accident-lawyer-09-contact.jpg","thumbnail-image-url":"https:\/\/websitedemos.net\/wp-content\/uploads\/2025\/10\/injury-accident-lawyer-09-contact-600x967.jpg","astra-page-api-url":"https:\/\/websitedemos.net\/injury-accident-lawyer-09\/wp-json\/wp\/v2\/pages\/1547","dynamic-page":"no","astra-page-url":"\/\/websitedemos.net\/injury-accident-lawyer-09\/contact\/","astra-sites-tag":{"415":"contact"},"site-pages-type":"free","site-pages-page-builder":"gutenberg","site-pages-category":[],"site-pages-parent-category":{"60":"business","61":"free"},"required-plugins":[{"slug":"ultimate-addons-for-gutenberg","init":"ultimate-addons-for-gutenberg\/ultimate-addons-for-gutenberg.php","name":"Spectra"},{"slug":"sureforms","init":"sureforms\/sureforms.php","name":"SureForms"}],"spectra-ver":"v3"},"id-126100":{"title":"Home","featured-image-url":"","thumbnail-image-url":"","astra-page-api-url":"https:\/\/websitedemos.net\/injury-accident-lawyer-09\/wp-json\/wp\/v2\/pages\/1503","dynamic-page":"no","astra-page-url":"\/\/websitedemos.net\/injury-accident-lawyer-09\/","astra-sites-tag":[],"site-pages-type":"free","site-pages-page-builder":"gutenberg","site-pages-category":[],"site-pages-parent-category":{"60":"business","61":"free"},"required-plugins":"","spectra-ver":[]},"id-126101":{"title":"Practice Areas","featured-image-url":"","thumbnail-image-url":"","astra-page-api-url":"https:\/\/websitedemos.net\/injury-accident-lawyer-09\/wp-json\/wp\/v2\/pages\/1541","dynamic-page":"no","astra-page-url":"\/\/websitedemos.net\/injury-accident-lawyer-09\/practice-areas\/","astra-sites-tag":[],"site-pages-type":"free","site-pages-page-builder":"gutenberg","site-pages-category":[],"site-pages-parent-category":{"60":"business","61":"free"},"required-plugins":"","spectra-ver":[]},"id-126097":{"title":"About","featured-image-url":"","thumbnail-image-url":"","astra-page-api-url":"https:\/\/websitedemos.net\/injury-accident-lawyer-09\/wp-json\/wp\/v2\/pages\/1526","dynamic-page":"no","astra-page-url":"\/\/websitedemos.net\/injury-accident-lawyer-09\/about\/","astra-sites-tag":[],"site-pages-type":"free","site-pages-page-builder":"gutenberg","site-pages-category":[],"site-pages-parent-category":{"60":"business","61":"free"},"required-plugins":"","spectra-ver":[]},"id-126098":{"title":"Attorneys","featured-image-url":"","thumbnail-image-url":"","astra-page-api-url":"https:\/\/websitedemos.net\/injury-accident-lawyer-09\/wp-json\/wp\/v2\/pages\/1539","dynamic-page":"no","astra-page-url":"\/\/websitedemos.net\/injury-accident-lawyer-09\/attorneys\/","astra-sites-tag":[],"site-pages-type":"free","site-pages-page-builder":"gutenberg","site-pages-category":[],"site-pages-parent-category":{"60":"business","61":"free"},"required-plugins":"","spectra-ver":[]},"id-126099":{"title":"Contact","featured-image-url":"","thumbnail-image-url":"","astra-page-api-url":"https:\/\/websitedemos.net\/injury-accident-lawyer-09\/wp-json\/wp\/v2\/pages\/1547","dynamic-page":"no","astra-page-url":"\/\/websitedemos.net\/injury-accident-lawyer-09\/contact\/","astra-sites-tag":[],"site-pages-type":"free","site-pages-page-builder":"gutenberg","site-pages-category":[],"site-pages-parent-category":{"60":"business","61":"free"},"required-plugins":"","spectra-ver":[]},"id-126102":{"title":"Results","featured-image-url":"","thumbnail-image-url":"","astra-page-api-url":"https:\/\/websitedemos.net\/injury-accident-lawyer-09\/wp-json\/wp\/v2\/pages\/1543","dynamic-page":"no","astra-page-url":"\/\/websitedemos.net\/injury-accident-lawyer-09\/results\/","astra-sites-tag":[],"site-pages-type":"free","site-pages-page-builder":"gutenberg","site-pages-category":[],"site-pages-parent-category":{"60":"business","61":"free"},"required-plugins":"","spectra-ver":[]}},"spectra-ver":"v3","query_args":{"post_type":"astra-sites","post_status":["publish"],"fields":"ids","no_found_rows":true,"paged":3,"posts_per_page":15,"tax_query":{"relation":"AND","0":{"relation":"OR","0":{"taxonomy":"spectra-blocks-ver","field":"slug","terms":["v3"],"operator":"IN"},"1":{"taxonomy":"astra-site-page-builder","field":"slug","terms":"gutenberg","operator":"NOT IN"}},"1":{"taxonomy":"astra-sites-type","field":"slug","terms":["siteground"],"operator":"NOT IN"}}},"related-bb-template":"","related-elementor-template":"","related-gutenberg-template":"","related_ecommerce_template":"","ecommerce_parent_template":""},"id-152644":{"title":"Gift Shop","id":152644,"publish-date":1767633213,"featured-image-url":"https:\/\/websitedemos.net\/wp-content\/uploads\/2026\/01\/gift-shop-10.jpg","thumbnail-image-url":"https:\/\/websitedemos.net\/wp-content\/uploads\/2026\/01\/gift-shop-10-600x3310.jpg","fullpage-thumbnail-image-url":"https:\/\/websitedemos.net\/wp-content\/uploads\/2026\/01\/gift-shop-10-400x2206.jpg","astra-site-url":"\/\/websitedemos.net\/gift-shop-10","astra-site-parent-id":3817,"astra-sites-tag":[],"astra-sites-type":"premium","astra-site-category":{"27":"business","38":"ecommerce"},"astra-sites-template-category":[],"astra-site-page-builder":"gutenberg","categories":[],"required-plugins":[{"slug":"astra-addon","init":"astra-addon\/astra-addon.php","name":"Astra Pro"},{"slug":"woo-cart-abandonment-recovery","init":"woo-cart-abandonment-recovery\/woo-cart-abandonment-recovery.php","name":"Cart Abandonment Recovery for WooCommerce"},{"slug":"ultimate-addons-for-gutenberg","init":"ultimate-addons-for-gutenberg\/ultimate-addons-for-gutenberg.php","name":"Spectra"},{"slug":"sureforms","init":"sureforms\/sureforms.php","name":"SureForms"},{"slug":"variation-swatches-woo","init":"variation-swatches-woo\/variation-swatches-woo.php","name":"Variation Swatches for WooCommerce"},{"slug":"woocommerce","init":"woocommerce\/woocommerce.php","name":"WooCommerce"},{"slug":"woocommerce-payments","init":"woocommerce-payments\/woocommerce-payments.php","name":"WooPayments"}],"post-status":"publish","post-content":"","post-excerpt":"","pages":{"id-152645":{"title":"About Us","featured-image-url":"https:\/\/websitedemos.net\/wp-content\/uploads\/2026\/01\/gift-shop-10-about-us.jpg","thumbnail-image-url":"https:\/\/websitedemos.net\/wp-content\/uploads\/2026\/01\/gift-shop-10-about-us-600x1160.jpg","astra-page-api-url":"https:\/\/websitedemos.net\/gift-shop-10\/wp-json\/wp\/v2\/pages\/705","dynamic-page":"no","astra-page-url":"\/\/websitedemos.net\/gift-shop-10\/about-us\/","astra-sites-tag":{"352":"about"},"site-pages-type":"premium","site-pages-page-builder":"gutenberg","site-pages-category":[],"site-pages-parent-category":{"60":"business","64":"ecommerce"},"required-plugins":[{"slug":"astra-addon","init":"astra-addon\/astra-addon.php","name":"Astra Pro"},{"slug":"ultimate-addons-for-gutenberg","init":"ultimate-addons-for-gutenberg\/ultimate-addons-for-gutenberg.php","name":"Spectra"}],"spectra-ver":"v3"},"id-152646":{"title":"Contact Us","featured-image-url":"https:\/\/websitedemos.net\/wp-content\/uploads\/2026\/01\/gift-shop-10-contact-us.jpg","thumbnail-image-url":"https:\/\/websitedemos.net\/wp-content\/uploads\/2026\/01\/gift-shop-10-contact-us-600x823.jpg","astra-page-api-url":"https:\/\/websitedemos.net\/gift-shop-10\/wp-json\/wp\/v2\/pages\/706","dynamic-page":"no","astra-page-url":"\/\/websitedemos.net\/gift-shop-10\/contact-us\/","astra-sites-tag":{"415":"contact"},"site-pages-type":"premium","site-pages-page-builder":"gutenberg","site-pages-category":[],"site-pages-parent-category":{"60":"business","64":"ecommerce"},"required-plugins":[{"slug":"astra-addon","init":"astra-addon\/astra-addon.php","name":"Astra Pro"},{"slug":"ultimate-addons-for-gutenberg","init":"ultimate-addons-for-gutenberg\/ultimate-addons-for-gutenberg.php","name":"Spectra"},{"slug":"sureforms","init":"sureforms\/sureforms.php","name":"SureForms"}],"spectra-ver":"v3"},"id-152647":{"title":"Home","featured-image-url":"https:\/\/websitedemos.net\/wp-content\/uploads\/2026\/01\/gift-shop-10.jpg","thumbnail-image-url":"https:\/\/websitedemos.net\/wp-content\/uploads\/2026\/01\/gift-shop-10-600x3310.jpg","astra-page-api-url":"https:\/\/websitedemos.net\/gift-shop-10\/wp-json\/wp\/v2\/pages\/703","dynamic-page":"yes","astra-page-url":"\/\/websitedemos.net\/gift-shop-10\/","astra-sites-tag":{"423":"home"},"site-pages-type":"premium","site-pages-page-builder":"gutenberg","site-pages-category":[],"site-pages-parent-category":{"60":"business","64":"ecommerce"},"required-plugins":[{"slug":"astra-addon","init":"astra-addon\/astra-addon.php","name":"Astra Pro"},{"slug":"woo-cart-abandonment-recovery","init":"woo-cart-abandonment-recovery\/woo-cart-abandonment-recovery.php","name":"Cart Abandonment Recovery for WooCommerce"},{"slug":"ultimate-addons-for-gutenberg","init":"ultimate-addons-for-gutenberg\/ultimate-addons-for-gutenberg.php","name":"Spectra"},{"slug":"variation-swatches-woo","init":"variation-swatches-woo\/variation-swatches-woo.php","name":"Variation Swatches for WooCommerce"},{"slug":"woocommerce","init":"woocommerce\/woocommerce.php","name":"WooCommerce"},{"slug":"woocommerce-payments","init":"woocommerce-payments\/woocommerce-payments.php","name":"WooPayments"}],"spectra-ver":"v3"},"id-153533":{"title":"Special Offers","featured-image-url":"","thumbnail-image-url":"","astra-page-api-url":"https:\/\/websitedemos.net\/gift-shop-10\/wp-json\/wp\/v2\/pages\/704","dynamic-page":"no","astra-page-url":"\/\/websitedemos.net\/gift-shop-10\/special-offers\/","astra-sites-tag":[],"site-pages-type":"premium","site-pages-page-builder":"gutenberg","site-pages-category":[],"site-pages-parent-category":{"60":"business","64":"ecommerce"},"required-plugins":"","spectra-ver":[]},"id-153526":{"title":"About Us","featured-image-url":"","thumbnail-image-url":"","astra-page-api-url":"https:\/\/websitedemos.net\/gift-shop-10\/wp-json\/wp\/v2\/pages\/705","dynamic-page":"no","astra-page-url":"\/\/websitedemos.net\/gift-shop-10\/about-us\/","astra-sites-tag":[],"site-pages-type":"premium","site-pages-page-builder":"gutenberg","site-pages-category":[],"site-pages-parent-category":{"60":"business","64":"ecommerce"},"required-plugins":"","spectra-ver":[]},"id-153527":{"title":"Cart","featured-image-url":"","thumbnail-image-url":"","astra-page-api-url":"https:\/\/websitedemos.net\/gift-shop-10\/wp-json\/wp\/v2\/pages\/1152","dynamic-page":"no","astra-page-url":"\/\/websitedemos.net\/gift-shop-10\/cart\/","astra-sites-tag":[],"site-pages-type":"premium","site-pages-page-builder":"gutenberg","site-pages-category":[],"site-pages-parent-category":{"60":"business","64":"ecommerce"},"required-plugins":"","spectra-ver":[]},"id-153528":{"title":"Checkout","featured-image-url":"","thumbnail-image-url":"","astra-page-api-url":"https:\/\/websitedemos.net\/gift-shop-10\/wp-json\/wp\/v2\/pages\/1153","dynamic-page":"no","astra-page-url":"\/\/websitedemos.net\/gift-shop-10\/checkout\/","astra-sites-tag":[],"site-pages-type":"premium","site-pages-page-builder":"gutenberg","site-pages-category":[],"site-pages-parent-category":{"60":"business","64":"ecommerce"},"required-plugins":"","spectra-ver":[]},"id-153530":{"title":"Home","featured-image-url":"","thumbnail-image-url":"","astra-page-api-url":"https:\/\/websitedemos.net\/gift-shop-10\/wp-json\/wp\/v2\/pages\/703","dynamic-page":"no","astra-page-url":"\/\/websitedemos.net\/gift-shop-10\/","astra-sites-tag":[],"site-pages-type":"premium","site-pages-page-builder":"gutenberg","site-pages-category":[],"site-pages-parent-category":{"60":"business","64":"ecommerce"},"required-plugins":"","spectra-ver":[]},"id-153531":{"title":"My account","featured-image-url":"","thumbnail-image-url":"","astra-page-api-url":"https:\/\/websitedemos.net\/gift-shop-10\/wp-json\/wp\/v2\/pages\/1154","dynamic-page":"no","astra-page-url":"\/\/websitedemos.net\/gift-shop-10\/my-account\/","astra-sites-tag":[],"site-pages-type":"premium","site-pages-page-builder":"gutenberg","site-pages-category":[],"site-pages-parent-category":{"60":"business","64":"ecommerce"},"required-plugins":"","spectra-ver":[]},"id-153532":{"title":"Shop","featured-image-url":"","thumbnail-image-url":"","astra-page-api-url":"https:\/\/websitedemos.net\/gift-shop-10\/wp-json\/wp\/v2\/pages\/1151","dynamic-page":"no","astra-page-url":"\/\/websitedemos.net\/gift-shop-10\/shop\/","astra-sites-tag":[],"site-pages-type":"premium","site-pages-page-builder":"gutenberg","site-pages-category":[],"site-pages-parent-category":{"60":"business","64":"ecommerce"},"required-plugins":"","spectra-ver":[]},"id-153529":{"title":"Contact Us","featured-image-url":"","thumbnail-image-url":"","astra-page-api-url":"https:\/\/websitedemos.net\/gift-shop-10\/wp-json\/wp\/v2\/pages\/706","dynamic-page":"no","astra-page-url":"\/\/websitedemos.net\/gift-shop-10\/contact-us\/","astra-sites-tag":[],"site-pages-type":"premium","site-pages-page-builder":"gutenberg","site-pages-category":[],"site-pages-parent-category":{"60":"business","64":"ecommerce"},"required-plugins":"","spectra-ver":[]}},"spectra-ver":"v3","query_args":{"post_type":"astra-sites","post_status":["publish"],"fields":"ids","no_found_rows":true,"paged":3,"posts_per_page":15,"tax_query":{"relation":"AND","0":{"relation":"OR","0":{"taxonomy":"spectra-blocks-ver","field":"slug","terms":["v3"],"operator":"IN"},"1":{"taxonomy":"astra-site-page-builder","field":"slug","terms":"gutenberg","operator":"NOT IN"}},"1":{"taxonomy":"astra-sites-type","field":"slug","terms":["siteground"],"operator":"NOT IN"}}},"related-bb-template":"","related-elementor-template":"","related-gutenberg-template":"","related_ecommerce_template":"","ecommerce_parent_template":""},"id-123953":{"title":"Creative CV","id":123953,"publish-date":1762185622,"featured-image-url":"https:\/\/websitedemos.net\/wp-content\/uploads\/2025\/11\/creative-cv-09.jpg","thumbnail-image-url":"https:\/\/websitedemos.net\/wp-content\/uploads\/2025\/11\/creative-cv-09-600x2638.jpg","fullpage-thumbnail-image-url":"https:\/\/websitedemos.net\/wp-content\/uploads\/2025\/11\/creative-cv-09-400x1758.jpg","astra-site-url":"\/\/websitedemos.net\/creative-cv-09","astra-site-parent-id":3735,"astra-sites-tag":{"2151":"curriculum-vitae","2150":"cv","1903":"personal-website","444":"portfolio","2153":"resume","2152":"work-profile"},"astra-sites-type":"free","astra-site-category":{"37":"blog"},"astra-sites-template-category":{"2810":"freelance","2770":"personal","2768":"portfolio","2783":"resume"},"astra-site-page-builder":"gutenberg","categories":{"2488":"portfolio"},"required-plugins":[{"slug":"ultimate-addons-for-gutenberg","init":"ultimate-addons-for-gutenberg\/ultimate-addons-for-gutenberg.php","name":"Spectra"},{"slug":"sureforms","init":"sureforms\/sureforms.php","name":"SureForms"}],"post-status":"publish","post-content":"","post-excerpt":"","pages":{"id-123954":{"title":"Home","featured-image-url":"https:\/\/websitedemos.net\/wp-content\/uploads\/2025\/11\/creative-cv-09.jpg","thumbnail-image-url":"https:\/\/websitedemos.net\/wp-content\/uploads\/2025\/11\/creative-cv-09-600x2638.jpg","astra-page-api-url":"https:\/\/websitedemos.net\/creative-cv-09\/wp-json\/wp\/v2\/pages\/295","dynamic-page":"no","astra-page-url":"\/\/websitedemos.net\/creative-cv-09\/","astra-sites-tag":[],"site-pages-type":"free","site-pages-page-builder":"gutenberg","site-pages-category":[],"site-pages-parent-category":{"74":"blog"},"required-plugins":[{"slug":"ultimate-addons-for-gutenberg","init":"ultimate-addons-for-gutenberg\/ultimate-addons-for-gutenberg.php","name":"Spectra"},{"slug":"sureforms","init":"sureforms\/sureforms.php","name":"SureForms"}],"spectra-ver":[]}},"spectra-ver":"v3","query_args":{"post_type":"astra-sites","post_status":["publish"],"fields":"ids","no_found_rows":true,"paged":3,"posts_per_page":15,"tax_query":{"relation":"AND","0":{"relation":"OR","0":{"taxonomy":"spectra-blocks-ver","field":"slug","terms":["v3"],"operator":"IN"},"1":{"taxonomy":"astra-site-page-builder","field":"slug","terms":"gutenberg","operator":"NOT IN"}},"1":{"taxonomy":"astra-sites-type","field":"slug","terms":["siteground"],"operator":"NOT IN"}}},"related-bb-template":"","related-elementor-template":"","related-gutenberg-template":"","related_ecommerce_template":"","ecommerce_parent_template":""},"id-150693":{"title":"Sierra Industry","id":150693,"publish-date":1767634801,"featured-image-url":"https:\/\/websitedemos.net\/wp-content\/uploads\/2019\/07\/sierra-industry-home.jpg","thumbnail-image-url":"https:\/\/websitedemos.net\/wp-content\/uploads\/2019\/07\/sierra-industry-home.jpg","fullpage-thumbnail-image-url":"https:\/\/websitedemos.net\/wp-content\/uploads\/2019\/07\/sierra-industry-home.jpg","astra-site-url":"\/\/websitedemos.net\/sierra-industry-09","astra-site-parent-id":3814,"astra-sites-tag":{"985":"factory","492":"industry","490":"manufacturing","489":"production"},"astra-sites-type":"free","astra-site-category":{"39":"free"},"astra-sites-template-category":{"2777":"business","2807":"industrial","2860":"multipurpose","2797":"simple-minimal","2817":"technology"},"astra-site-page-builder":"gutenberg","categories":{"3428":"free","2474":"manufacturing","2500":"multipurpose"},"required-plugins":[{"slug":"ultimate-addons-for-gutenberg","init":"ultimate-addons-for-gutenberg\/ultimate-addons-for-gutenberg.php","name":"Spectra"},{"slug":"sureforms","init":"sureforms\/sureforms.php","name":"SureForms"}],"post-status":"publish","post-content":"","post-excerpt":"","pages":{"id-150697":{"title":"Projects","featured-image-url":"https:\/\/websitedemos.net\/wp-content\/uploads\/2019\/07\/sierra-industry-02-projects.jpg","thumbnail-image-url":"https:\/\/websitedemos.net\/wp-content\/uploads\/2019\/07\/sierra-industry-02-projects.jpg","astra-page-api-url":"https:\/\/websitedemos.net\/sierra-industry-09\/wp-json\/wp\/v2\/pages\/11","dynamic-page":"no","astra-page-url":"\/\/websitedemos.net\/sierra-industry-09\/projects\/","astra-sites-tag":[],"site-pages-type":"free","site-pages-page-builder":"gutenberg","site-pages-category":[],"site-pages-parent-category":{"61":"free"},"required-plugins":[{"slug":"ultimate-addons-for-gutenberg","init":"ultimate-addons-for-gutenberg\/ultimate-addons-for-gutenberg.php","name":"Spectra"}],"spectra-ver":[]},"id-150694":{"title":"Contact","featured-image-url":"https:\/\/websitedemos.net\/wp-content\/uploads\/2019\/07\/sierra-industry-02-contact-2.jpg","thumbnail-image-url":"https:\/\/websitedemos.net\/wp-content\/uploads\/2019\/07\/sierra-industry-02-contact-2.jpg","astra-page-api-url":"https:\/\/websitedemos.net\/sierra-industry-09\/wp-json\/wp\/v2\/pages\/12","dynamic-page":"yes","astra-page-url":"\/\/websitedemos.net\/sierra-industry-09\/contact\/","astra-sites-tag":[],"site-pages-type":"free","site-pages-page-builder":"gutenberg","site-pages-category":[],"site-pages-parent-category":{"61":"free"},"required-plugins":[{"slug":"ultimate-addons-for-gutenberg","init":"ultimate-addons-for-gutenberg\/ultimate-addons-for-gutenberg.php","name":"Spectra"},{"slug":"sureforms","init":"sureforms\/sureforms.php","name":"SureForms"}],"spectra-ver":[]},"id-150696":{"title":"Products","featured-image-url":"https:\/\/websitedemos.net\/wp-content\/uploads\/2020\/10\/sierra-industry-08-products-1.jpg","thumbnail-image-url":"https:\/\/websitedemos.net\/wp-content\/uploads\/2020\/10\/sierra-industry-08-products-1-600x1348.jpg","astra-page-api-url":"https:\/\/websitedemos.net\/sierra-industry-09\/wp-json\/wp\/v2\/pages\/10","dynamic-page":"no","astra-page-url":"\/\/websitedemos.net\/sierra-industry-09\/products\/","astra-sites-tag":[],"site-pages-type":"free","site-pages-page-builder":"gutenberg","site-pages-category":[],"site-pages-parent-category":{"61":"free"},"required-plugins":[{"slug":"ultimate-addons-for-gutenberg","init":"ultimate-addons-for-gutenberg\/ultimate-addons-for-gutenberg.php","name":"Spectra"}],"spectra-ver":[]},"id-150695":{"title":"Home","featured-image-url":"https:\/\/websitedemos.net\/wp-content\/uploads\/2024\/09\/sierra-nature-home-screenshot-1.png","thumbnail-image-url":"https:\/\/websitedemos.net\/wp-content\/uploads\/2024\/09\/sierra-nature-home-screenshot-1.png","astra-page-api-url":"https:\/\/websitedemos.net\/sierra-industry-09\/wp-json\/wp\/v2\/pages\/494","dynamic-page":"no","astra-page-url":"\/\/websitedemos.net\/sierra-industry-09\/","astra-sites-tag":[],"site-pages-type":"free","site-pages-page-builder":"gutenberg","site-pages-category":[],"site-pages-parent-category":{"61":"free"},"required-plugins":[{"slug":"ultimate-addons-for-gutenberg","init":"ultimate-addons-for-gutenberg\/ultimate-addons-for-gutenberg.php","name":"Spectra"}],"spectra-ver":[]},"id-48133":{"title":"About","featured-image-url":"https:\/\/websitedemos.net\/wp-content\/uploads\/2020\/10\/sierra-industry-08-about-1.jpg","thumbnail-image-url":"https:\/\/websitedemos.net\/wp-content\/uploads\/2020\/10\/sierra-industry-08-about-1-600x1341.jpg","astra-page-api-url":"https:\/\/websitedemos.net\/sierra-industry-09\/wp-json\/wp\/v2\/pages\/495","dynamic-page":"no","astra-page-url":"\/\/websitedemos.net\/sierra-industry-09\/about\/","astra-sites-tag":{"352":"about"},"site-pages-type":"free","site-pages-page-builder":"gutenberg","site-pages-category":[],"site-pages-parent-category":{"61":"free"},"required-plugins":[{"slug":"ultimate-addons-for-gutenberg","init":"ultimate-addons-for-gutenberg\/ultimate-addons-for-gutenberg.php","name":"Spectra"}],"spectra-ver":[]}},"spectra-ver":"v3","query_args":{"post_type":"astra-sites","post_status":["publish"],"fields":"ids","no_found_rows":true,"paged":3,"posts_per_page":15,"tax_query":{"relation":"AND","0":{"relation":"OR","0":{"taxonomy":"spectra-blocks-ver","field":"slug","terms":["v3"],"operator":"IN"},"1":{"taxonomy":"astra-site-page-builder","field":"slug","terms":"gutenberg","operator":"NOT IN"}},"1":{"taxonomy":"astra-sites-type","field":"slug","terms":["siteground"],"operator":"NOT IN"}}},"related-bb-template":"","related-elementor-template":"","related-gutenberg-template":"","related_ecommerce_template":"","ecommerce_parent_template":""},"id-143347":{"title":"Transport Services","id":143347,"publish-date":1765225410,"featured-image-url":"https:\/\/websitedemos.net\/wp-content\/uploads\/2025\/12\/transport-services-10.jpg","thumbnail-image-url":"https:\/\/websitedemos.net\/wp-content\/uploads\/2025\/12\/transport-services-10-600x2842.jpg","fullpage-thumbnail-image-url":"https:\/\/websitedemos.net\/wp-content\/uploads\/2025\/12\/transport-services-10-400x1895.jpg","astra-site-url":"\/\/websitedemos.net\/transport-services-10","astra-site-parent-id":3806,"astra-sites-tag":{"394":"air-cargo","845":"blue","391":"cargo-services","392":"freight-services","388":"good-carrier","389":"logistics","399":"one-page","846":"red","393":"road-transport","390":"shipping","366":"transport","387":"trucking"},"astra-sites-type":"agency-mini","astra-site-category":{"27":"business"},"astra-sites-template-category":{"2777":"business"},"astra-site-page-builder":"gutenberg","categories":{"3430":"dark","2927":"one-page","2473":"transport"},"required-plugins":[{"slug":"ultimate-addons-for-gutenberg","init":"ultimate-addons-for-gutenberg\/ultimate-addons-for-gutenberg.php","name":"Spectra"},{"slug":"sureforms","init":"sureforms\/sureforms.php","name":"SureForms"}],"post-status":"publish","post-content":"","post-excerpt":"","pages":{"id-143352":{"title":"One Page Website","featured-image-url":"https:\/\/websitedemos.net\/wp-content\/uploads\/2025\/12\/transport-services-10-1.jpg","thumbnail-image-url":"https:\/\/websitedemos.net\/wp-content\/uploads\/2025\/12\/transport-services-10-1-600x2842.jpg","astra-page-api-url":"https:\/\/websitedemos.net\/transport-services-10\/wp-json\/wp\/v2\/pages\/297","dynamic-page":"no","astra-page-url":"\/\/websitedemos.net\/transport-services-10\/","astra-sites-tag":{"399":"one-page"},"site-pages-type":"agency-mini","site-pages-page-builder":"gutenberg","site-pages-category":[],"site-pages-parent-category":{"60":"business"},"required-plugins":[{"slug":"ultimate-addons-for-gutenberg","init":"ultimate-addons-for-gutenberg\/ultimate-addons-for-gutenberg.php","name":"Spectra"},{"slug":"sureforms","init":"sureforms\/sureforms.php","name":"SureForms"}],"spectra-ver":"v3"}},"spectra-ver":"v3","query_args":{"post_type":"astra-sites","post_status":["publish"],"fields":"ids","no_found_rows":true,"paged":3,"posts_per_page":15,"tax_query":{"relation":"AND","0":{"relation":"OR","0":{"taxonomy":"spectra-blocks-ver","field":"slug","terms":["v3"],"operator":"IN"},"1":{"taxonomy":"astra-site-page-builder","field":"slug","terms":"gutenberg","operator":"NOT IN"}},"1":{"taxonomy":"astra-sites-type","field":"slug","terms":["siteground"],"operator":"NOT IN"}}},"related-bb-template":"","related-elementor-template":"","related-gutenberg-template":"","related_ecommerce_template":"","ecommerce_parent_template":""},"id-142829":{"title":"Family Lawyer","id":142829,"publish-date":1765225575,"featured-image-url":"https:\/\/websitedemos.net\/wp-content\/uploads\/2025\/12\/family-lawyer-09.jpg","thumbnail-image-url":"https:\/\/websitedemos.net\/wp-content\/uploads\/2025\/12\/family-lawyer-09-600x2896.jpg","fullpage-thumbnail-image-url":"https:\/\/websitedemos.net\/wp-content\/uploads\/2025\/12\/family-lawyer-09-400x1930.jpg","astra-site-url":"\/\/websitedemos.net\/family-lawyer-09","astra-site-parent-id":3796,"astra-sites-tag":{"912":"attorneys","1943":"divorce-lawyer","3416":"elementor","1942":"family-lawyer","706":"lawyer"},"astra-sites-type":"free","astra-site-category":{"27":"business","39":"free"},"astra-sites-template-category":{"2777":"business","2824":"law-firm","2831":"service"},"astra-site-page-builder":"gutenberg","categories":{"3428":"free","2482":"law"},"required-plugins":[{"slug":"ultimate-addons-for-gutenberg","init":"ultimate-addons-for-gutenberg\/ultimate-addons-for-gutenberg.php","name":"Spectra"},{"slug":"sureforms","init":"sureforms\/sureforms.php","name":"SureForms"}],"post-status":"publish","post-content":"","post-excerpt":"","pages":{"id-142834":{"title":"Contact","featured-image-url":"https:\/\/websitedemos.net\/wp-content\/uploads\/2025\/12\/family-lawyer-09-contact.jpg","thumbnail-image-url":"https:\/\/websitedemos.net\/wp-content\/uploads\/2025\/12\/family-lawyer-09-contact-600x1008.jpg","astra-page-api-url":"https:\/\/websitedemos.net\/family-lawyer-09\/wp-json\/wp\/v2\/pages\/10","dynamic-page":"no","astra-page-url":"\/\/websitedemos.net\/family-lawyer-09\/contact\/","astra-sites-tag":{"415":"contact"},"site-pages-type":"free","site-pages-page-builder":"gutenberg","site-pages-category":[],"site-pages-parent-category":{"60":"business","61":"free"},"required-plugins":[{"slug":"ultimate-addons-for-gutenberg","init":"ultimate-addons-for-gutenberg\/ultimate-addons-for-gutenberg.php","name":"Spectra"},{"slug":"sureforms","init":"sureforms\/sureforms.php","name":"SureForms"}],"spectra-ver":"v3"},"id-142835":{"title":"Home","featured-image-url":"https:\/\/websitedemos.net\/wp-content\/uploads\/2025\/12\/family-lawyer-09.jpg","thumbnail-image-url":"https:\/\/websitedemos.net\/wp-content\/uploads\/2025\/12\/family-lawyer-09-600x2896.jpg","astra-page-api-url":"https:\/\/websitedemos.net\/family-lawyer-09\/wp-json\/wp\/v2\/pages\/833","dynamic-page":"no","astra-page-url":"\/\/websitedemos.net\/family-lawyer-09\/","astra-sites-tag":{"423":"home"},"site-pages-type":"free","site-pages-page-builder":"gutenberg","site-pages-category":[],"site-pages-parent-category":{"60":"business","61":"free"},"required-plugins":[{"slug":"ultimate-addons-for-gutenberg","init":"ultimate-addons-for-gutenberg\/ultimate-addons-for-gutenberg.php","name":"Spectra"}],"spectra-ver":"v3"},"id-142836":{"title":"Practice Areas","featured-image-url":"https:\/\/websitedemos.net\/wp-content\/uploads\/2025\/12\/family-lawyer-09-practice-areas.jpg","thumbnail-image-url":"https:\/\/websitedemos.net\/wp-content\/uploads\/2025\/12\/family-lawyer-09-practice-areas-600x1842.jpg","astra-page-api-url":"https:\/\/websitedemos.net\/family-lawyer-09\/wp-json\/wp\/v2\/pages\/12","dynamic-page":"no","astra-page-url":"\/\/websitedemos.net\/family-lawyer-09\/practice-areas\/","astra-sites-tag":{"707":"practice-area"},"site-pages-type":"free","site-pages-page-builder":"gutenberg","site-pages-category":[],"site-pages-parent-category":{"60":"business","61":"free"},"required-plugins":[{"slug":"ultimate-addons-for-gutenberg","init":"ultimate-addons-for-gutenberg\/ultimate-addons-for-gutenberg.php","name":"Spectra"}],"spectra-ver":"v3"},"id-142833":{"title":"About Us","featured-image-url":"https:\/\/websitedemos.net\/wp-content\/uploads\/2025\/12\/family-lawyer-09-about.jpg","thumbnail-image-url":"https:\/\/websitedemos.net\/wp-content\/uploads\/2025\/12\/family-lawyer-09-about-600x1481.jpg","astra-page-api-url":"https:\/\/websitedemos.net\/family-lawyer-09\/wp-json\/wp\/v2\/pages\/834","dynamic-page":"no","astra-page-url":"\/\/websitedemos.net\/family-lawyer-09\/about-us\/","astra-sites-tag":{"455":"about-us"},"site-pages-type":"free","site-pages-page-builder":"gutenberg","site-pages-category":[],"site-pages-parent-category":{"60":"business","61":"free"},"required-plugins":[{"slug":"ultimate-addons-for-gutenberg","init":"ultimate-addons-for-gutenberg\/ultimate-addons-for-gutenberg.php","name":"Spectra"}],"spectra-ver":"v3"}},"spectra-ver":"v3","query_args":{"post_type":"astra-sites","post_status":["publish"],"fields":"ids","no_found_rows":true,"paged":3,"posts_per_page":15,"tax_query":{"relation":"AND","0":{"relation":"OR","0":{"taxonomy":"spectra-blocks-ver","field":"slug","terms":["v3"],"operator":"IN"},"1":{"taxonomy":"astra-site-page-builder","field":"slug","terms":"gutenberg","operator":"NOT IN"}},"1":{"taxonomy":"astra-sites-type","field":"slug","terms":["siteground"],"operator":"NOT IN"}}},"related-bb-template":"","related-elementor-template":"","related-gutenberg-template":"","related_ecommerce_template":"","ecommerce_parent_template":""}}