{"831":{"id":831,"name":"Hero","slug":"hero"},"3382":{"id":3382,"name":"Page Header","slug":"page-header"},"825":{"id":825,"name":"About","slug":"about"},"952":{"id":952,"name":"Services","slug":"services"},"3589":{"id":3589,"name":"Services List","slug":"services-list"},"919":{"id":919,"name":"Features","slug":"features"},"3590":{"id":3590,"name":"Features List","slug":"features-list"},"1416":{"id":1416,"name":"Contact Form","slug":"contact-form"},"3591":{"id":3591,"name":"Locations","slug":"locations"},"3380":{"id":3380,"name":"Why Choose Us","slug":"why-choose-us"},"832":{"id":832,"name":"Call To Action","slug":"call-to-action"},"1425":{"id":1425,"name":"Portfolio","slug":"portfolio"},"3375":{"id":3375,"name":"Gallery","slug":"gallery"},"830":{"id":830,"name":"Testimonials","slug":"testimonials"},"3376":{"id":3376,"name":"Pricing","slug":"pricing"},"1001":{"id":1001,"name":"FAQ","slug":"faq"},"829":{"id":829,"name":"Team","slug":"team"},"1091":{"id":1091,"name":"Clients","slug":"clients"},"1096":{"id":1096,"name":"Statistics","slug":"statistics"},"1948":{"id":1948,"name":"Image and Text","slug":"image-and-text"},"1094":{"id":1094,"name":"Heading","slug":"heading"},"1950":{"id":1950,"name":"Location And Hours","slug":"location-and-hours"},"1424":{"id":1424,"name":"Single Quote","slug":"single-quote"},"1953":{"id":1953,"name":"Subscribe Form","slug":"subscribe-form"},"1946":{"id":1946,"name":"Text","slug":"text"},"3716":{"id":3716,"name":"Blog","slug":"blog"},"3723":{"id":3723,"name":"Countdown","slug":"countdown"},"3724":{"id":3724,"name":"Inline Notice","slug":"inline-notice"},"3726":{"id":3726,"name":"Lottie","slug":"lottie"},"3811":{"id":3811,"name":"Info Box","slug":"info-box"}}