{"id-43901":{"title":"Contact 2B","featured-image-url":"https:\/\/websitedemos.net\/wp-content\/uploads\/2020\/02\/contact-2b.jpg","thumbnail-image-url":"https:\/\/websitedemos.net\/wp-content\/uploads\/2020\/02\/contact-2b.jpg","url":"https:\/\/websitedemos.net\/astra-blocks\/contact-2b\/","tag":{"823":"contact"},"category":1416,"wireframe":[],"page-builder":"elementor","astra-sites-type":[],"filter":"dark","required-plugins":[],"spectra-ver":[]},"id-53929":{"title":"Clients 4","featured-image-url":"https:\/\/websitedemos.net\/wp-content\/uploads\/2021\/05\/clients-4e.jpg","thumbnail-image-url":"https:\/\/websitedemos.net\/wp-content\/uploads\/2021\/05\/clients-4e.jpg","url":"https:\/\/websitedemos.net\/astra-blocks\/clients-4e\/","tag":{"1090":"clients"},"category":1091,"wireframe":[],"page-builder":"elementor","astra-sites-type":[],"filter":"","required-plugins":[],"spectra-ver":[]},"id-52795":{"title":"Call to Action 4","featured-image-url":"https:\/\/websitedemos.net\/wp-content\/uploads\/2021\/05\/cta-4-ele.jpg","thumbnail-image-url":"https:\/\/websitedemos.net\/wp-content\/uploads\/2021\/05\/cta-4-ele.jpg","url":"https:\/\/websitedemos.net\/astra-blocks\/call-to-action-4e\/","tag":{"819":"call-to-action"},"category":832,"wireframe":[],"page-builder":"elementor","astra-sites-type":[],"filter":"light","required-plugins":[],"spectra-ver":[]},"id-43887":{"title":"Contact 2W","featured-image-url":"https:\/\/websitedemos.net\/wp-content\/uploads\/2020\/02\/contact-2w.jpg","thumbnail-image-url":"https:\/\/websitedemos.net\/wp-content\/uploads\/2020\/02\/contact-2w.jpg","url":"https:\/\/websitedemos.net\/astra-blocks\/contact-2w\/","tag":{"823":"contact"},"category":1416,"wireframe":[],"page-builder":"elementor","astra-sites-type":[],"filter":"light","required-plugins":[],"spectra-ver":[]},"id-52794":{"title":"Call to Action 3","featured-image-url":"https:\/\/websitedemos.net\/wp-content\/uploads\/2021\/05\/cta-3-ele.jpg","thumbnail-image-url":"https:\/\/websitedemos.net\/wp-content\/uploads\/2021\/05\/cta-3-ele.jpg","url":"https:\/\/websitedemos.net\/astra-blocks\/call-to-action-3e\/","tag":{"819":"call-to-action"},"category":832,"wireframe":[],"page-builder":"elementor","astra-sites-type":[],"filter":"light","required-plugins":[],"spectra-ver":[]},"id-43947":{"title":"Contact 4B","featured-image-url":"https:\/\/websitedemos.net\/wp-content\/uploads\/2020\/02\/contact-4b.jpg","thumbnail-image-url":"https:\/\/websitedemos.net\/wp-content\/uploads\/2020\/02\/contact-4b.jpg","url":"https:\/\/websitedemos.net\/astra-blocks\/contact-4b\/","tag":{"823":"contact"},"category":1416,"wireframe":[],"page-builder":"elementor","astra-sites-type":[],"filter":"dark","required-plugins":[],"spectra-ver":[]},"id-53846":{"title":"Testimonial 1","featured-image-url":"https:\/\/websitedemos.net\/wp-content\/uploads\/2021\/05\/teatimonial-1el.jpg","thumbnail-image-url":"https:\/\/websitedemos.net\/wp-content\/uploads\/2021\/05\/teatimonial-1el.jpg","url":"https:\/\/websitedemos.net\/astra-blocks\/testimonial-1e\/","tag":{"844":"testimonial"},"category":830,"wireframe":[],"page-builder":"elementor","astra-sites-type":[],"filter":"light","required-plugins":[],"spectra-ver":[]},"id-52793":{"title":"Call to Action 2","featured-image-url":"https:\/\/websitedemos.net\/wp-content\/uploads\/2021\/05\/call-to-action-2e.jpg","thumbnail-image-url":"https:\/\/websitedemos.net\/wp-content\/uploads\/2021\/05\/call-to-action-2e.jpg","url":"https:\/\/websitedemos.net\/astra-blocks\/call-to-action-2e\/","tag":{"819":"call-to-action"},"category":832,"wireframe":[],"page-builder":"elementor","astra-sites-type":[],"filter":"light","required-plugins":[],"spectra-ver":[]},"id-43934":{"title":"Contact 4W","featured-image-url":"https:\/\/websitedemos.net\/wp-content\/uploads\/2020\/02\/contact-4w.jpg","thumbnail-image-url":"https:\/\/websitedemos.net\/wp-content\/uploads\/2020\/02\/contact-4w.jpg","url":"https:\/\/websitedemos.net\/astra-blocks\/contact-4w\/","tag":{"823":"contact"},"category":1416,"wireframe":[],"page-builder":"elementor","astra-sites-type":[],"filter":"light","required-plugins":[],"spectra-ver":[]},"id-52792":{"title":"Call to Action 1","featured-image-url":"https:\/\/websitedemos.net\/wp-content\/uploads\/2021\/05\/call-to-action-1e.jpg","thumbnail-image-url":"https:\/\/websitedemos.net\/wp-content\/uploads\/2021\/05\/call-to-action-1e.jpg","url":"https:\/\/websitedemos.net\/astra-blocks\/call-to-action-1e\/","tag":{"819":"call-to-action"},"category":832,"wireframe":[],"page-builder":"elementor","astra-sites-type":[],"filter":"light","required-plugins":[],"spectra-ver":[]},"id-37642":{"title":"Heading 1B","featured-image-url":"https:\/\/websitedemos.net\/wp-content\/uploads\/2020\/01\/heading-1b-2020.jpg","thumbnail-image-url":"https:\/\/websitedemos.net\/wp-content\/uploads\/2020\/01\/heading-1b-2020.jpg","url":"https:\/\/websitedemos.net\/astra-blocks\/heading-1b\/","tag":{"1093":"heading"},"category":1094,"wireframe":[],"page-builder":"elementor","astra-sites-type":[],"filter":"dark","required-plugins":[],"spectra-ver":[]},"id-53847":{"title":"Testimonial 2","featured-image-url":"https:\/\/websitedemos.net\/wp-content\/uploads\/2021\/05\/teatimonial-2-ele.jpg","thumbnail-image-url":"https:\/\/websitedemos.net\/wp-content\/uploads\/2021\/05\/teatimonial-2-ele.jpg","url":"https:\/\/websitedemos.net\/astra-blocks\/testimonial-2e\/","tag":{"844":"testimonial"},"category":830,"wireframe":[],"page-builder":"elementor","astra-sites-type":[],"filter":"light","required-plugins":[],"spectra-ver":[]},"id-52712":{"title":"FAQ 1","featured-image-url":"https:\/\/websitedemos.net\/wp-content\/uploads\/2021\/05\/faq-1e.jpg","thumbnail-image-url":"https:\/\/websitedemos.net\/wp-content\/uploads\/2021\/05\/faq-1e.jpg","url":"https:\/\/websitedemos.net\/astra-blocks\/faq-1e\/","tag":{"822":"faq","821":"frequently-asked-questions"},"category":1001,"wireframe":[],"page-builder":"elementor","astra-sites-type":[],"filter":"light","required-plugins":[],"spectra-ver":[]},"id-44768":{"title":"Call To Action 10B","featured-image-url":"https:\/\/websitedemos.net\/wp-content\/uploads\/2020\/02\/call-to-action-10b.jpg","thumbnail-image-url":"https:\/\/websitedemos.net\/wp-content\/uploads\/2020\/02\/call-to-action-10b.jpg","url":"https:\/\/websitedemos.net\/astra-blocks\/call-to-action-10b\/","tag":{"819":"call-to-action"},"category":832,"wireframe":[],"page-builder":"elementor","astra-sites-type":[],"filter":"dark","required-plugins":[],"spectra-ver":[]},"id-37640":{"title":"Heading 1W","featured-image-url":"https:\/\/websitedemos.net\/wp-content\/uploads\/2020\/01\/heading-1w-2020.jpg","thumbnail-image-url":"https:\/\/websitedemos.net\/wp-content\/uploads\/2020\/01\/heading-1w-2020.jpg","url":"https:\/\/websitedemos.net\/astra-blocks\/heading-1w\/","tag":{"1093":"heading"},"category":1094,"wireframe":[],"page-builder":"elementor","astra-sites-type":[],"filter":"light","required-plugins":[],"spectra-ver":[]},"id-52713":{"title":"FAQ 2","featured-image-url":"https:\/\/websitedemos.net\/wp-content\/uploads\/2021\/05\/faq-2e.jpg","thumbnail-image-url":"https:\/\/websitedemos.net\/wp-content\/uploads\/2021\/05\/faq-2e.jpg","url":"https:\/\/websitedemos.net\/astra-blocks\/faq-2e\/","tag":{"822":"faq","821":"frequently-asked-questions"},"category":1001,"wireframe":[],"page-builder":"elementor","astra-sites-type":[],"filter":"light","required-plugins":[],"spectra-ver":[]},"id-37647":{"title":"Heading 2B","featured-image-url":"https:\/\/websitedemos.net\/wp-content\/uploads\/2020\/01\/heading-2b-2020.jpg","thumbnail-image-url":"https:\/\/websitedemos.net\/wp-content\/uploads\/2020\/01\/heading-2b-2020.jpg","url":"https:\/\/websitedemos.net\/astra-blocks\/heading-2b\/","tag":{"1093":"heading"},"category":1094,"wireframe":[],"page-builder":"elementor","astra-sites-type":[],"filter":"dark","required-plugins":[],"spectra-ver":[]},"id-53848":{"title":"Testimonial 3","featured-image-url":"https:\/\/websitedemos.net\/wp-content\/uploads\/2021\/05\/teatimonial-3el.jpg","thumbnail-image-url":"https:\/\/websitedemos.net\/wp-content\/uploads\/2021\/05\/teatimonial-3el.jpg","url":"https:\/\/websitedemos.net\/astra-blocks\/testimonial-3e\/","tag":{"844":"testimonial"},"category":830,"wireframe":[],"page-builder":"elementor","astra-sites-type":[],"filter":"light","required-plugins":[],"spectra-ver":[]},"id-52714":{"title":"FAQ 3","featured-image-url":"https:\/\/websitedemos.net\/wp-content\/uploads\/2021\/05\/faq-3e.jpg","thumbnail-image-url":"https:\/\/websitedemos.net\/wp-content\/uploads\/2021\/05\/faq-3e.jpg","url":"https:\/\/websitedemos.net\/astra-blocks\/faq-3e\/","tag":{"822":"faq","821":"frequently-asked-questions"},"category":1001,"wireframe":[],"page-builder":"elementor","astra-sites-type":[],"filter":"light","required-plugins":[],"spectra-ver":[]},"id-37646":{"title":"Heading 2W","featured-image-url":"https:\/\/websitedemos.net\/wp-content\/uploads\/2020\/01\/heading-2w-2020.jpg","thumbnail-image-url":"https:\/\/websitedemos.net\/wp-content\/uploads\/2020\/01\/heading-2w-2020.jpg","url":"https:\/\/websitedemos.net\/astra-blocks\/heading-2w\/","tag":{"1093":"heading"},"category":1094,"wireframe":[],"page-builder":"elementor","astra-sites-type":[],"filter":"light","required-plugins":[],"spectra-ver":[]},"id-52715":{"title":"FAQ 4","featured-image-url":"https:\/\/websitedemos.net\/wp-content\/uploads\/2021\/05\/faq-4e.jpg","thumbnail-image-url":"https:\/\/websitedemos.net\/wp-content\/uploads\/2021\/05\/faq-4e.jpg","url":"https:\/\/websitedemos.net\/astra-blocks\/faq-4e\/","tag":{"822":"faq","821":"frequently-asked-questions"},"category":1001,"wireframe":[],"page-builder":"elementor","astra-sites-type":[],"filter":"light","required-plugins":[],"spectra-ver":[]},"id-44762":{"title":"Call To Action 10W","featured-image-url":"https:\/\/websitedemos.net\/wp-content\/uploads\/2020\/02\/call-to-action-10w.jpg","thumbnail-image-url":"https:\/\/websitedemos.net\/wp-content\/uploads\/2020\/02\/call-to-action-10w.jpg","url":"https:\/\/websitedemos.net\/astra-blocks\/call-to-action-10w\/","tag":{"819":"call-to-action"},"category":832,"wireframe":[],"page-builder":"elementor","astra-sites-type":[],"filter":"light","required-plugins":[],"spectra-ver":[]},"id-37656":{"title":"Heading 3B","featured-image-url":"https:\/\/websitedemos.net\/wp-content\/uploads\/2020\/01\/heading-3b-2020.jpg","thumbnail-image-url":"https:\/\/websitedemos.net\/wp-content\/uploads\/2020\/01\/heading-3b-2020.jpg","url":"https:\/\/websitedemos.net\/astra-blocks\/heading-3b\/","tag":{"1093":"heading"},"category":1094,"wireframe":[],"page-builder":"elementor","astra-sites-type":[],"filter":"dark","required-plugins":[],"spectra-ver":[]},"id-53849":{"title":"Testimonial 4","featured-image-url":"https:\/\/websitedemos.net\/wp-content\/uploads\/2021\/05\/teatimonial-4-ele.jpg","thumbnail-image-url":"https:\/\/websitedemos.net\/wp-content\/uploads\/2021\/05\/teatimonial-4-ele.jpg","url":"https:\/\/websitedemos.net\/astra-blocks\/testimonial-4e\/","tag":{"844":"testimonial"},"category":830,"wireframe":[],"page-builder":"elementor","astra-sites-type":[],"filter":"light","required-plugins":[],"spectra-ver":[]},"id-52716":{"title":"FAQ 5","featured-image-url":"https:\/\/websitedemos.net\/wp-content\/uploads\/2021\/05\/faq-5-ele.jpg","thumbnail-image-url":"https:\/\/websitedemos.net\/wp-content\/uploads\/2021\/05\/faq-5-ele.jpg","url":"https:\/\/websitedemos.net\/astra-blocks\/faq-5e\/","tag":{"822":"faq","821":"frequently-asked-questions"},"category":1001,"wireframe":[],"page-builder":"elementor","astra-sites-type":[],"filter":"light","required-plugins":[],"spectra-ver":[]},"id-37655":{"title":"Heading 3W","featured-image-url":"https:\/\/websitedemos.net\/wp-content\/uploads\/2020\/01\/heading-3w-2020.jpg","thumbnail-image-url":"https:\/\/websitedemos.net\/wp-content\/uploads\/2020\/01\/heading-3w-2020.jpg","url":"https:\/\/websitedemos.net\/astra-blocks\/heading-3w\/","tag":{"1093":"heading"},"category":1094,"wireframe":[],"page-builder":"elementor","astra-sites-type":[],"filter":"light","required-plugins":[],"spectra-ver":[]},"id-52678":{"title":"Main Banner 9","featured-image-url":"https:\/\/websitedemos.net\/wp-content\/uploads\/2021\/05\/main-banner-9el.jpg","thumbnail-image-url":"https:\/\/websitedemos.net\/wp-content\/uploads\/2021\/05\/main-banner-9el.jpg","url":"https:\/\/websitedemos.net\/astra-blocks\/main-banner-9e\/","tag":{"1952":"main-banner"},"category":831,"wireframe":[],"page-builder":"elementor","astra-sites-type":[],"filter":"light","required-plugins":[],"spectra-ver":[]},"id-37662":{"title":"Heading 4B","featured-image-url":"https:\/\/websitedemos.net\/wp-content\/uploads\/2020\/01\/heading-4b-2020-1.jpg","thumbnail-image-url":"https:\/\/websitedemos.net\/wp-content\/uploads\/2020\/01\/heading-4b-2020-1.jpg","url":"https:\/\/websitedemos.net\/astra-blocks\/heading-4b\/","tag":{"1093":"heading"},"category":1094,"wireframe":[],"page-builder":"elementor","astra-sites-type":[],"filter":"dark","required-plugins":[],"spectra-ver":[]},"id-52677":{"title":"Main Banner 8","featured-image-url":"https:\/\/websitedemos.net\/wp-content\/uploads\/2021\/05\/main-banner-8el.jpg","thumbnail-image-url":"https:\/\/websitedemos.net\/wp-content\/uploads\/2021\/05\/main-banner-8el.jpg","url":"https:\/\/websitedemos.net\/astra-blocks\/main-banner-8e\/","tag":{"1952":"main-banner"},"category":831,"wireframe":[],"page-builder":"elementor","astra-sites-type":[],"filter":"light","required-plugins":[],"spectra-ver":[]},"id-43103":{"title":"Hero 8B","featured-image-url":"https:\/\/websitedemos.net\/wp-content\/uploads\/2020\/01\/hero-8b.jpg","thumbnail-image-url":"https:\/\/websitedemos.net\/wp-content\/uploads\/2020\/01\/hero-8b.jpg","url":"https:\/\/websitedemos.net\/astra-blocks\/hero-8b\/","tag":{"817":"hero"},"category":831,"wireframe":[],"page-builder":"elementor","astra-sites-type":[],"filter":"dark","required-plugins":[],"spectra-ver":[]},"id-37661":{"title":"Heading 4W","featured-image-url":"https:\/\/websitedemos.net\/wp-content\/uploads\/2020\/01\/heading-4w.jpg","thumbnail-image-url":"https:\/\/websitedemos.net\/wp-content\/uploads\/2020\/01\/heading-4w.jpg","url":"https:\/\/websitedemos.net\/astra-blocks\/heading-4w\/","tag":{"1093":"heading"},"category":1094,"wireframe":[],"page-builder":"elementor","astra-sites-type":[],"filter":"light","required-plugins":[],"spectra-ver":[]},"id-37670":{"title":"Heading 5B","featured-image-url":"https:\/\/websitedemos.net\/wp-content\/uploads\/2020\/01\/heading-5b-2020.jpg","thumbnail-image-url":"https:\/\/websitedemos.net\/wp-content\/uploads\/2020\/01\/heading-5b-2020.jpg","url":"https:\/\/websitedemos.net\/astra-blocks\/heading-5b\/","tag":{"1093":"heading"},"category":1094,"wireframe":[],"page-builder":"elementor","astra-sites-type":[],"filter":"dark","required-plugins":[],"spectra-ver":[]},"id-52676":{"title":"Main Banner 7","featured-image-url":"https:\/\/websitedemos.net\/wp-content\/uploads\/2021\/05\/main-banner-7el.jpg","thumbnail-image-url":"https:\/\/websitedemos.net\/wp-content\/uploads\/2021\/05\/main-banner-7el.jpg","url":"https:\/\/websitedemos.net\/astra-blocks\/main-banner-7e\/","tag":{"1952":"main-banner"},"category":831,"wireframe":[],"page-builder":"elementor","astra-sites-type":[],"filter":"light","required-plugins":[],"spectra-ver":[]},"id-37669":{"title":"Heading 5W","featured-image-url":"https:\/\/websitedemos.net\/wp-content\/uploads\/2020\/01\/heading-5w-2020.jpg","thumbnail-image-url":"https:\/\/websitedemos.net\/wp-content\/uploads\/2020\/01\/heading-5w-2020.jpg","url":"https:\/\/websitedemos.net\/astra-blocks\/heading-5w\/","tag":{"1093":"heading"},"category":1094,"wireframe":[],"page-builder":"elementor","astra-sites-type":[],"filter":"light","required-plugins":[],"spectra-ver":[]},"id-52675":{"title":"Main Banner 6","featured-image-url":"https:\/\/websitedemos.net\/wp-content\/uploads\/2021\/05\/main-banner-6-ele.jpg","thumbnail-image-url":"https:\/\/websitedemos.net\/wp-content\/uploads\/2021\/05\/main-banner-6-ele.jpg","url":"https:\/\/websitedemos.net\/astra-blocks\/main-banner-6e\/","tag":{"1952":"main-banner"},"category":831,"wireframe":[],"page-builder":"elementor","astra-sites-type":[],"filter":"light","required-plugins":[],"spectra-ver":[]},"id-43099":{"title":"Hero 8W","featured-image-url":"https:\/\/websitedemos.net\/wp-content\/uploads\/2020\/01\/hero-8w.jpg","thumbnail-image-url":"https:\/\/websitedemos.net\/wp-content\/uploads\/2020\/01\/hero-8w.jpg","url":"https:\/\/websitedemos.net\/astra-blocks\/hero-8w\/","tag":{"817":"hero"},"category":831,"wireframe":[],"page-builder":"elementor","astra-sites-type":[],"filter":"light","required-plugins":[],"spectra-ver":[]},"id-37679":{"title":"Heading 6B","featured-image-url":"https:\/\/websitedemos.net\/wp-content\/uploads\/2020\/01\/heading-6b-2020.jpg","thumbnail-image-url":"https:\/\/websitedemos.net\/wp-content\/uploads\/2020\/01\/heading-6b-2020.jpg","url":"https:\/\/websitedemos.net\/astra-blocks\/heading-6b\/","tag":{"1093":"heading"},"category":1094,"wireframe":[],"page-builder":"elementor","astra-sites-type":[],"filter":"dark","required-plugins":[],"spectra-ver":[]},"id-52674":{"title":"Main Banner 5","featured-image-url":"https:\/\/websitedemos.net\/wp-content\/uploads\/2021\/05\/main-banner-5ele.jpg","thumbnail-image-url":"https:\/\/websitedemos.net\/wp-content\/uploads\/2021\/05\/main-banner-5ele.jpg","url":"https:\/\/websitedemos.net\/astra-blocks\/main-banner-5e\/","tag":{"1952":"main-banner"},"category":831,"wireframe":[],"page-builder":"elementor","astra-sites-type":[],"filter":"light","required-plugins":[],"spectra-ver":[]},"id-37678":{"title":"Heading 6W","featured-image-url":"https:\/\/websitedemos.net\/wp-content\/uploads\/2020\/01\/heading-6w-2020.jpg","thumbnail-image-url":"https:\/\/websitedemos.net\/wp-content\/uploads\/2020\/01\/heading-6w-2020.jpg","url":"https:\/\/websitedemos.net\/astra-blocks\/heading-6w\/","tag":{"1093":"heading"},"category":1094,"wireframe":[],"page-builder":"elementor","astra-sites-type":[],"filter":"light","required-plugins":[],"spectra-ver":[]},"id-52673":{"title":"Main Banner 4","featured-image-url":"https:\/\/websitedemos.net\/wp-content\/uploads\/2021\/05\/main-banner-4ele.jpg","thumbnail-image-url":"https:\/\/websitedemos.net\/wp-content\/uploads\/2021\/05\/main-banner-4ele.jpg","url":"https:\/\/websitedemos.net\/astra-blocks\/main-banner-4e\/","tag":{"1952":"main-banner"},"category":831,"wireframe":[],"page-builder":"elementor","astra-sites-type":[],"filter":"light","required-plugins":[],"spectra-ver":[]},"id-42869":{"title":"Heading 7B","featured-image-url":"https:\/\/websitedemos.net\/wp-content\/uploads\/2020\/01\/heading-7b.jpg","thumbnail-image-url":"https:\/\/websitedemos.net\/wp-content\/uploads\/2020\/01\/heading-7b.jpg","url":"https:\/\/websitedemos.net\/astra-blocks\/heading-7b\/","tag":{"1093":"heading"},"category":1094,"wireframe":[],"page-builder":"elementor","astra-sites-type":[],"filter":"dark","required-plugins":[],"spectra-ver":[]},"id-52672":{"title":"Main Banner 3","featured-image-url":"https:\/\/websitedemos.net\/wp-content\/uploads\/2021\/05\/main-banner-3el.jpg","thumbnail-image-url":"https:\/\/websitedemos.net\/wp-content\/uploads\/2021\/05\/main-banner-3el.jpg","url":"https:\/\/websitedemos.net\/astra-blocks\/main-banner-3e\/","tag":{"1952":"main-banner"},"category":831,"wireframe":[],"page-builder":"elementor","astra-sites-type":[],"filter":"light","required-plugins":[],"spectra-ver":[]},"id-42862":{"title":"Heading 7W","featured-image-url":"https:\/\/websitedemos.net\/wp-content\/uploads\/2020\/01\/heading-7w.jpg","thumbnail-image-url":"https:\/\/websitedemos.net\/wp-content\/uploads\/2020\/01\/heading-7w.jpg","url":"https:\/\/websitedemos.net\/astra-blocks\/heading-7w\/","tag":{"1093":"heading"},"category":1094,"wireframe":[],"page-builder":"elementor","astra-sites-type":[],"filter":"light","required-plugins":[],"spectra-ver":[]},"id-52671":{"title":"Main Banner 2","featured-image-url":"https:\/\/websitedemos.net\/wp-content\/uploads\/2021\/05\/main-banner-2-ele.jpg","thumbnail-image-url":"https:\/\/websitedemos.net\/wp-content\/uploads\/2021\/05\/main-banner-2-ele.jpg","url":"https:\/\/websitedemos.net\/astra-blocks\/main-banner-2e\/","tag":{"1952":"main-banner"},"category":831,"wireframe":[],"page-builder":"elementor","astra-sites-type":[],"filter":"light","required-plugins":[],"spectra-ver":[]},"id-42885":{"title":"Heading 8B","featured-image-url":"https:\/\/websitedemos.net\/wp-content\/uploads\/2020\/01\/heading-8b.jpg","thumbnail-image-url":"https:\/\/websitedemos.net\/wp-content\/uploads\/2020\/01\/heading-8b.jpg","url":"https:\/\/websitedemos.net\/astra-blocks\/heading-8b\/","tag":{"1093":"heading"},"category":1094,"wireframe":[],"page-builder":"elementor","astra-sites-type":[],"filter":"dark","required-plugins":[],"spectra-ver":[]},"id-52670":{"title":"Main Banner 1","featured-image-url":"https:\/\/websitedemos.net\/wp-content\/uploads\/2021\/05\/main-banner-1-ele.jpg","thumbnail-image-url":"https:\/\/websitedemos.net\/wp-content\/uploads\/2021\/05\/main-banner-1-ele.jpg","url":"https:\/\/websitedemos.net\/astra-blocks\/main-banner-1e\/","tag":{"1952":"main-banner"},"category":831,"wireframe":[],"page-builder":"elementor","astra-sites-type":[],"filter":"light","required-plugins":[],"spectra-ver":[]},"id-42884":{"title":"Heading 8W","featured-image-url":"https:\/\/websitedemos.net\/wp-content\/uploads\/2020\/01\/heading-8w.jpg","thumbnail-image-url":"https:\/\/websitedemos.net\/wp-content\/uploads\/2020\/01\/heading-8w.jpg","url":"https:\/\/websitedemos.net\/astra-blocks\/heading-8w\/","tag":{"1093":"heading"},"category":1094,"wireframe":[],"page-builder":"elementor","astra-sites-type":[],"filter":"light","required-plugins":[],"spectra-ver":[]},"id-52656":{"title":"Location And Hours 6","featured-image-url":"https:\/\/websitedemos.net\/wp-content\/uploads\/2021\/05\/location-and-hours-6e.jpg","thumbnail-image-url":"https:\/\/websitedemos.net\/wp-content\/uploads\/2021\/05\/location-and-hours-6e.jpg","url":"https:\/\/websitedemos.net\/astra-blocks\/location-and-hours-6e\/","tag":{"823":"contact","1957":"location-and-hours"},"category":1950,"wireframe":[],"page-builder":"elementor","astra-sites-type":[],"filter":"","required-plugins":[],"spectra-ver":[]},"id-45123":{"title":"Heading 9B","featured-image-url":"https:\/\/websitedemos.net\/wp-content\/uploads\/2020\/03\/heading-9b.jpg","thumbnail-image-url":"https:\/\/websitedemos.net\/wp-content\/uploads\/2020\/03\/heading-9b.jpg","url":"https:\/\/websitedemos.net\/astra-blocks\/heading-9b\/","tag":{"1093":"heading"},"category":1094,"wireframe":[],"page-builder":"elementor","astra-sites-type":[],"filter":"dark","required-plugins":[],"spectra-ver":[]},"id-52655":{"title":"Location And Hours 5","featured-image-url":"https:\/\/websitedemos.net\/wp-content\/uploads\/2021\/05\/location-and-hours-5e.jpg","thumbnail-image-url":"https:\/\/websitedemos.net\/wp-content\/uploads\/2021\/05\/location-and-hours-5e.jpg","url":"https:\/\/websitedemos.net\/astra-blocks\/location-and-hours-5e\/","tag":{"823":"contact","1957":"location-and-hours"},"category":1950,"wireframe":[],"page-builder":"elementor","astra-sites-type":[],"filter":"","required-plugins":[],"spectra-ver":[]},"id-45107":{"title":"Heading 9W","featured-image-url":"https:\/\/websitedemos.net\/wp-content\/uploads\/2020\/03\/heading-9w.jpg","thumbnail-image-url":"https:\/\/websitedemos.net\/wp-content\/uploads\/2020\/03\/heading-9w.jpg","url":"https:\/\/websitedemos.net\/astra-blocks\/heading-9w\/","tag":{"1093":"heading"},"category":1094,"wireframe":[],"page-builder":"elementor","astra-sites-type":[],"filter":"light","required-plugins":[],"spectra-ver":[]},"id-52654":{"title":"Location And Hours 4","featured-image-url":"https:\/\/websitedemos.net\/wp-content\/uploads\/2021\/05\/location-and-hours-4e.jpg","thumbnail-image-url":"https:\/\/websitedemos.net\/wp-content\/uploads\/2021\/05\/location-and-hours-4e.jpg","url":"https:\/\/websitedemos.net\/astra-blocks\/location-and-hours-4e\/","tag":{"823":"contact","1957":"location-and-hours"},"category":1950,"wireframe":[],"page-builder":"elementor","astra-sites-type":[],"filter":"","required-plugins":[],"spectra-ver":[]},"id-45145":{"title":"Heading 10B","featured-image-url":"https:\/\/websitedemos.net\/wp-content\/uploads\/2020\/03\/heading-10b.jpg","thumbnail-image-url":"https:\/\/websitedemos.net\/wp-content\/uploads\/2020\/03\/heading-10b.jpg","url":"https:\/\/websitedemos.net\/astra-blocks\/heading-10b\/","tag":{"1093":"heading"},"category":1094,"wireframe":[],"page-builder":"elementor","astra-sites-type":[],"filter":"dark","required-plugins":[],"spectra-ver":[]},"id-52653":{"title":"Location And Hours 3","featured-image-url":"https:\/\/websitedemos.net\/wp-content\/uploads\/2021\/05\/location-and-hours-3e.jpg","thumbnail-image-url":"https:\/\/websitedemos.net\/wp-content\/uploads\/2021\/05\/location-and-hours-3e.jpg","url":"https:\/\/websitedemos.net\/astra-blocks\/location-and-hours-3e\/","tag":{"823":"contact","1957":"location-and-hours"},"category":1950,"wireframe":[],"page-builder":"elementor","astra-sites-type":[],"filter":"","required-plugins":[],"spectra-ver":[]},"id-45115":{"title":"Heading 10W","featured-image-url":"https:\/\/websitedemos.net\/wp-content\/uploads\/2020\/03\/heading-10w.jpg","thumbnail-image-url":"https:\/\/websitedemos.net\/wp-content\/uploads\/2020\/03\/heading-10w.jpg","url":"https:\/\/websitedemos.net\/astra-blocks\/heading-10w\/","tag":{"1093":"heading"},"category":1094,"wireframe":[],"page-builder":"elementor","astra-sites-type":[],"filter":"light","required-plugins":[],"spectra-ver":[]},"id-52652":{"title":"Location And Hours 2","featured-image-url":"https:\/\/websitedemos.net\/wp-content\/uploads\/2021\/05\/location-and-hours-2e.jpg","thumbnail-image-url":"https:\/\/websitedemos.net\/wp-content\/uploads\/2021\/05\/location-and-hours-2e.jpg","url":"https:\/\/websitedemos.net\/astra-blocks\/location-and-hours-2e\/","tag":{"823":"contact","1957":"location-and-hours"},"category":1950,"wireframe":[],"page-builder":"elementor","astra-sites-type":[],"filter":"","required-plugins":[],"spectra-ver":[]},"id-45047":{"title":"Single Quote 5B","featured-image-url":"https:\/\/websitedemos.net\/wp-content\/uploads\/2020\/03\/single-quote-5b.jpg","thumbnail-image-url":"https:\/\/websitedemos.net\/wp-content\/uploads\/2020\/03\/single-quote-5b.jpg","url":"https:\/\/websitedemos.net\/astra-blocks\/single-quote-5b\/","tag":{"1423":"single-quote"},"category":1424,"wireframe":[],"page-builder":"elementor","astra-sites-type":[],"filter":"dark","required-plugins":[],"spectra-ver":[]},"id-52651":{"title":"Location And Hours 1","featured-image-url":"https:\/\/websitedemos.net\/wp-content\/uploads\/2021\/05\/location-and-hours-1e.jpg","thumbnail-image-url":"https:\/\/websitedemos.net\/wp-content\/uploads\/2021\/05\/location-and-hours-1e.jpg","url":"https:\/\/websitedemos.net\/astra-blocks\/location-and-hours-1e\/","tag":{"823":"contact","1957":"location-and-hours"},"category":1950,"wireframe":[],"page-builder":"elementor","astra-sites-type":[],"filter":"","required-plugins":[],"spectra-ver":[]},"id-45041":{"title":"Single Quote 5W","featured-image-url":"https:\/\/websitedemos.net\/wp-content\/uploads\/2020\/03\/single-quote-5w.jpg","thumbnail-image-url":"https:\/\/websitedemos.net\/wp-content\/uploads\/2020\/03\/single-quote-5w.jpg","url":"https:\/\/websitedemos.net\/astra-blocks\/single-quote-5w\/","tag":{"1423":"single-quote"},"category":1424,"wireframe":[],"page-builder":"elementor","astra-sites-type":[],"filter":"light","required-plugins":[],"spectra-ver":[]},"id-52586":{"title":"Services 4","featured-image-url":"https:\/\/websitedemos.net\/wp-content\/uploads\/2021\/05\/services-4-ele.jpg","thumbnail-image-url":"https:\/\/websitedemos.net\/wp-content\/uploads\/2021\/05\/services-4-ele.jpg","url":"https:\/\/websitedemos.net\/astra-blocks\/services-4e\/","tag":{"953":"services"},"category":952,"wireframe":[],"page-builder":"elementor","astra-sites-type":[],"filter":"light","required-plugins":[],"spectra-ver":[]},"id-45056":{"title":"Single Quote 6B","featured-image-url":"https:\/\/websitedemos.net\/wp-content\/uploads\/2020\/03\/single-quote-6b.jpg","thumbnail-image-url":"https:\/\/websitedemos.net\/wp-content\/uploads\/2020\/03\/single-quote-6b.jpg","url":"https:\/\/websitedemos.net\/astra-blocks\/single-quote-6b\/","tag":{"1423":"single-quote"},"category":1424,"wireframe":[],"page-builder":"elementor","astra-sites-type":[],"filter":"dark","required-plugins":[],"spectra-ver":[]},"id-52589":{"title":"Services 5","featured-image-url":"https:\/\/websitedemos.net\/wp-content\/uploads\/2021\/05\/services-5-ele.jpg","thumbnail-image-url":"https:\/\/websitedemos.net\/wp-content\/uploads\/2021\/05\/services-5-ele.jpg","url":"https:\/\/websitedemos.net\/astra-blocks\/services-5e\/","tag":{"953":"services"},"category":952,"wireframe":[],"page-builder":"elementor","astra-sites-type":[],"filter":"light","required-plugins":[],"spectra-ver":[]},"id-45053":{"title":"Single Quote 6W","featured-image-url":"https:\/\/websitedemos.net\/wp-content\/uploads\/2020\/03\/single-quote-6w.jpg","thumbnail-image-url":"https:\/\/websitedemos.net\/wp-content\/uploads\/2020\/03\/single-quote-6w.jpg","url":"https:\/\/websitedemos.net\/astra-blocks\/single-quote-6w\/","tag":{"1423":"single-quote"},"category":1424,"wireframe":[],"page-builder":"elementor","astra-sites-type":[],"filter":"light","required-plugins":[],"spectra-ver":[]},"id-52595":{"title":"About 8","featured-image-url":"https:\/\/websitedemos.net\/wp-content\/uploads\/2021\/05\/about-8e.jpg","thumbnail-image-url":"https:\/\/websitedemos.net\/wp-content\/uploads\/2021\/05\/about-8e.jpg","url":"https:\/\/websitedemos.net\/astra-blocks\/about-8e\/","tag":{"818":"about"},"category":825,"wireframe":[],"page-builder":"elementor","astra-sites-type":[],"filter":"light","required-plugins":[],"spectra-ver":[]},"id-45064":{"title":"Single Quote 7B","featured-image-url":"https:\/\/websitedemos.net\/wp-content\/uploads\/2020\/03\/single-quote-7b.jpg","thumbnail-image-url":"https:\/\/websitedemos.net\/wp-content\/uploads\/2020\/03\/single-quote-7b.jpg","url":"https:\/\/websitedemos.net\/astra-blocks\/single-quote-7b\/","tag":{"1423":"single-quote"},"category":1424,"wireframe":[],"page-builder":"elementor","astra-sites-type":[],"filter":"dark","required-plugins":[],"spectra-ver":[]},"id-52585":{"title":"Services 3","featured-image-url":"https:\/\/websitedemos.net\/wp-content\/uploads\/2021\/05\/services-3-ele.jpg","thumbnail-image-url":"https:\/\/websitedemos.net\/wp-content\/uploads\/2021\/05\/services-3-ele.jpg","url":"https:\/\/websitedemos.net\/astra-blocks\/services-3e\/","tag":{"953":"services"},"category":952,"wireframe":[],"page-builder":"elementor","astra-sites-type":[],"filter":"light","required-plugins":[],"spectra-ver":[]},"id-45100":{"title":"Single Quote 10B","featured-image-url":"https:\/\/websitedemos.net\/wp-content\/uploads\/2020\/03\/single-quote-10b.jpg","thumbnail-image-url":"https:\/\/websitedemos.net\/wp-content\/uploads\/2020\/03\/single-quote-10b.jpg","url":"https:\/\/websitedemos.net\/astra-blocks\/single-quote-10b\/","tag":{"1423":"single-quote"},"category":1424,"wireframe":[],"page-builder":"elementor","astra-sites-type":[],"filter":"dark","required-plugins":[],"spectra-ver":[]},"id-37057":{"title":"About 5B","featured-image-url":"https:\/\/websitedemos.net\/wp-content\/uploads\/2020\/01\/about-5b-1.jpg","thumbnail-image-url":"https:\/\/websitedemos.net\/wp-content\/uploads\/2020\/01\/about-5b-1.jpg","url":"https:\/\/websitedemos.net\/astra-blocks\/about-5b\/","tag":{"818":"about"},"category":825,"wireframe":[],"page-builder":"elementor","astra-sites-type":[],"filter":"dark","required-plugins":[],"spectra-ver":[]},"id-53972":{"title":"Features 1","featured-image-url":"https:\/\/websitedemos.net\/wp-content\/uploads\/2021\/05\/feature-1-ele.jpg","thumbnail-image-url":"https:\/\/websitedemos.net\/wp-content\/uploads\/2021\/05\/feature-1-ele.jpg","url":"https:\/\/websitedemos.net\/astra-blocks\/features-1e\/","tag":{"920":"features"},"category":919,"wireframe":[],"page-builder":"elementor","astra-sites-type":[],"filter":"light","required-plugins":[],"spectra-ver":[]},"id-52594":{"title":"About 7","featured-image-url":"https:\/\/websitedemos.net\/wp-content\/uploads\/2021\/05\/about-7e.jpg","thumbnail-image-url":"https:\/\/websitedemos.net\/wp-content\/uploads\/2021\/05\/about-7e.jpg","url":"https:\/\/websitedemos.net\/astra-blocks\/about-7e\/","tag":{"818":"about"},"category":825,"wireframe":[],"page-builder":"elementor","astra-sites-type":[],"filter":"light","required-plugins":[],"spectra-ver":[]},"id-45090":{"title":"Single Quote 9B","featured-image-url":"https:\/\/websitedemos.net\/wp-content\/uploads\/2020\/03\/single-quote-9b.jpg","thumbnail-image-url":"https:\/\/websitedemos.net\/wp-content\/uploads\/2020\/03\/single-quote-9b.jpg","url":"https:\/\/websitedemos.net\/astra-blocks\/single-quote-9b\/","tag":{"1423":"single-quote"},"category":1424,"wireframe":[],"page-builder":"elementor","astra-sites-type":[],"filter":"dark","required-plugins":[],"spectra-ver":[]},"id-52584":{"title":"Services 2","featured-image-url":"https:\/\/websitedemos.net\/wp-content\/uploads\/2021\/05\/services-2e.jpg","thumbnail-image-url":"https:\/\/websitedemos.net\/wp-content\/uploads\/2021\/05\/services-2e.jpg","url":"https:\/\/websitedemos.net\/astra-blocks\/services-2e\/","tag":{"953":"services"},"category":952,"wireframe":[],"page-builder":"elementor","astra-sites-type":[],"filter":"light","required-plugins":[],"spectra-ver":[]},"id-45094":{"title":"Single Quote 10W","featured-image-url":"https:\/\/websitedemos.net\/wp-content\/uploads\/2020\/03\/single-quote-10w.jpg","thumbnail-image-url":"https:\/\/websitedemos.net\/wp-content\/uploads\/2020\/03\/single-quote-10w.jpg","url":"https:\/\/websitedemos.net\/astra-blocks\/single-quote-10w\/","tag":{"1423":"single-quote"},"category":1424,"wireframe":[],"page-builder":"elementor","astra-sites-type":[],"filter":"light","required-plugins":[],"spectra-ver":[]},"id-45079":{"title":"Single Quote 9W","featured-image-url":"https:\/\/websitedemos.net\/wp-content\/uploads\/2020\/03\/single-quote-9w.jpg","thumbnail-image-url":"https:\/\/websitedemos.net\/wp-content\/uploads\/2020\/03\/single-quote-9w.jpg","url":"https:\/\/websitedemos.net\/astra-blocks\/single-quote-9w\/","tag":{"1423":"single-quote"},"category":1424,"wireframe":[],"page-builder":"elementor","astra-sites-type":[],"filter":"light","required-plugins":[],"spectra-ver":[]},"id-45059":{"title":"Single Quote 7W","featured-image-url":"https:\/\/websitedemos.net\/wp-content\/uploads\/2020\/03\/single-quote-7w.jpg","thumbnail-image-url":"https:\/\/websitedemos.net\/wp-content\/uploads\/2020\/03\/single-quote-7w.jpg","url":"https:\/\/websitedemos.net\/astra-blocks\/single-quote-7w\/","tag":{"1423":"single-quote"},"category":1424,"wireframe":[],"page-builder":"elementor","astra-sites-type":[],"filter":"light","required-plugins":[],"spectra-ver":[]},"id-44465":{"title":"Portfolio 3B","featured-image-url":"https:\/\/websitedemos.net\/wp-content\/uploads\/2020\/02\/portfolio-3b.jpg","thumbnail-image-url":"https:\/\/websitedemos.net\/wp-content\/uploads\/2020\/02\/portfolio-3b.jpg","url":"https:\/\/websitedemos.net\/astra-blocks\/portfolio-3b\/","tag":{"1426":"portfolio"},"category":1425,"wireframe":[],"page-builder":"elementor","astra-sites-type":[],"filter":"dark","required-plugins":[],"spectra-ver":[]},"id-44385":{"title":"Portfolio 3W","featured-image-url":"https:\/\/websitedemos.net\/wp-content\/uploads\/2020\/02\/portfolio-3w.jpg","thumbnail-image-url":"https:\/\/websitedemos.net\/wp-content\/uploads\/2020\/02\/portfolio-3w.jpg","url":"https:\/\/websitedemos.net\/astra-blocks\/portfolio-3w\/","tag":{"1426":"portfolio"},"category":1425,"wireframe":[],"page-builder":"elementor","astra-sites-type":[],"filter":"light","required-plugins":[],"spectra-ver":[]},"id-44483":{"title":"Portfolio 4B","featured-image-url":"https:\/\/websitedemos.net\/wp-content\/uploads\/2020\/02\/portfolio-4b.jpg","thumbnail-image-url":"https:\/\/websitedemos.net\/wp-content\/uploads\/2020\/02\/portfolio-4b.jpg","url":"https:\/\/websitedemos.net\/astra-blocks\/portfolio-4b\/","tag":{"1426":"portfolio"},"category":1425,"wireframe":[],"page-builder":"elementor","astra-sites-type":[],"filter":"dark","required-plugins":[],"spectra-ver":[]},"id-44433":{"title":"Portfolio 4W","featured-image-url":"https:\/\/websitedemos.net\/wp-content\/uploads\/2020\/02\/portfolio-4w.jpg","thumbnail-image-url":"https:\/\/websitedemos.net\/wp-content\/uploads\/2020\/02\/portfolio-4w.jpg","url":"https:\/\/websitedemos.net\/astra-blocks\/portfolio-4w\/","tag":{"1426":"portfolio"},"category":1425,"wireframe":[],"page-builder":"elementor","astra-sites-type":[],"filter":"light","required-plugins":[],"spectra-ver":[]},"id-44964":{"title":"Portfolio 5B","featured-image-url":"https:\/\/websitedemos.net\/wp-content\/uploads\/2020\/02\/portfolio-5b.jpg","thumbnail-image-url":"https:\/\/websitedemos.net\/wp-content\/uploads\/2020\/02\/portfolio-5b.jpg","url":"https:\/\/websitedemos.net\/astra-blocks\/portfolio-5b\/","tag":{"1426":"portfolio"},"category":1425,"wireframe":[],"page-builder":"elementor","astra-sites-type":[],"filter":"dark","required-plugins":[],"spectra-ver":[]},"id-44524":{"title":"Portfolio 5W","featured-image-url":"https:\/\/websitedemos.net\/wp-content\/uploads\/2020\/02\/portfolio-5w.jpg","thumbnail-image-url":"https:\/\/websitedemos.net\/wp-content\/uploads\/2020\/02\/portfolio-5w.jpg","url":"https:\/\/websitedemos.net\/astra-blocks\/portfolio-5w\/","tag":{"1426":"portfolio"},"category":1425,"wireframe":[],"page-builder":"elementor","astra-sites-type":[],"filter":"light","required-plugins":[],"spectra-ver":[]},"id-44709":{"title":"Portfolio 7W","featured-image-url":"https:\/\/websitedemos.net\/wp-content\/uploads\/2020\/02\/portfolio-7w.jpg","thumbnail-image-url":"https:\/\/websitedemos.net\/wp-content\/uploads\/2020\/02\/portfolio-7w.jpg","url":"https:\/\/websitedemos.net\/astra-blocks\/portfolio-7w\/","tag":{"1426":"portfolio"},"category":1425,"wireframe":[],"page-builder":"elementor","astra-sites-type":[],"filter":"light","required-plugins":[],"spectra-ver":[]},"id-44980":{"title":"Portfolio 8B","featured-image-url":"https:\/\/websitedemos.net\/wp-content\/uploads\/2020\/02\/portfolio-8b.jpg","thumbnail-image-url":"https:\/\/websitedemos.net\/wp-content\/uploads\/2020\/02\/portfolio-8b.jpg","url":"https:\/\/websitedemos.net\/astra-blocks\/portfolio-8b\/","tag":{"1426":"portfolio"},"category":1425,"wireframe":[],"page-builder":"elementor","astra-sites-type":[],"filter":"dark","required-plugins":[],"spectra-ver":[]},"id-44925":{"title":"Portfolio 8W","featured-image-url":"https:\/\/websitedemos.net\/wp-content\/uploads\/2020\/02\/portfolio-8w.jpg","thumbnail-image-url":"https:\/\/websitedemos.net\/wp-content\/uploads\/2020\/02\/portfolio-8w.jpg","url":"https:\/\/websitedemos.net\/astra-blocks\/portfolio-8w\/","tag":{"1426":"portfolio"},"category":1425,"wireframe":[],"page-builder":"elementor","astra-sites-type":[],"filter":"light","required-plugins":[],"spectra-ver":[]},"id-44984":{"title":"Portfolio 9B","featured-image-url":"https:\/\/websitedemos.net\/wp-content\/uploads\/2020\/02\/portfolio-9b.jpg","thumbnail-image-url":"https:\/\/websitedemos.net\/wp-content\/uploads\/2020\/02\/portfolio-9b.jpg","url":"https:\/\/websitedemos.net\/astra-blocks\/portfolio-9b\/","tag":{"1426":"portfolio"},"category":1425,"wireframe":[],"page-builder":"elementor","astra-sites-type":[],"filter":"dark","required-plugins":[],"spectra-ver":[]},"id-44929":{"title":"Portfolio 9W","featured-image-url":"https:\/\/websitedemos.net\/wp-content\/uploads\/2020\/02\/portfolio-9w.jpg","thumbnail-image-url":"https:\/\/websitedemos.net\/wp-content\/uploads\/2020\/02\/portfolio-9w.jpg","url":"https:\/\/websitedemos.net\/astra-blocks\/portfolio-9w\/","tag":{"1426":"portfolio"},"category":1425,"wireframe":[],"page-builder":"elementor","astra-sites-type":[],"filter":"light","required-plugins":[],"spectra-ver":[]},"id-44999":{"title":"Portfolio 10B","featured-image-url":"https:\/\/websitedemos.net\/wp-content\/uploads\/2020\/02\/portfolio-10b.jpg","thumbnail-image-url":"https:\/\/websitedemos.net\/wp-content\/uploads\/2020\/02\/portfolio-10b.jpg","url":"https:\/\/websitedemos.net\/astra-blocks\/portfolio-10b\/","tag":{"1426":"portfolio"},"category":1425,"wireframe":[],"page-builder":"elementor","astra-sites-type":[],"filter":"dark","required-plugins":[],"spectra-ver":[]},"id-44955":{"title":"Portfolio 10W","featured-image-url":"https:\/\/websitedemos.net\/wp-content\/uploads\/2020\/02\/portfolio-10w.jpg","thumbnail-image-url":"https:\/\/websitedemos.net\/wp-content\/uploads\/2020\/02\/portfolio-10w.jpg","url":"https:\/\/websitedemos.net\/astra-blocks\/portfolio-10w\/","tag":{"1426":"portfolio"},"category":1425,"wireframe":[],"page-builder":"elementor","astra-sites-type":[],"filter":"light","required-plugins":[],"spectra-ver":[]},"id-36936":{"title":"Hero 1B","featured-image-url":"https:\/\/websitedemos.net\/wp-content\/uploads\/2020\/01\/hero-1b-1.jpg","thumbnail-image-url":"https:\/\/websitedemos.net\/wp-content\/uploads\/2020\/01\/hero-1b-1.jpg","url":"https:\/\/websitedemos.net\/astra-blocks\/hero-1b\/","tag":{"817":"hero"},"category":831,"wireframe":[],"page-builder":"elementor","astra-sites-type":[],"filter":"dark","required-plugins":[],"spectra-ver":[]},"id-29230":{"title":"Hero 1W","featured-image-url":"https:\/\/websitedemos.net\/wp-content\/uploads\/2019\/08\/hero-1w.jpg","thumbnail-image-url":"https:\/\/websitedemos.net\/wp-content\/uploads\/2019\/08\/hero-1w.jpg","url":"https:\/\/websitedemos.net\/astra-blocks\/hero-1w\/","tag":{"817":"hero"},"category":831,"wireframe":[],"page-builder":"elementor","astra-sites-type":[],"filter":"light","required-plugins":[],"spectra-ver":[]},"id-36953":{"title":"Hero 2B","featured-image-url":"https:\/\/websitedemos.net\/wp-content\/uploads\/2020\/01\/hero-2b.jpg","thumbnail-image-url":"https:\/\/websitedemos.net\/wp-content\/uploads\/2020\/01\/hero-2b.jpg","url":"https:\/\/websitedemos.net\/astra-blocks\/hero-2b\/","tag":{"817":"hero"},"category":831,"wireframe":[],"page-builder":"elementor","astra-sites-type":[],"filter":"dark","required-plugins":[],"spectra-ver":[]},"id-36939":{"title":"Hero 2W","featured-image-url":"https:\/\/websitedemos.net\/wp-content\/uploads\/2020\/01\/hero-2w.jpg","thumbnail-image-url":"https:\/\/websitedemos.net\/wp-content\/uploads\/2020\/01\/hero-2w.jpg","url":"https:\/\/websitedemos.net\/astra-blocks\/hero-2w\/","tag":{"817":"hero"},"category":831,"wireframe":[],"page-builder":"elementor","astra-sites-type":[],"filter":"light","required-plugins":[],"spectra-ver":[]},"id-36958":{"title":"Hero 3B","featured-image-url":"https:\/\/websitedemos.net\/wp-content\/uploads\/2020\/01\/hero-3b.jpg","thumbnail-image-url":"https:\/\/websitedemos.net\/wp-content\/uploads\/2020\/01\/hero-3b.jpg","url":"https:\/\/websitedemos.net\/astra-blocks\/hero-3b\/","tag":{"817":"hero"},"category":831,"wireframe":[],"page-builder":"elementor","astra-sites-type":[],"filter":"dark","required-plugins":[],"spectra-ver":[]},"id-36942":{"title":"Hero 3W","featured-image-url":"https:\/\/websitedemos.net\/wp-content\/uploads\/2020\/01\/hero-3w.jpg","thumbnail-image-url":"https:\/\/websitedemos.net\/wp-content\/uploads\/2020\/01\/hero-3w.jpg","url":"https:\/\/websitedemos.net\/astra-blocks\/hero-3w\/","tag":{"817":"hero"},"category":831,"wireframe":[],"page-builder":"elementor","astra-sites-type":[],"filter":"light","required-plugins":[],"spectra-ver":[]},"id-36964":{"title":"Hero 4B","featured-image-url":"https:\/\/websitedemos.net\/wp-content\/uploads\/2020\/01\/hero-4b.jpg","thumbnail-image-url":"https:\/\/websitedemos.net\/wp-content\/uploads\/2020\/01\/hero-4b.jpg","url":"https:\/\/websitedemos.net\/astra-blocks\/hero-4b\/","tag":{"817":"hero"},"category":831,"wireframe":[],"page-builder":"elementor","astra-sites-type":[],"filter":"dark","required-plugins":[],"spectra-ver":[]},"id-36961":{"title":"Hero 4W","featured-image-url":"https:\/\/websitedemos.net\/wp-content\/uploads\/2020\/01\/hero-4w.jpg","thumbnail-image-url":"https:\/\/websitedemos.net\/wp-content\/uploads\/2020\/01\/hero-4w.jpg","url":"https:\/\/websitedemos.net\/astra-blocks\/hero-4w\/","tag":{"817":"hero"},"category":831,"wireframe":[],"page-builder":"elementor","astra-sites-type":[],"filter":"light","required-plugins":[],"spectra-ver":[]},"id-44908":{"title":"Hero 5B","featured-image-url":"https:\/\/websitedemos.net\/wp-content\/uploads\/2020\/02\/hero-5b.jpg","thumbnail-image-url":"https:\/\/websitedemos.net\/wp-content\/uploads\/2020\/02\/hero-5b.jpg","url":"https:\/\/websitedemos.net\/astra-blocks\/hero-5b\/","tag":{"817":"hero"},"category":831,"wireframe":[],"page-builder":"elementor","astra-sites-type":[],"filter":"dark","required-plugins":[],"spectra-ver":[]},"id-44687":{"title":"Hero 5W","featured-image-url":"https:\/\/websitedemos.net\/wp-content\/uploads\/2020\/02\/hero-5w.jpg","thumbnail-image-url":"https:\/\/websitedemos.net\/wp-content\/uploads\/2020\/02\/hero-5w.jpg","url":"https:\/\/websitedemos.net\/astra-blocks\/hero-5w\/","tag":{"817":"hero"},"category":831,"wireframe":[],"page-builder":"elementor","astra-sites-type":[],"filter":"light","required-plugins":[],"spectra-ver":[]},"id-43090":{"title":"Hero 6B","featured-image-url":"https:\/\/websitedemos.net\/wp-content\/uploads\/2020\/01\/hero-6b.jpg","thumbnail-image-url":"https:\/\/websitedemos.net\/wp-content\/uploads\/2020\/01\/hero-6b.jpg","url":"https:\/\/websitedemos.net\/astra-blocks\/hero-6b\/","tag":{"817":"hero"},"category":831,"wireframe":[],"page-builder":"elementor","astra-sites-type":[],"filter":"dark","required-plugins":[],"spectra-ver":[]},"id-38118":{"title":"Hero 6W","featured-image-url":"https:\/\/websitedemos.net\/wp-content\/uploads\/2020\/01\/hero-6w-1.jpg","thumbnail-image-url":"https:\/\/websitedemos.net\/wp-content\/uploads\/2020\/01\/hero-6w-1.jpg","url":"https:\/\/websitedemos.net\/astra-blocks\/hero-6w\/","tag":{"817":"hero"},"category":831,"wireframe":[],"page-builder":"elementor","astra-sites-type":[],"filter":"light","required-plugins":[],"spectra-ver":[]}}