{"id-19814":{"title":"Sierra Nature","id":19814,"publish-date":1543901405,"featured-image-url":"https:\/\/websitedemos.net\/wp-content\/uploads\/2019\/07\/sierra-nature-home-screenshot.png","thumbnail-image-url":"https:\/\/websitedemos.net\/wp-content\/uploads\/2019\/07\/sierra-nature-home-screenshot.png","fullpage-thumbnail-image-url":"https:\/\/websitedemos.net\/wp-content\/uploads\/2019\/07\/sierra-nature-home-screenshot.png","astra-site-url":"\/\/websitedemos.net\/sierra-nature-02","astra-site-parent-id":110,"astra-sites-tag":{"3416":"elementor","538":"forest","537":"national-park","535":"nature","534":"nature-park","539":"sanctuary","536":"wilderness"},"astra-sites-type":"free","astra-site-category":{"27":"business","39":"free"},"astra-sites-template-category":{"2777":"business","2860":"multipurpose","2830":"nature","2831":"service","2797":"simple-minimal"},"astra-site-page-builder":"elementor","categories":{"3427":"default","3428":"free","2500":"multipurpose"},"required-plugins":[{"slug":"elementor","init":"elementor\/elementor.php","name":"Elementor"},{"slug":"wpforms-lite","init":"wpforms-lite\/wpforms.php","name":"WPForms Lite"},{"slug":"header-footer-elementor","init":"header-footer-elementor\/header-footer-elementor.php","name":"Ultimate Addons for Elementor (UAE)"},{"slug":"sureforms","init":"sureforms\/sureforms.php","name":"SureForms"}],"post-status":"publish","post-content":"<!-- wp:paragraph -->\n<p>The Sierra Nature multipurpose template uses a high quality full screen image to make an impact. Combined with a strong header and contrast color and parallax effect, it sets the scene perfectly for the site that unfolds.<\/p>\n<!-- \/wp:paragraph -->\n\n<!-- wp:paragraph -->\n<p>The template alternates dark and light content areas with more parallax effects to create an atmosphere. Customizable content areas can help tell your story and outline products, services, good causes or anything you like. It\u2019s a very flexible multipurpose theme!<\/p>\n<!-- \/wp:paragraph -->\n\n<!-- wp:heading -->\n<h2>Key features of the Sierra Nature template<\/h2>\n<!-- \/wp:heading -->\n\n<!-- wp:list -->\n<ul><!-- wp:list-item -->\n<li>Powerful opening image with parallax effect<\/li>\n<!-- \/wp:list-item -->\n\n<!-- wp:list-item -->\n<li>Alternating dark and light areas within pages works well<\/li>\n<!-- \/wp:list-item -->\n\n<!-- wp:list-item -->\n<li>Modern fonts are engaging and easy to read<\/li>\n<!-- \/wp:list-item -->\n\n<!-- wp:list-item -->\n<li>Customizable content areas to tell your story<\/li>\n<!-- \/wp:list-item -->\n\n<!-- wp:list-item -->\n<li>Full compatibility with leading page builders<\/li>\n<!-- \/wp:list-item --><\/ul>\n<!-- \/wp:list -->","post-excerpt":"Impactful modern design with lots of modern touches for use in any business niche","pages":{"id-23008":{"title":"Home","featured-image-url":"https:\/\/websitedemos.net\/wp-content\/uploads\/2019\/07\/sierra-nature-home-screenshot.png","thumbnail-image-url":"https:\/\/websitedemos.net\/wp-content\/uploads\/2019\/07\/sierra-nature-home-screenshot.png","astra-page-api-url":"https:\/\/websitedemos.net\/sierra-nature-02\/wp-json\/wp\/v2\/pages\/6","dynamic-page":"no","astra-page-url":"\/\/websitedemos.net\/sierra-nature-02\/","astra-sites-tag":{"423":"home"},"site-pages-type":"free","site-pages-page-builder":"elementor","site-pages-category":[],"site-pages-parent-category":{"60":"business","61":"free"},"required-plugins":[{"slug":"elementor","init":"elementor\/elementor.php","name":"Elementor"},{"slug":"header-footer-elementor","init":"header-footer-elementor\/header-footer-elementor.php","name":"Ultimate Addons for Elementor (UAE)"}],"spectra-ver":[]},"id-23005":{"title":"About","featured-image-url":"https:\/\/websitedemos.net\/wp-content\/uploads\/2019\/07\/sierra-nature-about-screenshot.png","thumbnail-image-url":"https:\/\/websitedemos.net\/wp-content\/uploads\/2019\/07\/sierra-nature-about-screenshot.png","astra-page-api-url":"https:\/\/websitedemos.net\/sierra-nature-02\/wp-json\/wp\/v2\/pages\/7","dynamic-page":"no","astra-page-url":"\/\/websitedemos.net\/sierra-nature-02\/about\/","astra-sites-tag":{"352":"about"},"site-pages-type":"free","site-pages-page-builder":"elementor","site-pages-category":[],"site-pages-parent-category":{"60":"business","61":"free"},"required-plugins":[{"slug":"elementor","init":"elementor\/elementor.php","name":"Elementor"},{"slug":"header-footer-elementor","init":"header-footer-elementor\/header-footer-elementor.php","name":"Ultimate Addons for Elementor (UAE)"}],"spectra-ver":[]},"id-23010":{"title":"Services","featured-image-url":"https:\/\/websitedemos.net\/wp-content\/uploads\/2019\/07\/sierra-nature-services-screenshot.png","thumbnail-image-url":"https:\/\/websitedemos.net\/wp-content\/uploads\/2019\/07\/sierra-nature-services-screenshot.png","astra-page-api-url":"https:\/\/websitedemos.net\/sierra-nature-02\/wp-json\/wp\/v2\/pages\/8","dynamic-page":"no","astra-page-url":"\/\/websitedemos.net\/sierra-nature-02\/services\/","astra-sites-tag":{"425":"services"},"site-pages-type":"free","site-pages-page-builder":"elementor","site-pages-category":[],"site-pages-parent-category":{"60":"business","61":"free"},"required-plugins":[{"slug":"elementor","init":"elementor\/elementor.php","name":"Elementor"},{"slug":"header-footer-elementor","init":"header-footer-elementor\/header-footer-elementor.php","name":"Ultimate Addons for Elementor (UAE)"}],"spectra-ver":[]},"id-23009":{"title":"Projects","featured-image-url":"https:\/\/websitedemos.net\/wp-content\/uploads\/2019\/07\/sierra-nature-projects-screenshot.png","thumbnail-image-url":"https:\/\/websitedemos.net\/wp-content\/uploads\/2019\/07\/sierra-nature-projects-screenshot.png","astra-page-api-url":"https:\/\/websitedemos.net\/sierra-nature-02\/wp-json\/wp\/v2\/pages\/9","dynamic-page":"no","astra-page-url":"\/\/websitedemos.net\/sierra-nature-02\/projects\/","astra-sites-tag":{"424":"project"},"site-pages-type":"free","site-pages-page-builder":"elementor","site-pages-category":[],"site-pages-parent-category":{"60":"business","61":"free"},"required-plugins":[{"slug":"elementor","init":"elementor\/elementor.php","name":"Elementor"}],"spectra-ver":[]},"id-23007":{"title":"Contact","featured-image-url":"https:\/\/websitedemos.net\/wp-content\/uploads\/2019\/07\/sierra-nature-contact-screenshot.png","thumbnail-image-url":"https:\/\/websitedemos.net\/wp-content\/uploads\/2019\/07\/sierra-nature-contact-screenshot.png","astra-page-api-url":"https:\/\/websitedemos.net\/sierra-nature-02\/wp-json\/wp\/v2\/pages\/10","dynamic-page":"no","astra-page-url":"\/\/websitedemos.net\/sierra-nature-02\/contact\/","astra-sites-tag":{"415":"contact"},"site-pages-type":"free","site-pages-page-builder":"elementor","site-pages-category":[],"site-pages-parent-category":{"60":"business","61":"free"},"required-plugins":[{"slug":"elementor","init":"elementor\/elementor.php","name":"Elementor"},{"slug":"sureforms","init":"sureforms\/sureforms.php","name":"SureForms"},{"slug":"header-footer-elementor","init":"header-footer-elementor\/header-footer-elementor.php","name":"Ultimate Addons for Elementor (UAE)"}],"spectra-ver":[]}},"spectra-ver":[],"query_args":{"post_type":"astra-sites","post_status":["publish"],"fields":"ids","no_found_rows":true,"paged":33,"posts_per_page":15,"tax_query":{"relation":"AND","0":{"relation":"OR","0":{"taxonomy":"spectra-blocks-ver","field":"slug","terms":["v3"],"operator":"IN"},"1":{"taxonomy":"astra-site-page-builder","field":"slug","terms":"gutenberg","operator":"NOT IN"}},"1":{"taxonomy":"astra-sites-type","field":"slug","terms":["siteground"],"operator":"NOT IN"}}},"related-bb-template":19881,"related-elementor-template":19814,"related-gutenberg-template":48103,"related_ecommerce_template":"","ecommerce_parent_template":""},"id-19881":{"title":"Sierra Nature","id":19881,"publish-date":1544174934,"featured-image-url":"https:\/\/websitedemos.net\/wp-content\/uploads\/2020\/10\/sierra-nature-08-home.jpg","thumbnail-image-url":"https:\/\/websitedemos.net\/wp-content\/uploads\/2020\/10\/sierra-nature-08-home.jpg","fullpage-thumbnail-image-url":"https:\/\/websitedemos.net\/wp-content\/uploads\/2020\/10\/sierra-nature-08-home.jpg","astra-site-url":"\/\/websitedemos.net\/sierra-nature-01","astra-site-parent-id":111,"astra-sites-tag":{"538":"forest","537":"national-park","535":"nature","534":"nature-park","539":"sanctuary","536":"wilderness"},"astra-sites-type":"free","astra-site-category":{"27":"business","39":"free"},"astra-sites-template-category":[],"astra-site-page-builder":"beaver-builder","categories":{"2500":"multipurpose"},"required-plugins":[{"slug":"beaver-builder-lite-version","init":"beaver-builder-lite-version\/fl-builder.php","name":"Beaver Builder Plugin (Lite Version)"},{"slug":"ultimate-addons-for-beaver-builder-lite","init":"ultimate-addons-for-beaver-builder-lite\/bb-ultimate-addon.php","name":"Ultimate Addons for Beaver Builder - Lite"},{"slug":"wpforms-lite","init":"wpforms-lite\/wpforms.php","name":"WPForms Lite"}],"post-status":"publish","post-content":"","post-excerpt":"","pages":{"id-23024":{"title":"Home","featured-image-url":"https:\/\/websitedemos.net\/wp-content\/uploads\/2019\/07\/id-23024-sierra-nature-home-resize.jpg","thumbnail-image-url":"https:\/\/websitedemos.net\/wp-content\/uploads\/2019\/07\/id-23024-sierra-nature-home-resize.jpg","astra-page-api-url":"https:\/\/websitedemos.net\/sierra-nature-01\/wp-json\/wp\/v2\/pages\/6","dynamic-page":"no","astra-page-url":"\/\/websitedemos.net\/sierra-nature-01\/","astra-sites-tag":{"423":"home"},"site-pages-type":"free","site-pages-page-builder":"beaver-builder","site-pages-category":[],"site-pages-parent-category":{"60":"business","61":"free"},"required-plugins":[{"slug":"beaver-builder-lite-version","init":"beaver-builder-lite-version\/fl-builder.php","name":"Beaver Builder Plugin (Lite Version)"},{"slug":"ultimate-addons-for-beaver-builder-lite","init":"ultimate-addons-for-beaver-builder-lite\/bb-ultimate-addon.php","name":"Ultimate Addons for Beaver Builder - Lite"}],"spectra-ver":[]},"id-23021":{"title":"About","featured-image-url":"https:\/\/websitedemos.net\/wp-content\/uploads\/2019\/07\/sierra-nature-about-screenshot.png","thumbnail-image-url":"https:\/\/websitedemos.net\/wp-content\/uploads\/2019\/07\/sierra-nature-about-screenshot.png","astra-page-api-url":"https:\/\/websitedemos.net\/sierra-nature-01\/wp-json\/wp\/v2\/pages\/7","dynamic-page":"no","astra-page-url":"\/\/websitedemos.net\/sierra-nature-01\/about\/","astra-sites-tag":{"352":"about"},"site-pages-type":"free","site-pages-page-builder":"beaver-builder","site-pages-category":[],"site-pages-parent-category":{"60":"business","61":"free"},"required-plugins":[{"slug":"beaver-builder-lite-version","init":"beaver-builder-lite-version\/fl-builder.php","name":"Beaver Builder Plugin (Lite Version)"},{"slug":"ultimate-addons-for-beaver-builder-lite","init":"ultimate-addons-for-beaver-builder-lite\/bb-ultimate-addon.php","name":"Ultimate Addons for Beaver Builder - Lite"}],"spectra-ver":[]},"id-23026":{"title":"Services","featured-image-url":"https:\/\/websitedemos.net\/wp-content\/uploads\/2019\/07\/sierra-nature-services-screenshot.png","thumbnail-image-url":"https:\/\/websitedemos.net\/wp-content\/uploads\/2019\/07\/sierra-nature-services-screenshot.png","astra-page-api-url":"https:\/\/websitedemos.net\/sierra-nature-01\/wp-json\/wp\/v2\/pages\/8","dynamic-page":"no","astra-page-url":"\/\/websitedemos.net\/sierra-nature-01\/services\/","astra-sites-tag":{"425":"services"},"site-pages-type":"free","site-pages-page-builder":"beaver-builder","site-pages-category":[],"site-pages-parent-category":{"60":"business","61":"free"},"required-plugins":[{"slug":"beaver-builder-lite-version","init":"beaver-builder-lite-version\/fl-builder.php","name":"Beaver Builder Plugin (Lite Version)"},{"slug":"ultimate-addons-for-beaver-builder-lite","init":"ultimate-addons-for-beaver-builder-lite\/bb-ultimate-addon.php","name":"Ultimate Addons for Beaver Builder - Lite"}],"spectra-ver":[]},"id-23025":{"title":"Projects","featured-image-url":"https:\/\/websitedemos.net\/wp-content\/uploads\/2020\/10\/sierra-nature-08-projects.jpg","thumbnail-image-url":"https:\/\/websitedemos.net\/wp-content\/uploads\/2020\/10\/sierra-nature-08-projects.jpg","astra-page-api-url":"https:\/\/websitedemos.net\/sierra-nature-01\/wp-json\/wp\/v2\/pages\/9","dynamic-page":"no","astra-page-url":"\/\/websitedemos.net\/sierra-nature-01\/projects\/","astra-sites-tag":{"424":"project"},"site-pages-type":"free","site-pages-page-builder":"beaver-builder","site-pages-category":[],"site-pages-parent-category":{"60":"business","61":"free"},"required-plugins":[{"slug":"beaver-builder-lite-version","init":"beaver-builder-lite-version\/fl-builder.php","name":"Beaver Builder Plugin (Lite Version)"},{"slug":"ultimate-addons-for-beaver-builder-lite","init":"ultimate-addons-for-beaver-builder-lite\/bb-ultimate-addon.php","name":"Ultimate Addons for Beaver Builder - Lite"}],"spectra-ver":[]},"id-23023":{"title":"Contact","featured-image-url":"https:\/\/websitedemos.net\/wp-content\/uploads\/2020\/10\/sierra-nature-08-contact.jpg","thumbnail-image-url":"https:\/\/websitedemos.net\/wp-content\/uploads\/2020\/10\/sierra-nature-08-contact.jpg","astra-page-api-url":"https:\/\/websitedemos.net\/sierra-nature-01\/wp-json\/wp\/v2\/pages\/10","dynamic-page":"no","astra-page-url":"\/\/websitedemos.net\/sierra-nature-01\/contact\/","astra-sites-tag":{"415":"contact"},"site-pages-type":"free","site-pages-page-builder":"beaver-builder","site-pages-category":[],"site-pages-parent-category":{"60":"business","61":"free"},"required-plugins":[{"slug":"beaver-builder-lite-version","init":"beaver-builder-lite-version\/fl-builder.php","name":"Beaver Builder Plugin (Lite Version)"},{"slug":"ultimate-addons-for-beaver-builder-lite","init":"ultimate-addons-for-beaver-builder-lite\/bb-ultimate-addon.php","name":"Ultimate Addons for Beaver Builder - Lite"},{"slug":"wpforms-lite","init":"wpforms-lite\/wpforms.php","name":"WPForms Lite"}],"spectra-ver":[]}},"spectra-ver":[],"query_args":{"post_type":"astra-sites","post_status":["publish"],"fields":"ids","no_found_rows":true,"paged":33,"posts_per_page":15,"tax_query":{"relation":"AND","0":{"relation":"OR","0":{"taxonomy":"spectra-blocks-ver","field":"slug","terms":["v3"],"operator":"IN"},"1":{"taxonomy":"astra-site-page-builder","field":"slug","terms":"gutenberg","operator":"NOT IN"}},"1":{"taxonomy":"astra-sites-type","field":"slug","terms":["siteground"],"operator":"NOT IN"}}},"related-bb-template":"","related-elementor-template":"","related-gutenberg-template":"","related_ecommerce_template":"","ecommerce_parent_template":""},"id-19790":{"title":"Agency","id":19790,"publish-date":1543500780,"featured-image-url":"https:\/\/websitedemos.net\/wp-content\/uploads\/2019\/07\/agency-starter-site.jpg","thumbnail-image-url":"https:\/\/websitedemos.net\/wp-content\/uploads\/2019\/07\/agency-starter-site.jpg","fullpage-thumbnail-image-url":"https:\/\/websitedemos.net\/wp-content\/uploads\/2019\/07\/agency-starter-site.jpg","astra-site-url":"\/\/websitedemos.net\/agency-05","astra-site-parent-id":180,"astra-sites-tag":{"663":"agency","979":"company","664":"digital-services","812":"office","665":"service-agency","661":"website"},"astra-sites-type":"free","astra-site-category":{"27":"business","39":"free"},"astra-sites-template-category":[],"astra-site-page-builder":"brizy","categories":[],"required-plugins":[{"slug":"astra-widgets","init":"astra-widgets\/astra-widgets.php","name":"Astra Widgets"},{"slug":"brizy","init":"brizy\/brizy.php","name":"Brizy"},{"slug":"wpforms-lite","init":"wpforms-lite\/wpforms.php","name":"WPForms Lite"}],"post-status":"publish","post-content":"","post-excerpt":"","pages":{"id-23678":{"title":"Home","featured-image-url":"https:\/\/websitedemos.net\/wp-content\/uploads\/2019\/07\/agency-starter-site.jpg","thumbnail-image-url":"https:\/\/websitedemos.net\/wp-content\/uploads\/2019\/07\/agency-starter-site.jpg","astra-page-api-url":"https:\/\/websitedemos.net\/agency-05\/wp-json\/wp\/v2\/pages\/853","dynamic-page":"no","astra-page-url":"\/\/websitedemos.net\/agency-05\/","astra-sites-tag":{"423":"home"},"site-pages-type":"free","site-pages-page-builder":"brizy","site-pages-category":[],"site-pages-parent-category":{"60":"business","61":"free"},"required-plugins":[{"slug":"brizy","init":"brizy\/brizy.php","name":"Brizy"}],"spectra-ver":[]},"id-23676":{"title":"About","featured-image-url":"https:\/\/websitedemos.net\/wp-content\/uploads\/2019\/07\/agency-feb-20-about.jpg","thumbnail-image-url":"https:\/\/websitedemos.net\/wp-content\/uploads\/2019\/07\/agency-feb-20-about.jpg","astra-page-api-url":"https:\/\/websitedemos.net\/agency-05\/wp-json\/wp\/v2\/pages\/868","dynamic-page":"no","astra-page-url":"\/\/websitedemos.net\/agency-05\/about\/","astra-sites-tag":{"352":"about"},"site-pages-type":"free","site-pages-page-builder":"brizy","site-pages-category":[],"site-pages-parent-category":{"60":"business","61":"free"},"required-plugins":[{"slug":"brizy","init":"brizy\/brizy.php","name":"Brizy"}],"spectra-ver":[]},"id-23679":{"title":"Services","featured-image-url":"https:\/\/websitedemos.net\/wp-content\/uploads\/2019\/07\/agency-feb-20-services.jpg","thumbnail-image-url":"https:\/\/websitedemos.net\/wp-content\/uploads\/2019\/07\/agency-feb-20-services.jpg","astra-page-api-url":"https:\/\/websitedemos.net\/agency-05\/wp-json\/wp\/v2\/pages\/876","dynamic-page":"no","astra-page-url":"\/\/websitedemos.net\/agency-05\/services\/","astra-sites-tag":{"425":"services"},"site-pages-type":"free","site-pages-page-builder":"brizy","site-pages-category":[],"site-pages-parent-category":{"60":"business","61":"free"},"required-plugins":[{"slug":"brizy","init":"brizy\/brizy.php","name":"Brizy"}],"spectra-ver":[]},"id-23677":{"title":"Contact","featured-image-url":"https:\/\/websitedemos.net\/wp-content\/uploads\/2019\/07\/agency-feb-20-contact.jpg","thumbnail-image-url":"https:\/\/websitedemos.net\/wp-content\/uploads\/2019\/07\/agency-feb-20-contact.jpg","astra-page-api-url":"https:\/\/websitedemos.net\/agency-05\/wp-json\/wp\/v2\/pages\/878","dynamic-page":"no","astra-page-url":"\/\/websitedemos.net\/agency-05\/contact\/","astra-sites-tag":{"415":"contact"},"site-pages-type":"free","site-pages-page-builder":"brizy","site-pages-category":[],"site-pages-parent-category":{"60":"business","61":"free"},"required-plugins":[{"slug":"brizy","init":"brizy\/brizy.php","name":"Brizy"},{"slug":"wpforms-lite","init":"wpforms-lite\/wpforms.php","name":"WPForms Lite"}],"spectra-ver":[]}},"spectra-ver":[],"query_args":{"post_type":"astra-sites","post_status":["publish"],"fields":"ids","no_found_rows":true,"paged":33,"posts_per_page":15,"tax_query":{"relation":"AND","0":{"relation":"OR","0":{"taxonomy":"spectra-blocks-ver","field":"slug","terms":["v3"],"operator":"IN"},"1":{"taxonomy":"astra-site-page-builder","field":"slug","terms":"gutenberg","operator":"NOT IN"}},"1":{"taxonomy":"astra-sites-type","field":"slug","terms":["siteground"],"operator":"NOT IN"}}},"related-bb-template":"","related-elementor-template":"","related-gutenberg-template":"","related_ecommerce_template":"","ecommerce_parent_template":""},"id-19796":{"title":"Personal Fitness Trainer","id":19796,"publish-date":1543500776,"featured-image-url":"https:\/\/websitedemos.net\/wp-content\/uploads\/2018\/11\/id-19796-fitness-trainer-resize.jpg","thumbnail-image-url":"https:\/\/websitedemos.net\/wp-content\/uploads\/2018\/11\/id-19796-fitness-trainer-resize.jpg","fullpage-thumbnail-image-url":"https:\/\/websitedemos.net\/wp-content\/uploads\/2018\/11\/id-19796-fitness-trainer-resize.jpg","astra-site-url":"\/\/websitedemos.net\/fitness-trainer-05","astra-site-parent-id":174,"astra-sites-tag":{"502":"exercise","499":"fitness","505":"fitness-trainer","506":"functional-training","500":"gym","976":"gym-instructor","504":"gym-trainer","399":"one-page","463":"single-page","503":"trainer","501":"work-out"},"astra-sites-type":"free","astra-site-category":{"27":"business","39":"free"},"astra-sites-template-category":[],"astra-site-page-builder":"brizy","categories":[],"required-plugins":[{"slug":"brizy","init":"brizy\/brizy.php","name":"Brizy"},{"slug":"wpforms-lite","init":"wpforms-lite\/wpforms.php","name":"WPForms Lite"}],"post-status":"publish","post-content":"","post-excerpt":"","pages":{"id-23635":{"title":"Home","featured-image-url":"https:\/\/websitedemos.net\/wp-content\/uploads\/2019\/07\/id-23635-fitness-trainer-home-resize.jpg","thumbnail-image-url":"https:\/\/websitedemos.net\/wp-content\/uploads\/2019\/07\/id-23635-fitness-trainer-home-resize.jpg","astra-page-api-url":"https:\/\/websitedemos.net\/fitness-trainer-05\/wp-json\/wp\/v2\/pages\/149","dynamic-page":"no","astra-page-url":"\/\/websitedemos.net\/fitness-trainer-05\/","astra-sites-tag":{"423":"home"},"site-pages-type":"free","site-pages-page-builder":"brizy","site-pages-category":[],"site-pages-parent-category":{"60":"business","61":"free"},"required-plugins":[{"slug":"brizy","init":"brizy\/brizy.php","name":"Brizy"},{"slug":"wpforms-lite","init":"wpforms-lite\/wpforms.php","name":"WPForms Lite"}],"spectra-ver":[]}},"spectra-ver":[],"query_args":{"post_type":"astra-sites","post_status":["publish"],"fields":"ids","no_found_rows":true,"paged":33,"posts_per_page":15,"tax_query":{"relation":"AND","0":{"relation":"OR","0":{"taxonomy":"spectra-blocks-ver","field":"slug","terms":["v3"],"operator":"IN"},"1":{"taxonomy":"astra-site-page-builder","field":"slug","terms":"gutenberg","operator":"NOT IN"}},"1":{"taxonomy":"astra-sites-type","field":"slug","terms":["siteground"],"operator":"NOT IN"}}},"related-bb-template":"","related-elementor-template":"","related-gutenberg-template":"","related_ecommerce_template":"","ecommerce_parent_template":""},"id-19798":{"title":"Electrician","id":19798,"publish-date":1543500776,"featured-image-url":"https:\/\/websitedemos.net\/wp-content\/uploads\/2019\/07\/electrician-05-home-01.jpg","thumbnail-image-url":"https:\/\/websitedemos.net\/wp-content\/uploads\/2019\/07\/electrician-05-home-01.jpg","fullpage-thumbnail-image-url":"https:\/\/websitedemos.net\/wp-content\/uploads\/2019\/07\/electrician-05-home-01.jpg","astra-site-url":"\/\/websitedemos.net\/electrician-05","astra-site-parent-id":245,"astra-sites-tag":{"1021":"local-business"},"astra-sites-type":"free","astra-site-category":{"27":"business","39":"free"},"astra-sites-template-category":[],"astra-site-page-builder":"brizy","categories":[],"required-plugins":[{"slug":"brizy","init":"brizy\/brizy.php","name":"Brizy"},{"slug":"wpforms-lite","init":"wpforms-lite\/wpforms.php","name":"WPForms Lite"}],"post-status":"publish","post-content":"","post-excerpt":"","pages":{"id-24609":{"title":"Home","featured-image-url":"https:\/\/websitedemos.net\/wp-content\/uploads\/2019\/07\/electrician-05-home-01.jpg","thumbnail-image-url":"https:\/\/websitedemos.net\/wp-content\/uploads\/2019\/07\/electrician-05-home-01.jpg","astra-page-api-url":"https:\/\/websitedemos.net\/electrician-05\/wp-json\/wp\/v2\/pages\/550","dynamic-page":"no","astra-page-url":"\/\/websitedemos.net\/electrician-05\/","astra-sites-tag":{"423":"home"},"site-pages-type":"free","site-pages-page-builder":"brizy","site-pages-category":[],"site-pages-parent-category":{"60":"business","61":"free"},"required-plugins":[{"slug":"brizy","init":"brizy\/brizy.php","name":"Brizy"},{"slug":"wpforms-lite","init":"wpforms-lite\/wpforms.php","name":"WPForms Lite"}],"spectra-ver":[]},"id-24606":{"title":"About Us","featured-image-url":"https:\/\/websitedemos.net\/wp-content\/uploads\/2019\/07\/id-24606-electrician-about-us-resize.jpg","thumbnail-image-url":"https:\/\/websitedemos.net\/wp-content\/uploads\/2019\/07\/id-24606-electrician-about-us-resize.jpg","astra-page-api-url":"https:\/\/websitedemos.net\/electrician-05\/wp-json\/wp\/v2\/pages\/558","dynamic-page":"no","astra-page-url":"\/\/websitedemos.net\/electrician-05\/about-us\/","astra-sites-tag":{"352":"about"},"site-pages-type":"free","site-pages-page-builder":"brizy","site-pages-category":[],"site-pages-parent-category":{"60":"business","61":"free"},"required-plugins":[{"slug":"brizy","init":"brizy\/brizy.php","name":"Brizy"},{"slug":"wpforms-lite","init":"wpforms-lite\/wpforms.php","name":"WPForms Lite"}],"spectra-ver":[]},"id-24610":{"title":"Services","featured-image-url":"https:\/\/websitedemos.net\/wp-content\/uploads\/2019\/07\/electrician-05-services-01.jpg","thumbnail-image-url":"https:\/\/websitedemos.net\/wp-content\/uploads\/2019\/07\/electrician-05-services-01.jpg","astra-page-api-url":"https:\/\/websitedemos.net\/electrician-05\/wp-json\/wp\/v2\/pages\/561","dynamic-page":"no","astra-page-url":"\/\/websitedemos.net\/electrician-05\/services\/","astra-sites-tag":{"425":"services"},"site-pages-type":"free","site-pages-page-builder":"brizy","site-pages-category":[],"site-pages-parent-category":{"60":"business","61":"free"},"required-plugins":[{"slug":"brizy","init":"brizy\/brizy.php","name":"Brizy"},{"slug":"wpforms-lite","init":"wpforms-lite\/wpforms.php","name":"WPForms Lite"}],"spectra-ver":[]},"id-24608":{"title":"FAQ","featured-image-url":"https:\/\/websitedemos.net\/wp-content\/uploads\/2019\/07\/id-24608-electrician-faq-resize.jpg","thumbnail-image-url":"https:\/\/websitedemos.net\/wp-content\/uploads\/2019\/07\/id-24608-electrician-faq-resize.jpg","astra-page-api-url":"https:\/\/websitedemos.net\/electrician-05\/wp-json\/wp\/v2\/pages\/564","dynamic-page":"no","astra-page-url":"\/\/websitedemos.net\/electrician-05\/faq\/","astra-sites-tag":{"426":"faq","709":"questions"},"site-pages-type":"free","site-pages-page-builder":"brizy","site-pages-category":[],"site-pages-parent-category":{"60":"business","61":"free"},"required-plugins":[{"slug":"brizy","init":"brizy\/brizy.php","name":"Brizy"},{"slug":"wpforms-lite","init":"wpforms-lite\/wpforms.php","name":"WPForms Lite"}],"spectra-ver":[]},"id-24607":{"title":"Contact","featured-image-url":"https:\/\/websitedemos.net\/wp-content\/uploads\/2019\/07\/id-24607-electrician-contact-resize.jpg","thumbnail-image-url":"https:\/\/websitedemos.net\/wp-content\/uploads\/2019\/07\/id-24607-electrician-contact-resize.jpg","astra-page-api-url":"https:\/\/websitedemos.net\/electrician-05\/wp-json\/wp\/v2\/pages\/567","dynamic-page":"no","astra-page-url":"\/\/websitedemos.net\/electrician-05\/contact\/","astra-sites-tag":{"415":"contact"},"site-pages-type":"free","site-pages-page-builder":"brizy","site-pages-category":[],"site-pages-parent-category":{"60":"business","61":"free"},"required-plugins":[{"slug":"brizy","init":"brizy\/brizy.php","name":"Brizy"},{"slug":"wpforms-lite","init":"wpforms-lite\/wpforms.php","name":"WPForms Lite"}],"spectra-ver":[]}},"spectra-ver":[],"query_args":{"post_type":"astra-sites","post_status":["publish"],"fields":"ids","no_found_rows":true,"paged":33,"posts_per_page":15,"tax_query":{"relation":"AND","0":{"relation":"OR","0":{"taxonomy":"spectra-blocks-ver","field":"slug","terms":["v3"],"operator":"IN"},"1":{"taxonomy":"astra-site-page-builder","field":"slug","terms":"gutenberg","operator":"NOT IN"}},"1":{"taxonomy":"astra-sites-type","field":"slug","terms":["siteground"],"operator":"NOT IN"}}},"related-bb-template":"","related-elementor-template":"","related-gutenberg-template":"","related_ecommerce_template":"","ecommerce_parent_template":""},"id-19792":{"title":"Construction","id":19792,"publish-date":1543500772,"featured-image-url":"https:\/\/websitedemos.net\/wp-content\/uploads\/2019\/07\/construction-02-feb-20-home.jpg","thumbnail-image-url":"https:\/\/websitedemos.net\/wp-content\/uploads\/2019\/07\/construction-02-feb-20-home.jpg","fullpage-thumbnail-image-url":"https:\/\/websitedemos.net\/wp-content\/uploads\/2019\/07\/construction-02-feb-20-home.jpg","astra-site-url":"\/\/websitedemos.net\/construction-05","astra-site-parent-id":276,"astra-sites-tag":{"435":"architecture","979":"company","484":"construction","436":"interior","812":"office","485":"real-estate"},"astra-sites-type":"free","astra-site-category":{"27":"business","39":"free"},"astra-sites-template-category":[],"astra-site-page-builder":"brizy","categories":[],"required-plugins":[{"slug":"astra-widgets","init":"astra-widgets\/astra-widgets.php","name":"Astra Widgets"},{"slug":"brizy","init":"brizy\/brizy.php","name":"Brizy"},{"slug":"wpforms-lite","init":"wpforms-lite\/wpforms.php","name":"WPForms Lite"}],"post-status":"publish","post-content":"","post-excerpt":"","pages":{"id-24855":{"title":"Home","featured-image-url":"https:\/\/websitedemos.net\/wp-content\/uploads\/2019\/07\/construction-02-feb-20-home.jpg","thumbnail-image-url":"https:\/\/websitedemos.net\/wp-content\/uploads\/2019\/07\/construction-02-feb-20-home.jpg","astra-page-api-url":"https:\/\/websitedemos.net\/construction-05\/wp-json\/wp\/v2\/pages\/913","dynamic-page":"no","astra-page-url":"\/\/websitedemos.net\/construction-05\/","astra-sites-tag":{"423":"home"},"site-pages-type":"free","site-pages-page-builder":"brizy","site-pages-category":[],"site-pages-parent-category":{"60":"business","61":"free"},"required-plugins":[{"slug":"brizy","init":"brizy\/brizy.php","name":"Brizy"}],"spectra-ver":[]},"id-24850":{"title":"About","featured-image-url":"https:\/\/websitedemos.net\/wp-content\/uploads\/2019\/07\/construction-02-feb-20-about.jpg","thumbnail-image-url":"https:\/\/websitedemos.net\/wp-content\/uploads\/2019\/07\/construction-02-feb-20-about.jpg","astra-page-api-url":"https:\/\/websitedemos.net\/construction-05\/wp-json\/wp\/v2\/pages\/921","dynamic-page":"no","astra-page-url":"\/\/websitedemos.net\/construction-05\/about\/","astra-sites-tag":{"352":"about"},"site-pages-type":"free","site-pages-page-builder":"brizy","site-pages-category":[],"site-pages-parent-category":{"60":"business","61":"free"},"required-plugins":[{"slug":"brizy","init":"brizy\/brizy.php","name":"Brizy"}],"spectra-ver":[]},"id-24858":{"title":"Services","featured-image-url":"https:\/\/websitedemos.net\/wp-content\/uploads\/2019\/07\/construction-02-feb-20-services.jpg","thumbnail-image-url":"https:\/\/websitedemos.net\/wp-content\/uploads\/2019\/07\/construction-02-feb-20-services.jpg","astra-page-api-url":"https:\/\/websitedemos.net\/construction-05\/wp-json\/wp\/v2\/pages\/925","dynamic-page":"no","astra-page-url":"\/\/websitedemos.net\/construction-05\/services\/","astra-sites-tag":{"425":"services"},"site-pages-type":"free","site-pages-page-builder":"brizy","site-pages-category":[],"site-pages-parent-category":{"60":"business","61":"free"},"required-plugins":[{"slug":"brizy","init":"brizy\/brizy.php","name":"Brizy"}],"spectra-ver":[]},"id-24857":{"title":"Projects","featured-image-url":"https:\/\/websitedemos.net\/wp-content\/uploads\/2019\/07\/construction-02-feb-20-projects.jpg","thumbnail-image-url":"https:\/\/websitedemos.net\/wp-content\/uploads\/2019\/07\/construction-02-feb-20-projects.jpg","astra-page-api-url":"https:\/\/websitedemos.net\/construction-05\/wp-json\/wp\/v2\/pages\/929","dynamic-page":"no","astra-page-url":"\/\/websitedemos.net\/construction-05\/projects\/","astra-sites-tag":{"424":"project"},"site-pages-type":"free","site-pages-page-builder":"brizy","site-pages-category":[],"site-pages-parent-category":{"60":"business","61":"free"},"required-plugins":[{"slug":"brizy","init":"brizy\/brizy.php","name":"Brizy"}],"spectra-ver":[]},"id-24852":{"title":"Contact Us","featured-image-url":"https:\/\/websitedemos.net\/wp-content\/uploads\/2019\/07\/construction-02-feb-20-contact.jpg","thumbnail-image-url":"https:\/\/websitedemos.net\/wp-content\/uploads\/2019\/07\/construction-02-feb-20-contact.jpg","astra-page-api-url":"https:\/\/websitedemos.net\/construction-05\/wp-json\/wp\/v2\/pages\/932","dynamic-page":"no","astra-page-url":"\/\/websitedemos.net\/construction-05\/contact-us\/","astra-sites-tag":{"415":"contact"},"site-pages-type":"free","site-pages-page-builder":"brizy","site-pages-category":[],"site-pages-parent-category":{"60":"business","61":"free"},"required-plugins":[{"slug":"brizy","init":"brizy\/brizy.php","name":"Brizy"},{"slug":"wpforms-lite","init":"wpforms-lite\/wpforms.php","name":"WPForms Lite"}],"spectra-ver":[]}},"spectra-ver":[],"query_args":{"post_type":"astra-sites","post_status":["publish"],"fields":"ids","no_found_rows":true,"paged":33,"posts_per_page":15,"tax_query":{"relation":"AND","0":{"relation":"OR","0":{"taxonomy":"spectra-blocks-ver","field":"slug","terms":["v3"],"operator":"IN"},"1":{"taxonomy":"astra-site-page-builder","field":"slug","terms":"gutenberg","operator":"NOT IN"}},"1":{"taxonomy":"astra-sites-type","field":"slug","terms":["siteground"],"operator":"NOT IN"}}},"related-bb-template":"","related-elementor-template":"","related-gutenberg-template":"","related_ecommerce_template":"","ecommerce_parent_template":""},"id-19801":{"title":"Hotel and BnB","id":19801,"publish-date":1543500771,"featured-image-url":"https:\/\/websitedemos.net\/wp-content\/uploads\/2018\/11\/hotel-05-home.jpg","thumbnail-image-url":"https:\/\/websitedemos.net\/wp-content\/uploads\/2018\/11\/hotel-05-home.jpg","fullpage-thumbnail-image-url":"https:\/\/websitedemos.net\/wp-content\/uploads\/2018\/11\/hotel-05-home.jpg","astra-site-url":"\/\/websitedemos.net\/hotel-05","astra-site-parent-id":248,"astra-sites-tag":{"560":"cuisine","336":"food","350":"hotel","712":"lodge","711":"motel","399":"one-page","714":"resort","463":"single-page"},"astra-sites-type":"free","astra-site-category":{"27":"business","39":"free"},"astra-sites-template-category":[],"astra-site-page-builder":"brizy","categories":[],"required-plugins":[{"slug":"brizy","init":"brizy\/brizy.php","name":"Brizy"},{"slug":"wpforms-lite","init":"wpforms-lite\/wpforms.php","name":"WPForms Lite"}],"post-status":"publish","post-content":"","post-excerpt":"","pages":{"id-24621":{"title":"Home","featured-image-url":"https:\/\/websitedemos.net\/wp-content\/uploads\/2018\/11\/hotel-05-home.jpg","thumbnail-image-url":"https:\/\/websitedemos.net\/wp-content\/uploads\/2018\/11\/hotel-05-home.jpg","astra-page-api-url":"https:\/\/websitedemos.net\/hotel-05\/wp-json\/wp\/v2\/pages\/373","dynamic-page":"no","astra-page-url":"\/\/websitedemos.net\/hotel-05\/","astra-sites-tag":{"423":"home"},"site-pages-type":"free","site-pages-page-builder":"brizy","site-pages-category":[],"site-pages-parent-category":{"60":"business","61":"free"},"required-plugins":[{"slug":"brizy","init":"brizy\/brizy.php","name":"Brizy"},{"slug":"wpforms-lite","init":"wpforms-lite\/wpforms.php","name":"WPForms Lite"}],"spectra-ver":[]}},"spectra-ver":[],"query_args":{"post_type":"astra-sites","post_status":["publish"],"fields":"ids","no_found_rows":true,"paged":33,"posts_per_page":15,"tax_query":{"relation":"AND","0":{"relation":"OR","0":{"taxonomy":"spectra-blocks-ver","field":"slug","terms":["v3"],"operator":"IN"},"1":{"taxonomy":"astra-site-page-builder","field":"slug","terms":"gutenberg","operator":"NOT IN"}},"1":{"taxonomy":"astra-sites-type","field":"slug","terms":["siteground"],"operator":"NOT IN"}}},"related-bb-template":"","related-elementor-template":"","related-gutenberg-template":"","related_ecommerce_template":"","ecommerce_parent_template":""},"id-19754":{"title":"Coach","id":19754,"publish-date":1543500769,"featured-image-url":"https:\/\/websitedemos.net\/wp-content\/uploads\/2019\/07\/coach-05-home-01.jpg","thumbnail-image-url":"https:\/\/websitedemos.net\/wp-content\/uploads\/2019\/07\/coach-05-home-01.jpg","fullpage-thumbnail-image-url":"https:\/\/websitedemos.net\/wp-content\/uploads\/2019\/07\/coach-05-home-01.jpg","astra-site-url":"\/\/websitedemos.net\/coach-05","astra-site-parent-id":238,"astra-sites-tag":{"610":"coaching","608":"guidance","612":"life-coach","609":"motivator","611":"self-improvement"},"astra-sites-type":"free","astra-site-category":{"27":"business","39":"free"},"astra-sites-template-category":[],"astra-site-page-builder":"brizy","categories":[],"required-plugins":[{"slug":"brizy","init":"brizy\/brizy.php","name":"Brizy"},{"slug":"wpforms-lite","init":"wpforms-lite\/wpforms.php","name":"WPForms Lite"}],"post-status":"publish","post-content":"","post-excerpt":"","pages":{"id-24539":{"title":"Home","featured-image-url":"https:\/\/websitedemos.net\/wp-content\/uploads\/2019\/07\/coach-05-home-01.jpg","thumbnail-image-url":"https:\/\/websitedemos.net\/wp-content\/uploads\/2019\/07\/coach-05-home-01.jpg","astra-page-api-url":"https:\/\/websitedemos.net\/coach-05\/wp-json\/wp\/v2\/pages\/122","dynamic-page":"no","astra-page-url":"\/\/websitedemos.net\/coach-05\/","astra-sites-tag":{"423":"home"},"site-pages-type":"free","site-pages-page-builder":"brizy","site-pages-category":[],"site-pages-parent-category":{"60":"business","61":"free"},"required-plugins":[{"slug":"brizy","init":"brizy\/brizy.php","name":"Brizy"}],"spectra-ver":[]},"id-24534":{"title":"About","featured-image-url":"https:\/\/websitedemos.net\/wp-content\/uploads\/2019\/07\/coach-05-about-01.jpg","thumbnail-image-url":"https:\/\/websitedemos.net\/wp-content\/uploads\/2019\/07\/coach-05-about-01.jpg","astra-page-api-url":"https:\/\/websitedemos.net\/coach-05\/wp-json\/wp\/v2\/pages\/131","dynamic-page":"no","astra-page-url":"\/\/websitedemos.net\/coach-05\/about\/","astra-sites-tag":{"352":"about"},"site-pages-type":"free","site-pages-page-builder":"brizy","site-pages-category":[],"site-pages-parent-category":{"60":"business","61":"free"},"required-plugins":[{"slug":"brizy","init":"brizy\/brizy.php","name":"Brizy"}],"spectra-ver":[]},"id-24538":{"title":"e-Books","featured-image-url":"https:\/\/websitedemos.net\/wp-content\/uploads\/2019\/07\/coach-05-e-books-01.jpg","thumbnail-image-url":"https:\/\/websitedemos.net\/wp-content\/uploads\/2019\/07\/coach-05-e-books-01.jpg","astra-page-api-url":"https:\/\/websitedemos.net\/coach-05\/wp-json\/wp\/v2\/pages\/137","dynamic-page":"no","astra-page-url":"\/\/websitedemos.net\/coach-05\/e-books\/","astra-sites-tag":{"781":"e-book"},"site-pages-type":"free","site-pages-page-builder":"brizy","site-pages-category":[],"site-pages-parent-category":{"60":"business","61":"free"},"required-plugins":[{"slug":"brizy","init":"brizy\/brizy.php","name":"Brizy"}],"spectra-ver":[]},"id-24537":{"title":"Courses","featured-image-url":"https:\/\/websitedemos.net\/wp-content\/uploads\/2019\/07\/coach-05-courses-01.jpg","thumbnail-image-url":"https:\/\/websitedemos.net\/wp-content\/uploads\/2019\/07\/coach-05-courses-01.jpg","astra-page-api-url":"https:\/\/websitedemos.net\/coach-05\/wp-json\/wp\/v2\/pages\/140","dynamic-page":"no","astra-page-url":"\/\/websitedemos.net\/coach-05\/courses\/","astra-sites-tag":{"462":"courses"},"site-pages-type":"free","site-pages-page-builder":"brizy","site-pages-category":[],"site-pages-parent-category":{"60":"business","61":"free"},"required-plugins":[{"slug":"brizy","init":"brizy\/brizy.php","name":"Brizy"}],"spectra-ver":[]},"id-24536":{"title":"Contact","featured-image-url":"https:\/\/websitedemos.net\/wp-content\/uploads\/2019\/07\/coach-05-contact-01.jpg","thumbnail-image-url":"https:\/\/websitedemos.net\/wp-content\/uploads\/2019\/07\/coach-05-contact-01.jpg","astra-page-api-url":"https:\/\/websitedemos.net\/coach-05\/wp-json\/wp\/v2\/pages\/146","dynamic-page":"no","astra-page-url":"\/\/websitedemos.net\/coach-05\/contact\/","astra-sites-tag":{"415":"contact"},"site-pages-type":"free","site-pages-page-builder":"brizy","site-pages-category":[],"site-pages-parent-category":{"60":"business","61":"free"},"required-plugins":[{"slug":"brizy","init":"brizy\/brizy.php","name":"Brizy"},{"slug":"wpforms-lite","init":"wpforms-lite\/wpforms.php","name":"WPForms Lite"}],"spectra-ver":[]}},"spectra-ver":[],"query_args":{"post_type":"astra-sites","post_status":["publish"],"fields":"ids","no_found_rows":true,"paged":33,"posts_per_page":15,"tax_query":{"relation":"AND","0":{"relation":"OR","0":{"taxonomy":"spectra-blocks-ver","field":"slug","terms":["v3"],"operator":"IN"},"1":{"taxonomy":"astra-site-page-builder","field":"slug","terms":"gutenberg","operator":"NOT IN"}},"1":{"taxonomy":"astra-sites-type","field":"slug","terms":["siteground"],"operator":"NOT IN"}}},"related-bb-template":"","related-elementor-template":"","related-gutenberg-template":"","related_ecommerce_template":"","ecommerce_parent_template":""},"id-19803":{"title":"A\/C Technician","id":19803,"publish-date":1543500769,"featured-image-url":"https:\/\/websitedemos.net\/wp-content\/uploads\/2019\/07\/ac-technician-home.jpg","thumbnail-image-url":"https:\/\/websitedemos.net\/wp-content\/uploads\/2019\/07\/ac-technician-home.jpg","fullpage-thumbnail-image-url":"https:\/\/websitedemos.net\/wp-content\/uploads\/2019\/07\/ac-technician-home.jpg","astra-site-url":"\/\/websitedemos.net\/ac-technician-05","astra-site-parent-id":268,"astra-sites-tag":{"599":"ac-repair","439":"local-services","600":"repair-services","441":"technician"},"astra-sites-type":"free","astra-site-category":{"27":"business","39":"free"},"astra-sites-template-category":[],"astra-site-page-builder":"brizy","categories":[],"required-plugins":[{"slug":"astra-widgets","init":"astra-widgets\/astra-widgets.php","name":"Astra Widgets"},{"slug":"brizy","init":"brizy\/brizy.php","name":"Brizy"},{"slug":"wpforms-lite","init":"wpforms-lite\/wpforms.php","name":"WPForms Lite"}],"post-status":"publish","post-content":"","post-excerpt":"","pages":{"id-24770":{"title":"Home","featured-image-url":"https:\/\/websitedemos.net\/wp-content\/uploads\/2019\/07\/ac-technician-home.jpg","thumbnail-image-url":"https:\/\/websitedemos.net\/wp-content\/uploads\/2019\/07\/ac-technician-home.jpg","astra-page-api-url":"https:\/\/websitedemos.net\/ac-technician-05\/wp-json\/wp\/v2\/pages\/262","dynamic-page":"no","astra-page-url":"\/\/websitedemos.net\/ac-technician-05\/","astra-sites-tag":{"423":"home"},"site-pages-type":"free","site-pages-page-builder":"brizy","site-pages-category":[],"site-pages-parent-category":{"60":"business","61":"free"},"required-plugins":[{"slug":"brizy","init":"brizy\/brizy.php","name":"Brizy"}],"spectra-ver":[]},"id-24771":{"title":"Services","featured-image-url":"https:\/\/websitedemos.net\/wp-content\/uploads\/2019\/07\/ac-technician-05-services-01.jpg","thumbnail-image-url":"https:\/\/websitedemos.net\/wp-content\/uploads\/2019\/07\/ac-technician-05-services-01.jpg","astra-page-api-url":"https:\/\/websitedemos.net\/ac-technician-05\/wp-json\/wp\/v2\/pages\/273","dynamic-page":"no","astra-page-url":"\/\/websitedemos.net\/ac-technician-05\/services\/","astra-sites-tag":{"425":"services"},"site-pages-type":"free","site-pages-page-builder":"brizy","site-pages-category":[],"site-pages-parent-category":{"60":"business","61":"free"},"required-plugins":[{"slug":"brizy","init":"brizy\/brizy.php","name":"Brizy"}],"spectra-ver":[]},"id-24768":{"title":"About","featured-image-url":"https:\/\/websitedemos.net\/wp-content\/uploads\/2019\/07\/ac-technician-05-about-01.jpg","thumbnail-image-url":"https:\/\/websitedemos.net\/wp-content\/uploads\/2019\/07\/ac-technician-05-about-01.jpg","astra-page-api-url":"https:\/\/websitedemos.net\/ac-technician-05\/wp-json\/wp\/v2\/pages\/277","dynamic-page":"no","astra-page-url":"\/\/websitedemos.net\/ac-technician-05\/about\/","astra-sites-tag":{"352":"about"},"site-pages-type":"free","site-pages-page-builder":"brizy","site-pages-category":[],"site-pages-parent-category":{"60":"business","61":"free"},"required-plugins":[{"slug":"brizy","init":"brizy\/brizy.php","name":"Brizy"}],"spectra-ver":[]},"id-24769":{"title":"Contact Us","featured-image-url":"https:\/\/websitedemos.net\/wp-content\/uploads\/2019\/07\/ac-technician-contact.jpg","thumbnail-image-url":"https:\/\/websitedemos.net\/wp-content\/uploads\/2019\/07\/ac-technician-contact.jpg","astra-page-api-url":"https:\/\/websitedemos.net\/ac-technician-05\/wp-json\/wp\/v2\/pages\/284","dynamic-page":"no","astra-page-url":"\/\/websitedemos.net\/ac-technician-05\/contact-us\/","astra-sites-tag":{"415":"contact"},"site-pages-type":"free","site-pages-page-builder":"brizy","site-pages-category":[],"site-pages-parent-category":{"60":"business","61":"free"},"required-plugins":[{"slug":"brizy","init":"brizy\/brizy.php","name":"Brizy"},{"slug":"wpforms-lite","init":"wpforms-lite\/wpforms.php","name":"WPForms Lite"}],"spectra-ver":[]}},"spectra-ver":[],"query_args":{"post_type":"astra-sites","post_status":["publish"],"fields":"ids","no_found_rows":true,"paged":33,"posts_per_page":15,"tax_query":{"relation":"AND","0":{"relation":"OR","0":{"taxonomy":"spectra-blocks-ver","field":"slug","terms":["v3"],"operator":"IN"},"1":{"taxonomy":"astra-site-page-builder","field":"slug","terms":"gutenberg","operator":"NOT IN"}},"1":{"taxonomy":"astra-sites-type","field":"slug","terms":["siteground"],"operator":"NOT IN"}}},"related-bb-template":"","related-elementor-template":"","related-gutenberg-template":"","related_ecommerce_template":"","ecommerce_parent_template":""},"id-19824":{"title":"Sierra Industry","id":19824,"publish-date":1543500721,"featured-image-url":"https:\/\/websitedemos.net\/wp-content\/uploads\/2019\/07\/sierra-industry-02-home-1.jpg","thumbnail-image-url":"https:\/\/websitedemos.net\/wp-content\/uploads\/2019\/07\/sierra-industry-02-home-1.jpg","fullpage-thumbnail-image-url":"https:\/\/websitedemos.net\/wp-content\/uploads\/2019\/07\/sierra-industry-02-home-1.jpg","astra-site-url":"\/\/websitedemos.net\/sierra-industry-02","astra-site-parent-id":206,"astra-sites-tag":{"3416":"elementor","985":"factory","492":"industry","490":"manufacturing","489":"production"},"astra-sites-type":"free","astra-site-category":{"27":"business","39":"free"},"astra-sites-template-category":{"2777":"business","2807":"industrial","2860":"multipurpose","2797":"simple-minimal","2817":"technology"},"astra-site-page-builder":"elementor","categories":{"3427":"default","3428":"free","2474":"manufacturing","2500":"multipurpose"},"required-plugins":[{"slug":"elementor","init":"elementor\/elementor.php","name":"Elementor"},{"slug":"header-footer-elementor","init":"header-footer-elementor\/header-footer-elementor.php","name":"Ultimate Addons for Elementor (UAE)"},{"slug":"sureforms","init":"sureforms\/sureforms.php","name":"SureForms"}],"post-status":"publish","post-content":"<!-- wp:paragraph -->\n<p>The Sierra Industry multipurpose template uses an illustrative full screen image to instantly communicate what it\u2019s about. It also uses simple fonts and a bold contrast color for calls to action to help visitors engage.<\/p>\n<!-- \/wp:paragraph -->\n\n<!-- wp:paragraph -->\n<p>The template combines dark and light areas with shaded images in a parallax effect to give that professional persona. Each page has fully customizable content areas to show your products or services and to tell your story.<\/p>\n<!-- \/wp:paragraph -->\n\n<!-- wp:heading -->\n<h2>Key features of the Sierra Industry template<\/h2>\n<!-- \/wp:heading -->\n\n<!-- wp:list -->\n<ul><!-- wp:list-item -->\n<li>Full screen image communicates instantly<\/li>\n<!-- \/wp:list-item -->\n\n<!-- wp:list-item -->\n<li>Combination of subtle fonts and bold colors<\/li>\n<!-- \/wp:list-item -->\n\n<!-- wp:list-item -->\n<li>Customizable content areas throughout<\/li>\n<!-- \/wp:list-item -->\n\n<!-- wp:list-item -->\n<li>Equally attractive supplementary pages<\/li>\n<!-- \/wp:list-item -->\n\n<!-- wp:list-item -->\n<li>Full compatibility with leading page builders<\/li>\n<!-- \/wp:list-item --><\/ul>\n<!-- \/wp:list -->","post-excerpt":"Modern business template that builds authority from the second it loads on screen","pages":{"id-24078":{"title":"Home","featured-image-url":"https:\/\/websitedemos.net\/wp-content\/uploads\/2019\/07\/sierra-industry-02-home-1.jpg","thumbnail-image-url":"https:\/\/websitedemos.net\/wp-content\/uploads\/2019\/07\/sierra-industry-02-home-1.jpg","astra-page-api-url":"https:\/\/websitedemos.net\/sierra-industry-02\/wp-json\/wp\/v2\/pages\/6","dynamic-page":"no","astra-page-url":"\/\/websitedemos.net\/sierra-industry-02\/","astra-sites-tag":{"423":"home"},"site-pages-type":"free","site-pages-page-builder":"elementor","site-pages-category":[],"site-pages-parent-category":{"60":"business","61":"free"},"required-plugins":[{"slug":"elementor","init":"elementor\/elementor.php","name":"Elementor"},{"slug":"header-footer-elementor","init":"header-footer-elementor\/header-footer-elementor.php","name":"Ultimate Addons for Elementor (UAE)"}],"spectra-ver":[]},"id-24075":{"title":"About","featured-image-url":"https:\/\/websitedemos.net\/wp-content\/uploads\/2019\/07\/sierra-industry-02-about-1.jpg","thumbnail-image-url":"https:\/\/websitedemos.net\/wp-content\/uploads\/2019\/07\/sierra-industry-02-about-1.jpg","astra-page-api-url":"https:\/\/websitedemos.net\/sierra-industry-02\/wp-json\/wp\/v2\/pages\/7","dynamic-page":"no","astra-page-url":"\/\/websitedemos.net\/sierra-industry-02\/about\/","astra-sites-tag":{"352":"about"},"site-pages-type":"free","site-pages-page-builder":"elementor","site-pages-category":[],"site-pages-parent-category":{"60":"business","61":"free"},"required-plugins":[{"slug":"elementor","init":"elementor\/elementor.php","name":"Elementor"},{"slug":"header-footer-elementor","init":"header-footer-elementor\/header-footer-elementor.php","name":"Ultimate Addons for Elementor (UAE)"}],"spectra-ver":[]},"id-24079":{"title":"Products","featured-image-url":"https:\/\/websitedemos.net\/wp-content\/uploads\/2019\/07\/sierra-industry-02-products.jpg","thumbnail-image-url":"https:\/\/websitedemos.net\/wp-content\/uploads\/2019\/07\/sierra-industry-02-products.jpg","astra-page-api-url":"https:\/\/websitedemos.net\/sierra-industry-02\/wp-json\/wp\/v2\/pages\/8","dynamic-page":"no","astra-page-url":"\/\/websitedemos.net\/sierra-industry-02\/product\/","astra-sites-tag":{"540":"products"},"site-pages-type":"free","site-pages-page-builder":"elementor","site-pages-category":[],"site-pages-parent-category":{"60":"business","61":"free"},"required-plugins":[{"slug":"elementor","init":"elementor\/elementor.php","name":"Elementor"},{"slug":"header-footer-elementor","init":"header-footer-elementor\/header-footer-elementor.php","name":"Ultimate Addons for Elementor (UAE)"}],"spectra-ver":[]},"id-24080":{"title":"Projects","featured-image-url":"https:\/\/websitedemos.net\/wp-content\/uploads\/2019\/07\/sierra-industry-02-projects-1.jpg","thumbnail-image-url":"https:\/\/websitedemos.net\/wp-content\/uploads\/2019\/07\/sierra-industry-02-projects-1.jpg","astra-page-api-url":"https:\/\/websitedemos.net\/sierra-industry-02\/wp-json\/wp\/v2\/pages\/9","dynamic-page":"no","astra-page-url":"\/\/websitedemos.net\/sierra-industry-02\/projects\/","astra-sites-tag":{"424":"project"},"site-pages-type":"free","site-pages-page-builder":"elementor","site-pages-category":[],"site-pages-parent-category":{"60":"business","61":"free"},"required-plugins":[{"slug":"elementor","init":"elementor\/elementor.php","name":"Elementor"},{"slug":"header-footer-elementor","init":"header-footer-elementor\/header-footer-elementor.php","name":"Ultimate Addons for Elementor (UAE)"}],"spectra-ver":[]},"id-24077":{"title":"Contact","featured-image-url":"https:\/\/websitedemos.net\/wp-content\/uploads\/2019\/07\/sierra-industry-02-contact-2.jpg","thumbnail-image-url":"https:\/\/websitedemos.net\/wp-content\/uploads\/2019\/07\/sierra-industry-02-contact-2.jpg","astra-page-api-url":"https:\/\/websitedemos.net\/sierra-industry-02\/wp-json\/wp\/v2\/pages\/10","dynamic-page":"no","astra-page-url":"\/\/websitedemos.net\/sierra-industry-02\/contact\/","astra-sites-tag":{"415":"contact"},"site-pages-type":"free","site-pages-page-builder":"elementor","site-pages-category":[],"site-pages-parent-category":{"60":"business","61":"free"},"required-plugins":[{"slug":"elementor","init":"elementor\/elementor.php","name":"Elementor"},{"slug":"sureforms","init":"sureforms\/sureforms.php","name":"SureForms"},{"slug":"header-footer-elementor","init":"header-footer-elementor\/header-footer-elementor.php","name":"Ultimate Addons for Elementor (UAE)"}],"spectra-ver":[]}},"spectra-ver":[],"query_args":{"post_type":"astra-sites","post_status":["publish"],"fields":"ids","no_found_rows":true,"paged":33,"posts_per_page":15,"tax_query":{"relation":"AND","0":{"relation":"OR","0":{"taxonomy":"spectra-blocks-ver","field":"slug","terms":["v3"],"operator":"IN"},"1":{"taxonomy":"astra-site-page-builder","field":"slug","terms":"gutenberg","operator":"NOT IN"}},"1":{"taxonomy":"astra-sites-type","field":"slug","terms":["siteground"],"operator":"NOT IN"}}},"related-bb-template":19959,"related-elementor-template":19824,"related-gutenberg-template":48132,"related_ecommerce_template":"","ecommerce_parent_template":""},"id-19784":{"title":"Artist","id":19784,"publish-date":1543323208,"featured-image-url":"https:\/\/websitedemos.net\/wp-content\/uploads\/2019\/10\/artist-christine-home-page.jpg","thumbnail-image-url":"https:\/\/websitedemos.net\/wp-content\/uploads\/2019\/10\/artist-christine-home-page.jpg","fullpage-thumbnail-image-url":"https:\/\/websitedemos.net\/wp-content\/uploads\/2019\/10\/artist-christine-home-page.jpg","astra-site-url":"\/\/websitedemos.net\/artist-05","astra-site-parent-id":161,"astra-sites-tag":{"597":"art","339":"artist","595":"exhibition","614":"painter","733":"shop"},"astra-sites-type":"free","astra-site-category":{"38":"ecommerce","39":"free"},"astra-sites-template-category":[],"astra-site-page-builder":"brizy","categories":[],"required-plugins":[{"slug":"brizy","init":"brizy\/brizy.php","name":"Brizy"},{"slug":"woocommerce","init":"woocommerce\/woocommerce.php","name":"WooCommerce"},{"slug":"woo-cart-abandonment-recovery","init":"woo-cart-abandonment-recovery\/woo-cart-abandonment-recovery.php","name":"WooCommerce Cart Abandonment Recovery"}],"post-status":"publish","post-content":"","post-excerpt":"","pages":{"id-23535":{"title":"Home","featured-image-url":"https:\/\/websitedemos.net\/wp-content\/uploads\/2019\/10\/artist-christine-home-page.jpg","thumbnail-image-url":"https:\/\/websitedemos.net\/wp-content\/uploads\/2019\/10\/artist-christine-home-page.jpg","astra-page-api-url":"https:\/\/websitedemos.net\/artist-05\/wp-json\/wp\/v2\/pages\/175","dynamic-page":"yes","astra-page-url":"\/\/websitedemos.net\/artist-05\/","astra-sites-tag":{"814":"homepage"},"site-pages-type":"free","site-pages-page-builder":"brizy","site-pages-category":[],"site-pages-parent-category":{"64":"ecommerce","61":"free"},"required-plugins":[{"slug":"brizy","init":"brizy\/brizy.php","name":"Brizy"}],"spectra-ver":[]},"id-23533":{"title":"About","featured-image-url":"https:\/\/websitedemos.net\/wp-content\/uploads\/2019\/07\/artist-christine-about.jpg","thumbnail-image-url":"https:\/\/websitedemos.net\/wp-content\/uploads\/2019\/07\/artist-christine-about.jpg","astra-page-api-url":"https:\/\/websitedemos.net\/artist-05\/wp-json\/wp\/v2\/pages\/185","dynamic-page":"no","astra-page-url":"\/\/websitedemos.net\/artist-05\/about\/","astra-sites-tag":{"352":"about"},"site-pages-type":"free","site-pages-page-builder":"brizy","site-pages-category":[],"site-pages-parent-category":{"64":"ecommerce","61":"free"},"required-plugins":[{"slug":"brizy","init":"brizy\/brizy.php","name":"Brizy"}],"spectra-ver":[]},"id-23534":{"title":"Contact","featured-image-url":"https:\/\/websitedemos.net\/wp-content\/uploads\/2019\/07\/artist-christine-contact.jpg","thumbnail-image-url":"https:\/\/websitedemos.net\/wp-content\/uploads\/2019\/07\/artist-christine-contact.jpg","astra-page-api-url":"https:\/\/websitedemos.net\/artist-05\/wp-json\/wp\/v2\/pages\/189","dynamic-page":"no","astra-page-url":"\/\/websitedemos.net\/artist-05\/contact\/","astra-sites-tag":{"415":"contact"},"site-pages-type":"free","site-pages-page-builder":"brizy","site-pages-category":[],"site-pages-parent-category":{"64":"ecommerce","61":"free"},"required-plugins":[{"slug":"brizy","init":"brizy\/brizy.php","name":"Brizy"}],"spectra-ver":[]}},"spectra-ver":[],"query_args":{"post_type":"astra-sites","post_status":["publish"],"fields":"ids","no_found_rows":true,"paged":33,"posts_per_page":15,"tax_query":{"relation":"AND","0":{"relation":"OR","0":{"taxonomy":"spectra-blocks-ver","field":"slug","terms":["v3"],"operator":"IN"},"1":{"taxonomy":"astra-site-page-builder","field":"slug","terms":"gutenberg","operator":"NOT IN"}},"1":{"taxonomy":"astra-sites-type","field":"slug","terms":["siteground"],"operator":"NOT IN"}}},"related-bb-template":"","related-elementor-template":"","related-gutenberg-template":"","related_ecommerce_template":"","ecommerce_parent_template":""},"id-19719":{"title":"Charity","id":19719,"publish-date":1541483028,"featured-image-url":"https:\/\/websitedemos.net\/wp-content\/uploads\/2019\/07\/charity-starter-site-brizy.jpg","thumbnail-image-url":"https:\/\/websitedemos.net\/wp-content\/uploads\/2019\/07\/charity-starter-site-brizy.jpg","fullpage-thumbnail-image-url":"https:\/\/websitedemos.net\/wp-content\/uploads\/2019\/07\/charity-starter-site-brizy.jpg","astra-site-url":"\/\/websitedemos.net\/charity-05","astra-site-parent-id":167,"astra-sites-tag":{"625":"charity","624":"foundation","626":"giving","977":"non-profit","745":"organization"},"astra-sites-type":"free","astra-site-category":{"39":"free","36":"other"},"astra-sites-template-category":[],"astra-site-page-builder":"brizy","categories":[],"required-plugins":[{"slug":"brizy","init":"brizy\/brizy.php","name":"Brizy"},{"slug":"give","init":"give\/give.php","name":"Give - Donation Plugin"},{"slug":"wpforms-lite","init":"wpforms-lite\/wpforms.php","name":"WPForms Lite"}],"post-status":"publish","post-content":"","post-excerpt":"","pages":{"id-57941":{"title":"Donor Dashboard","featured-image-url":"","thumbnail-image-url":"","astra-page-api-url":"https:\/\/websitedemos.net\/charity-05\/wp-json\/wp\/v2\/pages\/673","dynamic-page":"no","astra-page-url":"\/\/websitedemos.net\/charity-05\/donor-dashboard\/","astra-sites-tag":[],"site-pages-type":"free","site-pages-page-builder":"gutenberg","site-pages-category":[],"site-pages-parent-category":{"61":"free","139":"other"},"required-plugins":"","spectra-ver":[]},"id-23593":{"title":"Home","featured-image-url":"https:\/\/websitedemos.net\/wp-content\/uploads\/2019\/07\/charity-starter-site-brizy.jpg","thumbnail-image-url":"https:\/\/websitedemos.net\/wp-content\/uploads\/2019\/07\/charity-starter-site-brizy.jpg","astra-page-api-url":"https:\/\/websitedemos.net\/charity-05\/wp-json\/wp\/v2\/pages\/198","dynamic-page":"no","astra-page-url":"\/\/websitedemos.net\/charity-05\/","astra-sites-tag":{"423":"home"},"site-pages-type":"free","site-pages-page-builder":"brizy","site-pages-category":[],"site-pages-parent-category":{"61":"free","139":"other"},"required-plugins":[{"slug":"brizy","init":"brizy\/brizy.php","name":"Brizy"}],"spectra-ver":[]},"id-23596":{"title":"Who We Are","featured-image-url":"https:\/\/websitedemos.net\/wp-content\/uploads\/2019\/07\/charity-who-we-are.jpg","thumbnail-image-url":"https:\/\/websitedemos.net\/wp-content\/uploads\/2019\/07\/charity-who-we-are.jpg","astra-page-api-url":"https:\/\/websitedemos.net\/charity-05\/wp-json\/wp\/v2\/pages\/208","dynamic-page":"no","astra-page-url":"\/\/websitedemos.net\/charity-05\/who-we-are\/","astra-sites-tag":{"352":"about","685":"who-we-are"},"site-pages-type":"free","site-pages-page-builder":"brizy","site-pages-category":[],"site-pages-parent-category":{"61":"free","139":"other"},"required-plugins":[{"slug":"brizy","init":"brizy\/brizy.php","name":"Brizy"}],"spectra-ver":[]},"id-23595":{"title":"What We Do","featured-image-url":"https:\/\/websitedemos.net\/wp-content\/uploads\/2019\/07\/charity-what-we-do.jpg","thumbnail-image-url":"https:\/\/websitedemos.net\/wp-content\/uploads\/2019\/07\/charity-what-we-do.jpg","astra-page-api-url":"https:\/\/websitedemos.net\/charity-05\/wp-json\/wp\/v2\/pages\/211","dynamic-page":"no","astra-page-url":"\/\/websitedemos.net\/charity-05\/who-we-do\/","astra-sites-tag":{"628":"what-we-do","451":"work"},"site-pages-type":"free","site-pages-page-builder":"brizy","site-pages-category":[],"site-pages-parent-category":{"61":"free","139":"other"},"required-plugins":[{"slug":"brizy","init":"brizy\/brizy.php","name":"Brizy"}],"spectra-ver":[]},"id-23594":{"title":"Our Partners","featured-image-url":"https:\/\/websitedemos.net\/wp-content\/uploads\/2019\/07\/charity-partners.jpg","thumbnail-image-url":"https:\/\/websitedemos.net\/wp-content\/uploads\/2019\/07\/charity-partners.jpg","astra-page-api-url":"https:\/\/websitedemos.net\/charity-05\/wp-json\/wp\/v2\/pages\/216","dynamic-page":"no","astra-page-url":"\/\/websitedemos.net\/charity-05\/our-partners\/","astra-sites-tag":{"734":"partners","486":"team","810":"workers"},"site-pages-type":"free","site-pages-page-builder":"brizy","site-pages-category":[],"site-pages-parent-category":{"61":"free","139":"other"},"required-plugins":[{"slug":"brizy","init":"brizy\/brizy.php","name":"Brizy"}],"spectra-ver":[]},"id-23592":{"title":"Donate","featured-image-url":"https:\/\/websitedemos.net\/wp-content\/uploads\/2019\/07\/charity-donate.jpg","thumbnail-image-url":"https:\/\/websitedemos.net\/wp-content\/uploads\/2019\/07\/id-23592-charity-donate-resize.jpg","astra-page-api-url":"https:\/\/websitedemos.net\/charity-05\/wp-json\/wp\/v2\/pages\/223","dynamic-page":"yes","astra-page-url":"\/\/websitedemos.net\/charity-05\/donate\/","astra-sites-tag":{"735":"donate"},"site-pages-type":"free","site-pages-page-builder":"brizy","site-pages-category":[],"site-pages-parent-category":{"61":"free","139":"other"},"required-plugins":[{"slug":"brizy","init":"brizy\/brizy.php","name":"Brizy"},{"slug":"give","init":"give\/give.php","name":"Give - Donation Plugin"}],"spectra-ver":[]},"id-23591":{"title":"Contact Us","featured-image-url":"https:\/\/websitedemos.net\/wp-content\/uploads\/2019\/07\/charity-contact.jpg","thumbnail-image-url":"https:\/\/websitedemos.net\/wp-content\/uploads\/2019\/07\/id-23591-charity-contact-us-resize.jpg","astra-page-api-url":"https:\/\/websitedemos.net\/charity-05\/wp-json\/wp\/v2\/pages\/220","dynamic-page":"no","astra-page-url":"\/\/websitedemos.net\/charity-05\/contact-us\/","astra-sites-tag":{"415":"contact"},"site-pages-type":"free","site-pages-page-builder":"brizy","site-pages-category":[],"site-pages-parent-category":{"61":"free","139":"other"},"required-plugins":[{"slug":"brizy","init":"brizy\/brizy.php","name":"Brizy"}],"spectra-ver":[]}},"spectra-ver":[],"query_args":{"post_type":"astra-sites","post_status":["publish"],"fields":"ids","no_found_rows":true,"paged":33,"posts_per_page":15,"tax_query":{"relation":"AND","0":{"relation":"OR","0":{"taxonomy":"spectra-blocks-ver","field":"slug","terms":["v3"],"operator":"IN"},"1":{"taxonomy":"astra-site-page-builder","field":"slug","terms":"gutenberg","operator":"NOT IN"}},"1":{"taxonomy":"astra-sites-type","field":"slug","terms":["siteground"],"operator":"NOT IN"}}},"related-bb-template":"","related-elementor-template":"","related-gutenberg-template":"","related_ecommerce_template":"","ecommerce_parent_template":""},"id-19496":{"title":"Italian Restaurant","id":19496,"publish-date":1538655035,"featured-image-url":"https:\/\/websitedemos.net\/wp-content\/uploads\/2019\/07\/italian-restaurant-02-home-1.jpg","thumbnail-image-url":"https:\/\/websitedemos.net\/wp-content\/uploads\/2019\/07\/italian-restaurant-02-home-1.jpg","fullpage-thumbnail-image-url":"https:\/\/websitedemos.net\/wp-content\/uploads\/2019\/07\/italian-restaurant-02-home-1.jpg","astra-site-url":"\/\/websitedemos.net\/italian-restaurant-02","astra-site-parent-id":127,"astra-sites-tag":{"562":"bistro","972":"club","560":"cuisine","561":"eatery","3416":"elementor","336":"food","350":"hotel","563":"italian-restaurant","559":"outlet","335":"restaurant","970":"restro","971":"restro-bar"},"astra-sites-type":"free","astra-site-category":{"27":"business","39":"free"},"astra-sites-template-category":{"2777":"business","2785":"food","2876":"food-ordering","2776":"restaurant"},"astra-site-page-builder":"elementor","categories":{"3427":"default","3428":"free","2496":"restaurant-food"},"required-plugins":[{"slug":"elementor","init":"elementor\/elementor.php","name":"Elementor"},{"slug":"wpforms-lite","init":"wpforms-lite\/wpforms.php","name":"WPForms Lite"},{"slug":"header-footer-elementor","init":"header-footer-elementor\/header-footer-elementor.php","name":"Ultimate Addons for Elementor Lite"}],"post-status":"publish","post-content":"<!-- wp:paragraph -->\n<p>The Italian Restaurant template uses an instantly engaging design full of bold colors, welcoming fonts and some strong imagery. All the ingredients you expect from a restaurant or food business website!<\/p>\n<!-- \/wp:paragraph -->\n\n<!-- wp:paragraph -->\n<p>The template opens with a strong image and graphic overlay to instantly communicate what it\u2019s about. Pages combine dark and light areas and include space for menus, a portfolio, testimonials and an attractive map. Everything is customizable, so you can rebrand it with ease.<\/p>\n<!-- \/wp:paragraph -->\n\n<!-- wp:heading -->\n<h2>Key features of the Italian Restaurant template<\/h2>\n<!-- \/wp:heading -->\n\n<!-- wp:list -->\n<ul><li>Impactful design with bold colors<\/li><li>Great use of images throughout eat page<\/li><li>Attractive menu section and menu page<\/li><li>Can take bookings with a booking plugin<\/li><li>Full compatibility with leading page builders<\/li><\/ul>\n<!-- \/wp:list -->","post-excerpt":"Impactful food business template that dares to make an impact with color and imagery","pages":{"id-23208":{"title":"Home","featured-image-url":"https:\/\/websitedemos.net\/wp-content\/uploads\/2019\/07\/italian-restaurant-02-home-1.jpg","thumbnail-image-url":"https:\/\/websitedemos.net\/wp-content\/uploads\/2019\/07\/italian-restaurant-02-home-1.jpg","astra-page-api-url":"https:\/\/websitedemos.net\/italian-restaurant-02\/wp-json\/wp\/v2\/pages\/5","dynamic-page":"no","astra-page-url":"\/\/websitedemos.net\/italian-restaurant-02\/","astra-sites-tag":{"423":"home"},"site-pages-type":"free","site-pages-page-builder":"elementor","site-pages-category":[],"site-pages-parent-category":{"60":"business","61":"free"},"required-plugins":[{"slug":"elementor","init":"elementor\/elementor.php","name":"Elementor"},{"slug":"header-footer-elementor","init":"header-footer-elementor\/header-footer-elementor.php","name":"Ultimate Addons for Elementor Lite"}],"spectra-ver":[]},"id-23209":{"title":"Menu","featured-image-url":"https:\/\/websitedemos.net\/wp-content\/uploads\/2019\/07\/italian-restaurant-02-menu-1.jpg","thumbnail-image-url":"https:\/\/websitedemos.net\/wp-content\/uploads\/2019\/07\/italian-restaurant-02-menu-1.jpg","astra-page-api-url":"https:\/\/websitedemos.net\/italian-restaurant-02\/wp-json\/wp\/v2\/pages\/7","dynamic-page":"no","astra-page-url":"\/\/websitedemos.net\/italian-restaurant-02\/menu\/","astra-sites-tag":{"565":"menu"},"site-pages-type":"free","site-pages-page-builder":"elementor","site-pages-category":[],"site-pages-parent-category":{"60":"business","61":"free"},"required-plugins":[{"slug":"elementor","init":"elementor\/elementor.php","name":"Elementor"}],"spectra-ver":[]},"id-23205":{"title":"About Us","featured-image-url":"https:\/\/websitedemos.net\/wp-content\/uploads\/2019\/07\/italian-restaurant-02-about-1.jpg","thumbnail-image-url":"https:\/\/websitedemos.net\/wp-content\/uploads\/2019\/07\/italian-restaurant-02-about-1.jpg","astra-page-api-url":"https:\/\/websitedemos.net\/italian-restaurant-02\/wp-json\/wp\/v2\/pages\/6","dynamic-page":"no","astra-page-url":"\/\/websitedemos.net\/italian-restaurant-02\/about-us\/","astra-sites-tag":{"352":"about"},"site-pages-type":"free","site-pages-page-builder":"elementor","site-pages-category":[],"site-pages-parent-category":{"60":"business","61":"free"},"required-plugins":[{"slug":"elementor","init":"elementor\/elementor.php","name":"Elementor"}],"spectra-ver":[]},"id-23207":{"title":"Contact","featured-image-url":"https:\/\/websitedemos.net\/wp-content\/uploads\/2019\/07\/italian-restaurant-02-contact-1.jpg","thumbnail-image-url":"https:\/\/websitedemos.net\/wp-content\/uploads\/2019\/07\/italian-restaurant-02-contact-1.jpg","astra-page-api-url":"https:\/\/websitedemos.net\/italian-restaurant-02\/wp-json\/wp\/v2\/pages\/8","dynamic-page":"no","astra-page-url":"\/\/websitedemos.net\/italian-restaurant-02\/contact\/","astra-sites-tag":{"415":"contact"},"site-pages-type":"free","site-pages-page-builder":"elementor","site-pages-category":[],"site-pages-parent-category":{"60":"business","61":"free"},"required-plugins":[{"slug":"elementor","init":"elementor\/elementor.php","name":"Elementor"},{"slug":"wpforms-lite","init":"wpforms-lite\/wpforms.php","name":"WPForms Lite"}],"spectra-ver":[]}},"spectra-ver":[],"query_args":{"post_type":"astra-sites","post_status":["publish"],"fields":"ids","no_found_rows":true,"paged":33,"posts_per_page":15,"tax_query":{"relation":"AND","0":{"relation":"OR","0":{"taxonomy":"spectra-blocks-ver","field":"slug","terms":["v3"],"operator":"IN"},"1":{"taxonomy":"astra-site-page-builder","field":"slug","terms":"gutenberg","operator":"NOT IN"}},"1":{"taxonomy":"astra-sites-type","field":"slug","terms":["siteground"],"operator":"NOT IN"}}},"related-bb-template":19574,"related-elementor-template":19496,"related-gutenberg-template":47957,"related_ecommerce_template":"","ecommerce_parent_template":""},"id-19574":{"title":"Italian Restaurant","id":19574,"publish-date":1540190285,"featured-image-url":"https:\/\/websitedemos.net\/wp-content\/uploads\/2019\/07\/italian-starter-site.jpg","thumbnail-image-url":"https:\/\/websitedemos.net\/wp-content\/uploads\/2019\/07\/italian-starter-site.jpg","fullpage-thumbnail-image-url":"https:\/\/websitedemos.net\/wp-content\/uploads\/2019\/07\/italian-starter-site.jpg","astra-site-url":"\/\/websitedemos.net\/italian-restaurant-01","astra-site-parent-id":130,"astra-sites-tag":{"562":"bistro","972":"club","560":"cuisine","561":"eatery","336":"food","350":"hotel","563":"italian-restaurant","559":"outlet","335":"restaurant","970":"restro","971":"restro-bar"},"astra-sites-type":"free","astra-site-category":{"27":"business","39":"free"},"astra-sites-template-category":[],"astra-site-page-builder":"beaver-builder","categories":{"2496":"restaurant-food"},"required-plugins":[{"slug":"beaver-builder-lite-version","init":"beaver-builder-lite-version\/fl-builder.php","name":"Beaver Builder Plugin (Lite Version)"},{"slug":"ultimate-addons-for-beaver-builder-lite","init":"ultimate-addons-for-beaver-builder-lite\/bb-ultimate-addon.php","name":"Ultimate Addons for Beaver Builder - Lite"},{"slug":"wpforms-lite","init":"wpforms-lite\/wpforms.php","name":"WPForms Lite"}],"post-status":"publish","post-content":"","post-excerpt":"","pages":{"id-23239":{"title":"Home","featured-image-url":"https:\/\/websitedemos.net\/wp-content\/uploads\/2019\/07\/italian-starter-site.jpg","thumbnail-image-url":"https:\/\/websitedemos.net\/wp-content\/uploads\/2019\/07\/italian-starter-site.jpg","astra-page-api-url":"https:\/\/websitedemos.net\/italian-restaurant-01\/wp-json\/wp\/v2\/pages\/6","dynamic-page":"no","astra-page-url":"\/\/websitedemos.net\/italian-restaurant-01\/","astra-sites-tag":{"423":"home"},"site-pages-type":"free","site-pages-page-builder":"beaver-builder","site-pages-category":[],"site-pages-parent-category":{"60":"business","61":"free"},"required-plugins":[{"slug":"beaver-builder-lite-version","init":"beaver-builder-lite-version\/fl-builder.php","name":"Beaver Builder Plugin (Lite Version)"},{"slug":"ultimate-addons-for-beaver-builder-lite","init":"ultimate-addons-for-beaver-builder-lite\/bb-ultimate-addon.php","name":"Ultimate Addons for Beaver Builder - Lite"}],"spectra-ver":[]},"id-23240":{"title":"Menu","featured-image-url":"https:\/\/websitedemos.net\/wp-content\/uploads\/2019\/07\/italian-site-menu.jpg","thumbnail-image-url":"https:\/\/websitedemos.net\/wp-content\/uploads\/2019\/07\/italian-site-menu.jpg","astra-page-api-url":"https:\/\/websitedemos.net\/italian-restaurant-01\/wp-json\/wp\/v2\/pages\/8","dynamic-page":"no","astra-page-url":"\/\/websitedemos.net\/italian-restaurant-01\/menu\/","astra-sites-tag":{"565":"menu"},"site-pages-type":"free","site-pages-page-builder":"beaver-builder","site-pages-category":[],"site-pages-parent-category":{"60":"business","61":"free"},"required-plugins":[{"slug":"beaver-builder-lite-version","init":"beaver-builder-lite-version\/fl-builder.php","name":"Beaver Builder Plugin (Lite Version)"},{"slug":"ultimate-addons-for-beaver-builder-lite","init":"ultimate-addons-for-beaver-builder-lite\/bb-ultimate-addon.php","name":"Ultimate Addons for Beaver Builder - Lite"}],"spectra-ver":[]},"id-23236":{"title":"About Us","featured-image-url":"https:\/\/websitedemos.net\/wp-content\/uploads\/2019\/07\/italian-restaurant-02-about-1.jpg","thumbnail-image-url":"https:\/\/websitedemos.net\/wp-content\/uploads\/2019\/07\/italian-restaurant-02-about-1.jpg","astra-page-api-url":"https:\/\/websitedemos.net\/italian-restaurant-01\/wp-json\/wp\/v2\/pages\/7","dynamic-page":"no","astra-page-url":"\/\/websitedemos.net\/italian-restaurant-01\/about-us\/","astra-sites-tag":{"352":"about"},"site-pages-type":"free","site-pages-page-builder":"beaver-builder","site-pages-category":[],"site-pages-parent-category":{"60":"business","61":"free"},"required-plugins":[{"slug":"beaver-builder-lite-version","init":"beaver-builder-lite-version\/fl-builder.php","name":"Beaver Builder Plugin (Lite Version)"},{"slug":"ultimate-addons-for-beaver-builder-lite","init":"ultimate-addons-for-beaver-builder-lite\/bb-ultimate-addon.php","name":"Ultimate Addons for Beaver Builder - Lite"}],"spectra-ver":[]},"id-23238":{"title":"Contact","featured-image-url":"https:\/\/websitedemos.net\/wp-content\/uploads\/2019\/07\/italian-restaurant-02-contact-1.jpg","thumbnail-image-url":"https:\/\/websitedemos.net\/wp-content\/uploads\/2019\/07\/italian-restaurant-02-contact-1.jpg","astra-page-api-url":"https:\/\/websitedemos.net\/italian-restaurant-01\/wp-json\/wp\/v2\/pages\/9","dynamic-page":"no","astra-page-url":"\/\/websitedemos.net\/italian-restaurant-01\/contact\/","astra-sites-tag":{"415":"contact"},"site-pages-type":"free","site-pages-page-builder":"beaver-builder","site-pages-category":[],"site-pages-parent-category":{"60":"business","61":"free"},"required-plugins":[{"slug":"beaver-builder-lite-version","init":"beaver-builder-lite-version\/fl-builder.php","name":"Beaver Builder Plugin (Lite Version)"},{"slug":"ultimate-addons-for-beaver-builder-lite","init":"ultimate-addons-for-beaver-builder-lite\/bb-ultimate-addon.php","name":"Ultimate Addons for Beaver Builder - Lite"},{"slug":"wpforms-lite","init":"wpforms-lite\/wpforms.php","name":"WPForms Lite"}],"spectra-ver":[]}},"spectra-ver":[],"query_args":{"post_type":"astra-sites","post_status":["publish"],"fields":"ids","no_found_rows":true,"paged":33,"posts_per_page":15,"tax_query":{"relation":"AND","0":{"relation":"OR","0":{"taxonomy":"spectra-blocks-ver","field":"slug","terms":["v3"],"operator":"IN"},"1":{"taxonomy":"astra-site-page-builder","field":"slug","terms":"gutenberg","operator":"NOT IN"}},"1":{"taxonomy":"astra-sites-type","field":"slug","terms":["siteground"],"operator":"NOT IN"}}},"related-bb-template":"","related-elementor-template":"","related-gutenberg-template":"","related_ecommerce_template":"","ecommerce_parent_template":""},"id-19557":{"title":"Interior Design Firm","id":19557,"publish-date":1540185981,"featured-image-url":"https:\/\/websitedemos.net\/wp-content\/uploads\/2019\/07\/interior-firm-02-home.jpg","thumbnail-image-url":"https:\/\/websitedemos.net\/wp-content\/uploads\/2019\/07\/interior-firm-02-home.jpg","fullpage-thumbnail-image-url":"https:\/\/websitedemos.net\/wp-content\/uploads\/2019\/07\/interior-firm-02-home.jpg","astra-site-url":"\/\/websitedemos.net\/interior-firm-02","astra-site-parent-id":315,"astra-sites-tag":{"435":"architecture","979":"company","3416":"elementor","436":"interior","434":"interior-design","981":"interior-designer","422":"landscaping","812":"office","437":"zoning"},"astra-sites-type":"free","astra-site-category":{"27":"business","39":"free"},"astra-sites-template-category":{"2795":"architecture","2793":"interior-design","2768":"portfolio","2832":"property"},"astra-site-page-builder":"elementor","categories":{"3427":"default","3428":"free","2484":"real-estate"},"required-plugins":[{"slug":"elementor","init":"elementor\/elementor.php","name":"Elementor"},{"slug":"wpforms-lite","init":"wpforms-lite\/wpforms.php","name":"WPForms Lite"},{"slug":"header-footer-elementor","init":"header-footer-elementor\/header-footer-elementor.php","name":"Ultimate Addons for Elementor (UAE)"},{"slug":"sureforms","init":"sureforms\/sureforms.php","name":"SureForms"}],"post-status":"publish","post-content":"<!-- wp:paragraph -->\n<p>The Interior Design Firm template has an inspiring design that builds confidence right away. The combination of dark and light, modest accent colors and bold imagery sets the scene for any type of design firm.<\/p>\n<!-- \/wp:paragraph -->\n\n<!-- wp:paragraph -->\n<p>The homepage has a strong hero section with modern sans serif fonts and modest navigation. The rest of the template has a light feel with gray or white backgrounds and subtle content boxes that help tell your story and showcase your work. Ideal for any creative business.<\/p>\n<!-- \/wp:paragraph -->\n\n<!-- wp:heading {\"UAGDay\":[]} -->\n<h2 class=\"wp-block-heading\">Key features of the Interior Design Firm template<\/h2>\n<!-- \/wp:heading -->\n\n<!-- wp:list -->\n<ul><!-- wp:list-item -->\n<li>Inspiring design that combines dark and light<\/li>\n<!-- \/wp:list-item -->\n\n<!-- wp:list-item -->\n<li>Crisp modern fonts throughout<\/li>\n<!-- \/wp:list-item -->\n\n<!-- wp:list-item -->\n<li>Subtle colors that help build authority<\/li>\n<!-- \/wp:list-item -->\n\n<!-- wp:list-item -->\n<li>Portfolio and testimonial sections built-in<\/li>\n<!-- \/wp:list-item -->\n\n<!-- wp:list-item -->\n<li>Full compatibility with leading page builders<\/li>\n<!-- \/wp:list-item --><\/ul>\n<!-- \/wp:list -->","post-excerpt":"Upmarket website design ideal for architects, interior designers and design firms","pages":{"id-25294":{"title":"Home","featured-image-url":"https:\/\/websitedemos.net\/wp-content\/uploads\/2019\/07\/interior-firm-02-home.jpg","thumbnail-image-url":"https:\/\/websitedemos.net\/wp-content\/uploads\/2019\/07\/interior-firm-02-home.jpg","astra-page-api-url":"https:\/\/websitedemos.net\/interior-firm-02\/wp-json\/wp\/v2\/pages\/5","dynamic-page":"no","astra-page-url":"\/\/websitedemos.net\/interior-firm-02\/","astra-sites-tag":{"423":"home"},"site-pages-type":"free","site-pages-page-builder":"elementor","site-pages-category":[],"site-pages-parent-category":{"60":"business","61":"free"},"required-plugins":[{"slug":"elementor","init":"elementor\/elementor.php","name":"Elementor"},{"slug":"header-footer-elementor","init":"header-footer-elementor\/header-footer-elementor.php","name":"Ultimate Addons for Elementor (UAE)"}],"spectra-ver":[]},"id-25295":{"title":"Portfolio","featured-image-url":"https:\/\/websitedemos.net\/wp-content\/uploads\/2019\/07\/interior-firm-02-project.jpg","thumbnail-image-url":"https:\/\/websitedemos.net\/wp-content\/uploads\/2019\/07\/interior-firm-02-project.jpg","astra-page-api-url":"https:\/\/websitedemos.net\/interior-firm-02\/wp-json\/wp\/v2\/pages\/6","dynamic-page":"no","astra-page-url":"\/\/websitedemos.net\/interior-firm-02\/portfolio\/","astra-sites-tag":{"444":"portfolio","424":"project"},"site-pages-type":"free","site-pages-page-builder":"elementor","site-pages-category":[],"site-pages-parent-category":{"60":"business","61":"free"},"required-plugins":[{"slug":"elementor","init":"elementor\/elementor.php","name":"Elementor"},{"slug":"header-footer-elementor","init":"header-footer-elementor\/header-footer-elementor.php","name":"Ultimate Addons for Elementor (UAE)"}],"spectra-ver":[]},"id-25291":{"title":"About","featured-image-url":"https:\/\/websitedemos.net\/wp-content\/uploads\/2019\/07\/interior-firm-02-about.jpg","thumbnail-image-url":"https:\/\/websitedemos.net\/wp-content\/uploads\/2019\/07\/interior-firm-02-about.jpg","astra-page-api-url":"https:\/\/websitedemos.net\/interior-firm-02\/wp-json\/wp\/v2\/pages\/8","dynamic-page":"no","astra-page-url":"\/\/websitedemos.net\/interior-firm-02\/about\/","astra-sites-tag":{"352":"about"},"site-pages-type":"free","site-pages-page-builder":"elementor","site-pages-category":[],"site-pages-parent-category":{"60":"business","61":"free"},"required-plugins":[{"slug":"elementor","init":"elementor\/elementor.php","name":"Elementor"},{"slug":"header-footer-elementor","init":"header-footer-elementor\/header-footer-elementor.php","name":"Ultimate Addons for Elementor (UAE)"}],"spectra-ver":[]},"id-25296":{"title":"Testimonials","featured-image-url":"https:\/\/websitedemos.net\/wp-content\/uploads\/2019\/07\/interior-firm-02-testimonial.jpg","thumbnail-image-url":"https:\/\/websitedemos.net\/wp-content\/uploads\/2019\/07\/interior-firm-02-testimonial.jpg","astra-page-api-url":"https:\/\/websitedemos.net\/interior-firm-02\/wp-json\/wp\/v2\/pages\/16","dynamic-page":"no","astra-page-url":"\/\/websitedemos.net\/interior-firm-02\/testimonials\/","astra-sites-tag":{"433":"testimonials"},"site-pages-type":"free","site-pages-page-builder":"elementor","site-pages-category":[],"site-pages-parent-category":{"60":"business","61":"free"},"required-plugins":[{"slug":"elementor","init":"elementor\/elementor.php","name":"Elementor"}],"spectra-ver":[]},"id-25293":{"title":"Contact","featured-image-url":"https:\/\/websitedemos.net\/wp-content\/uploads\/2019\/07\/interior-firm-02-contact.jpg","thumbnail-image-url":"https:\/\/websitedemos.net\/wp-content\/uploads\/2019\/07\/interior-firm-02-contact.jpg","astra-page-api-url":"https:\/\/websitedemos.net\/interior-firm-02\/wp-json\/wp\/v2\/pages\/15","dynamic-page":"no","astra-page-url":"\/\/websitedemos.net\/interior-firm-02\/contact\/","astra-sites-tag":{"415":"contact"},"site-pages-type":"free","site-pages-page-builder":"elementor","site-pages-category":[],"site-pages-parent-category":{"60":"business","61":"free"},"required-plugins":[{"slug":"elementor","init":"elementor\/elementor.php","name":"Elementor"},{"slug":"sureforms","init":"sureforms\/sureforms.php","name":"SureForms"}],"spectra-ver":[]}},"spectra-ver":[],"query_args":{"post_type":"astra-sites","post_status":["publish"],"fields":"ids","no_found_rows":true,"paged":33,"posts_per_page":15,"tax_query":{"relation":"AND","0":{"relation":"OR","0":{"taxonomy":"spectra-blocks-ver","field":"slug","terms":["v3"],"operator":"IN"},"1":{"taxonomy":"astra-site-page-builder","field":"slug","terms":"gutenberg","operator":"NOT IN"}},"1":{"taxonomy":"astra-sites-type","field":"slug","terms":["siteground"],"operator":"NOT IN"}}},"related-bb-template":19598,"related-elementor-template":19557,"related-gutenberg-template":64831,"related_ecommerce_template":"","ecommerce_parent_template":""}}